TEAM_ID,TEAM_NAME,GP,W,L,W_PCT,MIN,OPP_FGM,OPP_FGA,OPP_FG_PCT,OPP_FG3M,OPP_FG3A,OPP_FG3_PCT,OPP_FTM,OPP_FTA,OPP_FT_PCT,OPP_OREB,OPP_DREB,OPP_REB,OPP_AST,OPP_TOV,OPP_STL,OPP_BLK,OPP_BLKA,OPP_PF,OPP_PFD,OPP_PTS,PLUS_MINUS,GP_RANK,W_RANK,L_RANK,W_PCT_RANK,MIN_RANK,OPP_FGM_RANK,OPP_FGA_RANK,OPP_FG_PCT_RANK,OPP_FG3M_RANK,OPP_FG3A_RANK,OPP_FG3_PCT_RANK,OPP_FTM_RANK,OPP_FTA_RANK,OPP_FT_PCT_RANK,OPP_OREB_RANK,OPP_DREB_RANK,OPP_REB_RANK,OPP_AST_RANK,OPP_TOV_RANK,OPP_STL_RANK,OPP_BLK_RANK,OPP_BLKA_RANK,OPP_PF_RANK,OPP_PFD_RANK,OPP_PTS_RANK,PLUS_MINUS_RANK,SEASON
1610612737,Atlanta Hawks,10,4,6,0.4,48.0,35.3,80.0,0.441,6.8,20.3,0.335,14.5,20.1,0.721,12.9,25.8,38.7,19.0,10.9,7.4,3.5,4.3,22.1,20.0,91.9,2.9,6,7,12,8,6,10,12,8,10,11,6,2,2,5,12,2,4,5,16,9,2,10,6,15,5,9,1996-97
1610612766,Charlotte Hornets,3,0,3,0.0,48.0,42.0,73.7,0.57,8.7,19.0,0.456,11.7,17.3,0.673,8.0,27.7,35.7,26.7,14.7,7.0,3.3,3.0,22.0,21.0,104.3,8.7,13,13,1,13,6,16,5,16,12,8,16,1,1,1,1,5,1,15,5,6,1,15,5,13,13,13,1996-97
1610612741,Chicago Bulls,19,15,4,0.789,48.0,30.0,70.9,0.423,6.6,18.5,0.356,20.4,27.6,0.74,10.8,27.8,38.7,16.4,16.2,5.6,4.2,4.8,23.5,24.3,87.0,-5.5,2,1,9,1,6,1,4,2,8,7,9,8,9,6,5,7,3,1,2,2,5,7,10,6,2,1,1996-97
1610612765,Detroit Pistons,5,2,3,0.4,48.0,31.4,69.2,0.454,5.8,22.0,0.264,19.0,23.4,0.812,10.2,31.6,41.8,16.6,16.0,4.4,4.6,2.4,18.8,20.2,87.6,2.0,9,9,1,8,6,4,1,10,7,12,1,4,4,14,2,12,10,2,3,1,9,16,1,14,3,8,1996-97
1610612745,Houston Rockets,16,9,7,0.563,48.3,36.5,81.5,0.448,5.8,16.0,0.359,20.8,25.6,0.812,13.3,27.1,40.3,22.4,12.4,8.8,4.2,4.4,23.6,21.9,99.5,-1.8,4,3,14,4,4,11,14,9,6,5,10,9,7,13,13,3,9,11,15,14,6,8,11,12,10,4,1996-97
1610612746,Los Angeles Clippers,3,0,3,0.0,48.0,36.7,70.3,0.521,4.3,11.7,0.371,27.3,35.3,0.774,11.0,32.7,43.7,23.0,13.7,8.3,5.3,4.3,25.7,29.0,105.0,12.7,13,13,1,13,6,12,3,15,2,1,11,15,15,12,6,15,13,12,11,12,13,9,14,1,14,16,1996-97
1610612747,Los Angeles Lakers,9,4,5,0.444,48.6,32.1,73.7,0.436,4.7,15.7,0.298,25.2,32.8,0.769,12.1,27.7,39.8,21.3,14.7,6.0,5.3,6.1,27.7,26.8,94.1,-1.1,8,7,11,7,3,5,5,6,3,4,3,14,14,10,9,5,8,8,5,3,13,2,16,3,8,6,1996-97
1610612748,Miami Heat,17,8,9,0.471,48.0,30.9,75.2,0.41,4.7,15.6,0.301,19.2,24.9,0.773,12.2,29.8,41.9,17.1,14.2,8.9,4.4,5.1,22.5,22.6,85.7,-0.2,3,4,16,6,6,2,9,1,4,3,4,5,6,11,10,11,11,4,8,15,8,5,8,10,1,7,1996-97
1610612750,Minnesota Timberwolves,3,0,3,0.0,48.0,38.3,77.0,0.498,11.7,27.0,0.432,22.7,30.0,0.756,11.0,33.3,44.3,29.0,14.3,6.3,4.0,4.0,20.0,23.3,111.0,11.3,13,13,1,13,6,13,10,14,16,15,15,12,13,8,6,16,14,16,7,4,3,13,2,9,15,14,1996-97
1610612752,New York Knicks,10,6,4,0.6,48.0,31.3,74.0,0.423,7.6,20.2,0.376,19.3,27.4,0.704,10.7,28.5,39.2,16.8,15.5,7.7,4.9,3.5,21.8,23.4,89.5,-1.7,6,5,9,3,6,3,7,3,11,10,13,6,8,3,4,9,5,3,4,11,11,14,4,8,4,5,1996-97
1610612753,Orlando Magic,5,2,3,0.4,48.0,33.4,77.2,0.433,9.6,25.6,0.375,15.6,22.2,0.703,13.4,32.4,45.8,22.2,13.8,6.4,5.6,5.2,20.4,19.0,92.0,7.8,9,9,1,8,6,8,11,4,14,13,12,3,3,2,14,13,15,10,10,5,15,3,3,16,6,12,1996-97
1610612756,Phoenix Suns,5,2,3,0.4,49.0,39.4,86.8,0.454,10.8,26.4,0.409,23.2,28.4,0.817,14.0,32.6,46.6,25.4,14.0,10.0,4.8,5.2,24.4,22.0,112.8,12.6,9,9,1,8,1,15,16,11,15,14,14,13,12,15,15,14,16,14,9,16,10,3,12,11,16,15,1996-97
1610612757,Portland Trail Blazers,4,1,3,0.25,48.0,32.8,69.5,0.471,3.5,12.3,0.286,27.8,38.5,0.721,11.3,28.0,39.3,22.0,12.8,7.0,5.3,4.3,23.5,28.8,96.8,7.0,12,12,1,12,6,7,2,13,1,2,2,16,16,4,8,8,6,9,14,6,12,11,9,2,9,11,1996-97
1610612760,Seattle SuperSonics,12,6,6,0.5,48.8,35.1,81.1,0.433,9.4,27.1,0.348,21.0,27.7,0.759,12.8,29.6,42.3,23.0,16.5,8.7,4.1,4.1,22.3,23.5,100.6,-4.5,5,5,12,5,2,9,13,5,13,16,8,10,10,9,11,10,12,12,1,13,4,12,7,7,11,2,1996-97
1610612762,Utah Jazz,20,13,7,0.65,48.3,32.6,74.4,0.438,6.6,19.3,0.343,21.0,28.0,0.75,10.6,27.5,38.0,19.3,12.9,7.0,5.7,4.9,25.3,24.8,92.8,-3.3,1,2,14,2,5,6,8,7,9,9,7,10,11,7,3,4,2,6,13,6,16,6,13,5,7,3,1996-97
1610612764,Washington Bullets,3,0,3,0.0,48.0,38.3,83.0,0.462,5.0,16.3,0.306,19.3,23.7,0.817,15.7,24.0,39.7,20.0,13.0,7.7,4.3,6.3,27.0,25.7,101.0,6.0,13,13,1,13,6,13,15,12,5,6,5,7,5,15,16,1,7,7,12,10,7,1,15,4,12,10,1996-97
1610612737,Atlanta Hawks,4,1,3,0.25,48.0,34.5,71.0,0.486,3.5,8.8,0.4,13.5,22.3,0.607,8.0,27.3,35.3,22.3,13.5,7.0,2.8,4.8,21.3,23.5,86.0,-1.5,12,12,1,12,7,10,3,14,2,1,13,1,1,1,1,7,2,10,12,4,2,7,3,11,1,5,1997-98
1610612766,Charlotte Hornets,9,4,5,0.444,48.0,33.6,75.1,0.447,5.0,14.9,0.336,16.7,22.8,0.732,12.0,29.2,41.2,19.9,12.2,8.0,4.4,2.8,21.0,21.6,88.8,6.0,7,5,9,5,7,7,11,6,9,10,5,3,5,10,11,12,13,6,14,10,9,15,2,16,6,12,1997-98
1610612741,Chicago Bulls,21,15,6,0.714,48.5,32.5,72.1,0.451,3.7,11.7,0.313,17.4,23.2,0.75,10.3,26.8,37.1,19.3,15.2,6.0,3.1,4.5,25.3,22.8,86.1,-7.0,1,1,11,1,5,5,5,7,3,5,4,4,6,12,7,4,3,5,2,1,3,8,12,13,2,1,1997-98
1610612739,Cleveland Cavaliers,4,1,3,0.25,48.0,32.8,69.0,0.475,5.5,14.8,0.373,17.8,22.8,0.78,8.5,23.0,31.5,22.5,14.8,9.0,7.8,3.0,27.8,23.8,88.8,8.0,12,12,1,12,7,6,1,12,10,9,10,6,4,15,2,1,1,11,3,16,15,14,15,10,5,16,1997-98
1610612745,Houston Rockets,5,2,3,0.4,48.0,33.6,73.6,0.457,3.4,9.0,0.378,20.8,30.0,0.693,9.6,34.2,43.8,21.2,13.6,7.8,5.8,5.0,23.8,23.8,91.4,6.8,9,9,1,7,7,8,8,8,1,2,12,8,12,5,4,16,15,9,11,9,12,4,8,9,10,13,1997-98
1610612754,Indiana Pacers,16,10,6,0.625,48.3,32.0,72.8,0.44,4.0,11.4,0.352,21.5,29.6,0.726,12.6,26.8,39.4,19.1,15.5,8.7,3.6,4.9,26.3,24.8,89.5,-2.3,3,3,11,3,6,4,6,5,4,3,6,11,10,9,14,5,7,4,1,14,4,5,13,7,7,3,1997-98
1610612747,Los Angeles Lakers,13,7,6,0.538,48.0,36.0,77.4,0.465,5.6,13.6,0.412,21.4,27.8,0.768,12.4,27.0,39.4,23.5,14.2,7.0,5.8,7.8,28.2,24.6,99.0,-1.2,4,4,11,4,7,12,14,10,12,8,15,10,8,13,13,6,8,13,7,4,11,1,16,8,13,6,1997-98
1610612748,Miami Heat,5,2,3,0.4,48.0,31.0,71.6,0.433,4.6,12.2,0.377,23.0,29.2,0.788,11.2,30.6,41.8,19.0,14.6,8.4,1.4,3.8,26.4,25.4,89.6,2.2,9,9,1,7,7,2,4,3,8,6,11,15,9,16,9,14,14,3,4,11,1,11,14,5,8,7,1997-98
1610612750,Minnesota Timberwolves,5,2,3,0.4,48.0,36.0,76.6,0.47,6.4,21.2,0.302,17.6,22.6,0.779,11.4,29.6,41.0,23.0,13.8,8.4,3.8,3.6,22.4,22.6,96.0,5.8,9,9,1,7,7,12,12,11,15,16,3,5,3,14,10,13,11,12,10,11,5,12,6,14,11,11,1997-98
1610612751,New Jersey Nets,3,0,3,0.0,49.7,37.7,78.7,0.479,5.7,13.0,0.436,21.7,31.7,0.684,15.0,24.7,39.7,24.0,14.3,8.7,4.3,3.3,22.7,26.0,102.7,7.7,16,16,1,16,1,16,15,13,13,7,16,13,14,4,16,2,9,15,6,13,7,13,7,3,15,15,1997-98
1610612752,New York Knicks,10,4,6,0.4,48.5,31.0,70.9,0.437,6.2,17.4,0.356,22.6,30.7,0.736,8.7,28.6,37.3,17.3,14.0,7.5,4.1,2.0,21.9,26.8,90.8,2.2,5,5,11,7,3,2,2,4,14,14,8,14,13,11,3,11,4,2,8,6,6,16,4,2,9,7,1997-98
1610612756,Phoenix Suns,4,1,3,0.25,48.0,36.8,74.5,0.493,5.5,15.5,0.355,21.5,33.0,0.652,10.3,34.0,44.3,20.0,14.5,6.3,7.3,4.0,19.8,25.0,100.5,7.5,12,12,1,12,7,15,9,15,10,13,7,11,15,2,6,15,16,7,5,2,14,10,1,6,14,14,1997-98
1610612757,Portland Trail Blazers,4,1,3,0.25,48.0,36.5,73.0,0.5,4.5,15.0,0.3,26.5,40.5,0.654,9.8,27.8,37.5,23.8,11.8,8.8,8.5,5.3,24.3,29.8,104.0,4.3,12,12,1,12,7,14,7,16,7,11,2,16,16,3,5,8,5,14,15,15,16,3,10,1,16,10,1997-98
1610612759,San Antonio Spurs,9,4,5,0.444,48.6,34.2,80.1,0.427,4.1,11.4,0.359,16.0,22.4,0.713,10.9,27.9,38.8,20.8,10.8,7.7,4.3,7.0,25.2,22.1,88.6,-3.2,7,5,9,5,2,9,16,2,6,4,9,2,2,7,8,9,6,8,16,8,7,2,11,15,4,2,1997-98
1610612760,Seattle SuperSonics,10,4,6,0.4,48.0,35.9,77.2,0.465,7.8,19.1,0.408,18.0,24.9,0.723,14.5,26.6,41.1,24.5,14.0,6.9,6.2,4.3,22.1,23.5,97.6,2.4,5,5,11,7,7,11,13,9,16,15,14,7,7,8,15,3,12,16,8,3,13,9,5,11,12,9,1997-98
1610612762,Utah Jazz,20,13,7,0.65,48.5,30.9,74.6,0.414,4.1,15.5,0.265,21.1,29.7,0.71,12.3,28.3,40.5,16.9,13.2,7.6,5.5,4.9,24.0,26.0,86.9,-2.1,2,2,16,2,3,1,10,1,5,12,1,9,11,6,12,10,10,1,13,7,10,6,9,3,3,4,1997-98
1610612737,Atlanta Hawks,9,3,6,0.333,48.0,32.6,74.0,0.44,3.1,10.2,0.304,14.2,18.6,0.766,10.7,28.3,39.0,17.9,13.2,6.8,2.9,4.0,23.6,19.4,82.4,2.8,6,6,13,11,5,9,9,11,5,4,7,2,1,14,5,6,5,7,12,2,1,12,7,16,3,8,1998-99
1610612765,Detroit Pistons,5,2,3,0.4,48.0,31.2,70.2,0.444,5.6,14.8,0.378,14.2,19.4,0.732,10.0,26.2,36.2,16.2,14.6,7.4,4.6,1.8,17.2,22.6,82.2,3.0,9,9,2,6,5,6,2,14,12,11,13,1,2,4,3,1,1,2,8,7,8,16,1,13,2,10,1998-99
1610612745,Houston Rockets,4,1,3,0.25,48.0,37.8,80.5,0.469,6.3,16.5,0.379,17.5,27.5,0.636,11.0,29.8,40.8,23.3,13.0,5.0,8.5,4.5,21.8,26.0,99.3,2.3,12,12,2,12,5,16,14,15,14,13,14,5,10,1,7,12,10,13,14,1,16,8,3,4,14,7,1998-99
1610612754,Indiana Pacers,13,9,4,0.692,48.4,33.5,77.3,0.433,3.1,10.8,0.284,20.0,26.8,0.745,11.8,26.6,38.5,17.0,13.2,8.2,4.5,5.2,27.3,25.9,90.0,-3.6,3,3,10,2,4,10,11,7,4,6,3,8,7,9,11,2,3,6,13,10,7,4,16,5,10,2,1998-99
1610612747,Los Angeles Lakers,8,3,5,0.375,48.0,33.5,75.8,0.442,5.9,15.6,0.376,24.0,31.6,0.759,11.1,32.4,43.5,21.5,15.1,7.4,4.1,6.4,26.9,25.3,96.9,2.9,7,6,11,9,5,11,10,12,13,12,12,14,15,12,8,15,13,11,6,6,5,1,14,8,13,9,1998-99
1610612748,Miami Heat,5,2,3,0.4,48.0,31.2,71.2,0.438,4.6,14.0,0.329,16.0,21.0,0.762,11.2,29.2,40.4,12.8,12.6,7.8,3.0,4.4,23.8,20.6,83.0,4.0,9,9,2,6,5,6,3,8,9,9,10,3,3,13,9,10,9,1,16,9,2,9,8,15,4,11,1998-99
1610612749,Milwaukee Bucks,3,0,3,0.0,49.7,35.0,79.7,0.439,11.0,28.3,0.388,24.7,30.0,0.822,14.3,29.7,44.0,25.0,16.7,9.3,5.0,5.0,27.0,30.0,105.7,10.3,15,15,2,15,2,13,13,9,16,16,15,15,13,16,15,11,14,16,3,14,11,6,15,1,16,15,1998-99
1610612750,Minnesota Timberwolves,4,1,3,0.25,48.0,32.0,72.8,0.44,2.8,9.8,0.282,20.0,27.3,0.734,10.8,30.0,40.8,20.3,13.0,8.8,5.8,6.0,17.8,24.0,86.8,6.3,12,12,2,12,5,8,6,10,2,2,2,8,9,5,6,13,10,8,14,11,14,2,2,9,7,13,1998-99
1610612752,New York Knicks,20,12,8,0.6,48.0,29.0,71.4,0.406,4.5,14.6,0.309,20.6,27.8,0.741,9.8,29.2,38.9,16.8,14.9,6.9,4.6,3.9,23.0,25.5,83.0,-2.0,1,2,16,3,5,1,4,3,8,10,8,11,11,7,2,9,4,5,7,3,8,13,6,7,4,3,1998-99
1610612753,Orlando Magic,4,1,3,0.25,48.0,34.8,80.5,0.432,3.3,11.0,0.295,19.8,27.0,0.731,18.0,28.5,46.5,21.0,16.3,12.0,6.8,3.8,26.8,23.5,92.5,6.3,12,12,2,12,5,12,14,6,6,7,5,7,8,3,16,7,16,10,5,16,15,14,12,12,11,13,1998-99
1610612755,Philadelphia 76ers,8,3,5,0.375,48.0,30.0,73.9,0.406,6.6,20.5,0.323,22.1,29.6,0.747,14.0,28.1,42.1,20.5,16.9,7.5,4.9,5.1,22.9,25.5,88.8,-0.5,7,6,11,9,5,3,7,4,15,15,9,12,12,10,14,4,12,9,2,8,10,5,5,6,9,5,1998-99
1610612756,Phoenix Suns,3,0,3,0.0,48.0,35.0,66.3,0.528,4.0,10.0,0.4,28.7,38.0,0.754,7.7,32.7,40.3,23.7,18.3,9.0,5.7,2.3,22.3,29.0,102.7,10.3,15,15,2,15,5,13,1,16,7,3,16,16,16,11,1,16,8,14,1,12,13,15,4,2,15,15,1998-99
1610612757,Portland Trail Blazers,13,7,6,0.538,48.0,31.2,72.5,0.43,4.8,13.7,0.348,19.5,26.6,0.734,10.2,28.2,38.4,21.5,14.0,7.3,5.5,4.2,26.8,23.9,86.6,0.5,3,4,13,4,5,5,5,5,10,8,11,6,6,6,4,5,2,12,11,4,12,11,13,10,6,6,1998-99
1610612758,Sacramento Kings,5,2,3,0.4,50.0,36.2,81.6,0.444,2.6,8.6,0.302,20.4,25.0,0.816,13.2,31.0,44.2,23.8,16.6,9.8,4.0,4.4,24.8,23.8,95.4,4.8,9,9,2,6,1,15,16,13,1,1,6,10,5,15,13,14,15,15,4,15,3,9,9,11,12,12,1998-99
1610612759,San Antonio Spurs,17,15,2,0.882,48.0,30.9,77.6,0.399,2.8,10.8,0.257,16.5,22.8,0.726,11.9,27.6,39.6,16.6,14.1,7.4,4.3,5.8,24.9,21.8,81.2,-7.2,2,1,1,1,5,4,12,1,3,5,1,4,4,2,12,3,6,4,10,5,6,3,10,14,1,1,1998-99
1610612762,Utah Jazz,11,5,6,0.455,48.9,29.6,73.9,0.401,5.0,17.0,0.294,23.1,31.0,0.745,11.4,28.8,40.2,16.5,14.5,9.1,4.1,4.7,24.9,27.1,87.4,-1.8,5,5,13,5,3,2,8,2,11,14,4,13,14,8,10,8,7,3,9,13,4,7,11,3,8,4,1998-99
1610612766,Charlotte Hornets,4,1,3,0.25,49.3,34.3,80.0,0.428,6.0,15.0,0.4,19.5,25.3,0.772,13.0,27.5,40.5,21.3,12.8,7.0,6.0,5.8,24.3,22.0,94.0,2.8,12,12,1,12,1,11,12,6,12,10,13,10,8,11,12,2,6,11,10,9,11,4,12,13,10,11,1999-00
1610612765,Detroit Pistons,3,0,3,0.0,48.0,34.3,71.7,0.479,4.7,11.3,0.412,16.7,24.3,0.685,8.3,33.0,41.3,21.3,17.0,9.3,7.3,1.7,29.7,24.7,90.0,10.3,15,15,1,15,7,12,3,16,6,1,14,3,5,3,3,14,10,12,1,16,15,16,16,8,7,16,1999-00
1610612754,Indiana Pacers,23,13,10,0.565,48.2,36.7,80.7,0.454,4.3,12.3,0.346,17.8,25.8,0.689,11.3,30.0,41.3,19.7,11.6,6.2,4.4,4.7,23.9,23.4,95.4,-2.7,1,2,16,4,5,15,13,13,5,4,8,5,9,5,10,9,9,8,15,4,7,8,10,10,13,2,1999-00
1610612747,Los Angeles Lakers,23,15,8,0.652,48.2,34.2,78.4,0.436,6.4,17.3,0.369,22.7,29.0,0.783,10.7,30.0,40.7,19.0,12.6,6.8,3.7,6.1,26.6,25.3,97.4,-2.3,1,1,15,1,6,10,11,8,16,14,10,15,14,14,6,8,7,6,12,8,3,3,14,4,15,4,1999-00
1610612748,Miami Heat,10,6,4,0.6,48.5,28.8,71.3,0.404,3.9,11.4,0.342,19.2,25.1,0.765,7.8,30.3,38.1,13.9,12.8,6.7,3.3,5.1,23.3,26.0,80.7,-2.5,5,5,9,3,2,1,2,3,3,3,7,9,7,10,2,10,4,2,9,7,1,7,7,2,1,3,1999-00
1610612749,Milwaukee Bucks,5,2,3,0.4,48.0,34.0,81.6,0.417,4.8,16.2,0.296,21.4,27.4,0.781,13.2,28.6,41.8,18.4,11.6,4.2,3.4,5.6,21.8,25.0,94.2,-1.8,9,9,1,8,7,9,14,5,7,13,2,13,13,13,13,4,11,4,14,1,2,5,3,6,11,5,1999-00
1610612750,Minnesota Timberwolves,4,1,3,0.25,48.0,31.3,71.8,0.436,5.8,15.5,0.371,19.0,22.8,0.835,8.8,26.5,35.3,19.5,12.8,5.3,3.8,4.0,21.0,23.8,87.3,2.0,12,12,1,12,7,4,4,7,10,12,11,8,3,16,4,1,1,7,10,2,4,12,1,9,4,10,1999-00
1610612752,New York Knicks,16,9,7,0.563,48.3,30.4,75.4,0.404,5.8,17.4,0.331,18.9,24.8,0.763,11.1,31.6,42.6,18.7,12.4,6.3,4.3,4.1,23.0,22.9,85.5,1.1,3,4,14,5,4,3,6,2,10,15,5,7,6,9,8,12,13,5,13,5,6,11,5,11,3,6,1999-00
1610612755,Philadelphia 76ers,10,5,5,0.5,48.5,34.7,77.3,0.449,6.3,18.0,0.35,19.8,24.0,0.825,11.0,29.8,40.8,23.1,13.3,7.4,6.1,4.5,23.9,22.6,95.5,1.3,5,6,10,6,2,13,9,11,15,16,9,11,4,15,7,7,8,15,7,10,12,9,9,12,14,9,1999-00
1610612756,Phoenix Suns,9,4,5,0.444,48.0,31.9,77.3,0.412,3.7,12.3,0.297,23.6,34.3,0.686,14.0,31.9,45.9,17.2,14.1,8.2,6.9,6.2,21.7,27.4,91.0,3.7,8,7,10,7,16,5,10,4,1,5,3,16,16,4,14,13,14,3,6,13,14,2,2,1,8,12,1999-00
1610612757,Portland Trail Blazers,16,10,6,0.625,48.0,32.4,72.9,0.445,4.8,14.4,0.335,18.1,26.7,0.677,9.5,27.9,37.4,22.6,13.1,5.6,5.4,3.8,26.6,25.2,87.8,-4.8,3,3,12,2,15,6,5,10,8,8,6,6,10,2,5,3,3,14,8,3,9,13,15,5,6,1,1999-00
1610612758,Sacramento Kings,5,2,3,0.4,48.0,41.6,89.2,0.466,3.8,12.6,0.302,17.4,27.2,0.64,18.0,33.0,51.0,21.8,11.2,6.6,6.4,3.6,23.4,22.0,104.4,8.0,9,9,1,8,7,16,16,14,2,6,4,4,11,1,16,14,16,13,16,6,13,14,8,13,16,15,1999-00
1610612759,San Antonio Spurs,4,1,3,0.25,48.0,33.3,83.8,0.397,4.0,14.8,0.271,12.5,18.0,0.694,14.0,34.0,48.0,20.8,15.3,9.3,9.8,7.5,25.3,20.8,83.0,1.3,12,12,1,12,7,7,15,1,4,9,1,1,1,6,14,16,15,10,4,15,16,1,13,16,2,8,1999-00
1610612760,Seattle SuperSonics,5,2,3,0.4,48.0,36.0,76.8,0.469,6.0,13.0,0.462,16.4,21.0,0.781,11.2,30.8,42.0,25.2,15.8,8.2,5.8,3.4,22.2,21.8,94.4,1.2,9,9,1,8,7,14,8,15,12,7,15,2,2,12,9,11,12,16,3,12,10,15,4,15,12,7,1999-00
1610612761,Toronto Raptors,3,0,3,0.0,48.0,30.3,67.0,0.453,5.3,11.3,0.471,21.7,29.0,0.747,7.7,29.3,37.0,12.0,16.0,8.0,5.0,4.3,24.0,26.0,87.7,4.0,15,15,1,15,7,2,1,12,9,1,16,14,14,8,1,6,2,1,2,11,8,10,11,2,5,13,1999-00
1610612762,Utah Jazz,10,4,6,0.4,48.0,33.6,75.8,0.443,6.0,15.1,0.397,20.0,27.3,0.733,11.6,28.7,40.3,20.3,14.2,8.4,3.8,5.4,23.2,25.0,93.2,4.9,5,7,12,8,7,8,7,9,12,11,12,12,12,7,11,5,5,9,5,14,5,6,6,6,9,14,1999-00
1610612766,Charlotte Hornets,10,6,4,0.6,48.0,33.3,77.7,0.429,6.4,17.4,0.368,16.4,21.4,0.766,10.6,30.3,40.9,21.8,15.0,5.7,6.9,4.6,24.9,20.9,89.4,-6.3,6,5,10,2,5,4,6,9,14,14,8,2,2,9,3,7,5,13,2,3,16,14,16,14,2,2,2000-01
1610612742,Dallas Mavericks,10,4,6,0.4,48.0,35.4,77.5,0.457,5.3,13.6,0.39,19.8,27.4,0.723,12.5,33.0,45.5,23.4,13.5,5.7,5.3,5.5,24.0,23.4,95.9,3.7,6,7,12,7,5,13,5,15,9,5,12,7,8,3,9,12,10,15,9,3,9,8,15,10,11,9,2000-01
1610612754,Indiana Pacers,4,1,3,0.25,48.0,34.0,80.3,0.424,3.3,11.0,0.295,22.3,28.3,0.788,14.5,32.8,47.3,21.0,11.0,7.5,5.8,4.5,21.5,23.5,93.5,6.3,11,11,2,11,5,6,9,7,1,1,4,12,10,13,12,11,13,12,16,8,13,15,5,8,8,12,2000-01
1610612747,Los Angeles Lakers,16,15,1,0.938,48.3,33.2,81.3,0.408,4.0,14.8,0.271,20.3,26.4,0.766,11.8,29.0,40.8,16.6,14.0,7.5,5.8,5.8,23.7,22.7,90.6,-12.8,3,1,1,1,2,3,10,2,3,11,3,9,7,8,5,3,4,2,4,8,13,5,13,11,3,1,2000-01
1610612748,Miami Heat,3,0,3,0.0,48.0,34.3,74.3,0.462,5.0,11.7,0.429,27.0,34.0,0.794,12.0,31.7,43.7,18.3,14.0,12.3,4.0,5.0,20.7,25.3,100.7,22.3,15,15,2,15,5,8,3,16,6,4,16,15,15,14,7,8,8,5,4,16,2,11,2,3,14,16,2000-01
1610612749,Milwaukee Bucks,18,10,8,0.556,48.3,34.6,82.9,0.417,5.0,13.8,0.363,20.1,27.6,0.728,14.5,29.4,43.9,20.7,11.5,7.7,4.8,6.8,20.8,23.8,94.3,-1.4,2,3,15,3,3,10,11,5,6,6,7,8,9,5,12,6,9,10,15,11,4,1,3,7,10,3,2000-01
1610612750,Minnesota Timberwolves,4,1,3,0.25,48.0,31.8,74.0,0.429,6.0,14.5,0.414,19.0,26.3,0.724,10.0,33.0,43.0,19.0,14.0,5.3,4.5,5.8,20.5,24.3,88.5,6.5,11,11,2,11,5,2,1,10,13,10,15,5,6,4,2,12,7,6,4,2,3,5,1,4,1,13,2000-01
1610612752,New York Knicks,5,2,3,0.4,48.0,34.6,79.8,0.434,4.6,11.4,0.404,18.4,25.2,0.73,12.2,27.0,39.2,19.6,14.0,8.2,5.2,3.8,22.0,24.2,92.2,3.2,9,9,2,7,5,9,8,11,5,2,14,4,5,6,8,1,2,7,4,12,6,16,7,6,6,8,2000-01
1610612753,Orlando Magic,4,1,3,0.25,49.3,36.8,87.5,0.42,5.8,16.5,0.348,29.3,37.5,0.78,17.5,35.8,53.3,20.8,12.0,6.8,5.3,6.3,22.8,26.5,108.5,5.8,11,11,2,11,1,15,16,6,12,12,5,16,16,11,16,16,16,11,12,6,7,2,10,2,16,11,2000-01
1610612755,Philadelphia 76ers,23,12,11,0.522,48.2,34.8,78.8,0.442,6.9,17.3,0.399,15.9,20.6,0.77,11.9,29.1,41.0,22.3,13.5,6.5,6.8,4.9,22.7,20.7,92.4,0.1,1,2,16,5,4,11,7,12,15,13,13,1,1,10,6,5,6,14,10,5,15,12,9,16,7,6,2000-01
1610612756,Phoenix Suns,4,1,3,0.25,48.0,34.3,85.3,0.402,5.5,14.3,0.386,24.0,30.0,0.8,16.0,35.3,51.3,17.8,17.5,7.5,5.3,5.8,21.3,23.5,98.0,9.5,11,11,2,11,5,7,14,1,11,8,11,13,13,15,15,15,15,3,1,8,7,5,4,8,13,14,2000-01
1610612757,Portland Trail Blazers,3,0,3,0.0,48.0,39.0,85.7,0.455,5.3,20.0,0.267,20.3,28.7,0.709,14.7,34.0,48.7,25.3,11.7,10.0,2.0,4.7,22.3,21.3,103.7,14.7,15,15,2,15,5,16,15,14,10,15,1,10,12,2,14,14,14,16,14,15,1,13,8,13,15,15,2000-01
1610612758,Sacramento Kings,8,3,5,0.375,48.0,36.0,84.6,0.425,3.9,14.4,0.27,21.6,30.9,0.7,14.0,32.1,46.1,20.5,14.6,9.8,5.6,5.3,23.9,24.3,97.5,-0.1,8,8,11,10,5,14,13,8,2,9,2,11,14,1,11,10,12,9,3,14,12,9,14,4,12,5,2000-01
1610612759,San Antonio Spurs,13,7,6,0.538,48.0,34.8,84.6,0.412,5.2,13.9,0.37,17.1,22.5,0.758,13.6,32.0,45.6,20.3,11.8,8.2,5.5,6.0,23.1,20.7,91.9,0.4,4,4,12,4,5,12,12,3,8,7,10,3,3,7,10,9,11,8,13,13,11,4,12,15,5,7,2000-01
1610612761,Toronto Raptors,12,6,6,0.5,48.0,33.8,75.2,0.45,4.1,11.4,0.358,19.5,24.9,0.783,10.8,28.7,39.4,18.2,13.8,7.4,4.8,6.1,21.9,21.4,91.3,-0.9,5,5,12,6,5,5,4,13,4,3,6,6,4,12,4,2,3,4,8,7,5,3,6,12,4,4,2000-01
1610612762,Utah Jazz,5,2,3,0.4,48.0,30.8,74.0,0.416,7.6,20.6,0.369,24.6,28.6,0.86,9.8,29.0,38.8,15.0,13.0,3.8,5.4,5.2,22.8,26.8,93.8,4.2,9,9,2,7,5,1,1,4,16,16,9,14,11,16,1,3,1,1,11,1,10,10,11,1,9,10,2000-01
1610612738,Boston Celtics,16,9,7,0.563,48.0,31.6,76.8,0.411,5.9,18.9,0.311,19.4,26.9,0.723,10.8,31.7,42.5,20.5,14.8,7.5,4.9,4.8,21.3,22.9,88.4,-2.8,3,4,15,3,8,3,6,2,11,13,7,7,9,4,7,10,10,12,6,7,5,9,3,13,4,3,2001-02
1610612766,Charlotte Hornets,9,4,5,0.444,49.1,34.3,80.2,0.428,4.1,14.8,0.278,23.3,31.0,0.753,11.4,29.6,41.0,21.3,13.3,6.4,5.2,7.3,25.8,27.4,96.1,0.0,7,5,11,6,3,7,10,8,2,5,2,11,13,9,10,2,3,15,11,3,9,1,15,1,9,7,2001-02
1610612742,Dallas Mavericks,8,4,4,0.5,48.6,39.4,85.4,0.461,5.4,15.6,0.344,24.6,32.4,0.761,14.9,34.1,49.0,20.8,14.8,6.8,4.1,4.6,24.1,25.8,108.8,-0.3,8,5,9,5,4,16,15,14,8,8,9,14,14,10,15,15,15,14,6,4,1,11,10,5,15,5,2001-02
1610612765,Detroit Pistons,10,4,6,0.4,48.0,31.8,76.3,0.417,4.4,14.5,0.303,15.4,19.7,0.782,10.9,32.4,43.3,18.4,15.6,8.2,4.4,5.6,21.7,21.0,83.4,0.4,5,5,12,7,8,4,5,3,4,4,5,3,2,13,8,11,12,6,2,11,3,5,4,14,1,9,2001-02
1610612754,Indiana Pacers,5,2,3,0.4,50.0,35.6,83.0,0.429,3.2,12.0,0.267,17.0,23.6,0.72,10.8,30.6,41.4,18.2,14.8,8.2,6.4,4.0,22.4,25.0,91.4,-0.2,9,9,1,7,2,12,13,9,1,2,1,4,4,3,5,6,5,4,5,11,15,12,5,7,6,6,2001-02
1610612747,Los Angeles Lakers,19,15,4,0.789,48.3,35.2,82.5,0.426,4.7,15.1,0.31,19.1,26.7,0.714,12.3,29.9,42.2,20.1,13.0,7.7,4.4,5.8,24.5,23.6,94.1,-3.8,2,1,9,1,7,10,12,6,5,7,6,5,7,2,12,4,9,10,13,8,2,4,11,10,7,1,2001-02
1610612750,Minnesota Timberwolves,3,0,3,0.0,48.0,39.3,85.3,0.461,10.3,23.0,0.449,23.7,27.0,0.877,8.3,33.0,41.3,19.3,10.7,7.0,5.3,2.7,27.0,27.0,112.7,10.7,15,15,1,15,8,15,14,13,15,15,15,12,10,16,1,14,4,7,15,6,10,16,16,2,16,16,2001-02
1610612751,New Jersey Nets,20,11,9,0.55,48.5,34.0,78.1,0.435,5.9,17.1,0.343,21.7,29.9,0.724,11.6,32.5,44.1,20.4,15.5,8.7,6.3,5.5,24.9,24.5,95.4,0.1,1,2,16,4,6,6,8,11,10,9,8,10,11,5,11,12,13,11,3,15,13,6,12,8,8,8,2001-02
1610612753,Orlando Magic,4,1,3,0.25,50.5,34.5,82.3,0.419,4.3,9.8,0.436,25.5,33.5,0.761,15.8,34.3,50.0,20.0,14.3,8.3,6.0,3.8,25.8,25.8,98.8,5.0,13,13,1,13,1,8,11,5,3,1,14,16,16,11,16,16,16,8,9,13,12,14,14,5,13,12,2001-02
1610612755,Philadelphia 76ers,5,2,3,0.4,48.0,36.0,77.2,0.466,11.6,25.0,0.464,14.2,17.2,0.826,8.8,29.6,38.4,21.6,13.6,8.6,4.6,4.0,23.2,18.6,97.8,8.8,9,9,1,7,8,13,7,16,16,16,16,2,1,15,2,3,2,16,10,14,4,12,6,16,12,14,2001-02
1610612757,Portland Trail Blazers,3,0,3,0.0,48.0,32.7,74.3,0.439,7.0,19.7,0.356,24.3,33.0,0.737,9.3,32.7,42.0,20.0,13.3,9.3,6.3,3.0,24.0,27.0,96.7,5.3,15,15,1,15,8,5,3,12,13,14,10,13,15,6,3,13,6,8,11,16,14,15,8,2,11,13,2001-02
1610612758,Sacramento Kings,16,10,6,0.625,48.6,37.0,86.6,0.427,5.6,18.7,0.301,19.2,25.9,0.742,14.3,31.1,45.3,20.6,14.6,6.9,5.4,4.7,25.5,23.8,98.8,-2.3,3,3,12,2,4,14,16,7,9,11,4,6,5,7,14,8,14,13,8,5,11,10,13,9,14,4,2001-02
1610612759,San Antonio Spurs,10,4,6,0.4,48.0,34.6,79.6,0.435,5.0,13.8,0.362,13.9,20.4,0.681,11.4,30.7,42.1,17.0,11.4,4.8,5.0,6.5,23.6,20.4,88.1,-3.0,5,5,12,7,8,9,9,10,6,3,11,1,3,1,9,7,7,2,14,1,6,3,7,15,3,2,2001-02
1610612760,Seattle SuperSonics,5,2,3,0.4,48.0,35.2,76.0,0.463,6.0,14.8,0.405,20.0,26.8,0.746,10.8,31.4,42.2,17.6,9.8,5.8,7.8,4.8,19.4,23.4,96.4,10.2,9,9,1,7,8,11,4,15,12,6,13,8,8,8,5,9,8,3,16,2,16,8,1,11,10,15,2001-02
1610612761,Toronto Raptors,5,2,3,0.4,48.0,29.8,71.2,0.419,7.0,18.8,0.372,20.0,26.0,0.769,10.4,26.2,36.6,18.2,15.0,8.0,5.2,5.2,21.2,23.4,86.6,2.8,9,9,1,7,8,2,1,4,13,12,12,8,6,12,4,1,1,4,4,10,8,7,2,11,2,11,2001-02
1610612762,Utah Jazz,4,1,3,0.25,48.0,29.5,73.8,0.4,5.3,17.8,0.296,24.8,30.0,0.825,12.5,30.0,42.5,15.0,17.3,7.8,5.0,7.0,24.0,26.0,89.0,1.0,13,13,1,13,8,1,2,1,7,10,3,15,12,14,13,5,10,1,1,9,6,2,8,4,5,10,2001-02
1610612738,Boston Celtics,10,4,6,0.4,49.5,32.4,78.8,0.411,5.9,16.7,0.353,24.5,31.8,0.77,11.8,33.5,45.3,22.1,15.1,7.9,4.3,4.3,23.5,25.9,95.2,0.6,8,8,10,10,1,4,8,3,8,7,9,15,14,10,7,15,13,12,4,13,7,10,4,4,8,8,2002-03
1610612742,Dallas Mavericks,20,10,10,0.5,48.5,37.3,82.2,0.454,6.6,19.0,0.348,23.5,31.2,0.753,13.0,33.4,46.4,23.1,13.7,6.9,4.5,5.2,22.1,24.3,104.7,0.6,2,3,16,4,10,12,14,11,11,11,6,13,12,6,11,14,15,14,11,5,8,7,2,8,14,8,2002-03
1610612765,Detroit Pistons,17,8,9,0.471,48.6,32.9,76.0,0.433,3.9,12.0,0.328,19.2,24.9,0.773,11.8,31.4,43.2,17.6,15.1,6.5,3.8,5.9,27.2,23.5,89.1,-0.9,4,4,15,7,9,6,4,8,1,1,3,5,5,12,6,11,10,2,5,4,3,2,16,13,1,5,2002-03
1610612754,Indiana Pacers,6,2,4,0.333,48.8,33.8,78.5,0.431,9.5,24.8,0.383,19.7,24.5,0.803,8.8,31.7,40.5,20.2,12.5,7.7,4.0,5.8,25.3,23.5,96.8,5.7,11,11,1,11,2,9,7,7,16,16,13,7,3,14,1,12,6,7,14,9,5,3,13,12,9,13,2002-03
1610612747,Los Angeles Lakers,12,6,6,0.5,48.4,37.3,79.9,0.467,5.3,13.2,0.399,20.1,26.3,0.763,9.7,31.9,41.6,21.0,13.8,7.3,3.8,5.3,23.5,24.0,100.0,-0.3,5,6,10,4,11,13,11,15,4,3,14,8,7,7,3,13,7,9,10,6,4,6,4,10,10,7,2002-03
1610612749,Milwaukee Bucks,6,2,4,0.333,48.8,36.5,79.0,0.462,5.0,14.3,0.349,24.2,31.3,0.771,14.3,31.3,45.7,24.3,16.0,5.2,3.2,3.8,26.5,27.3,102.2,4.3,11,11,1,11,2,10,9,14,3,5,7,14,13,11,15,10,14,15,2,1,2,13,15,3,12,11,2002-03
1610612750,Minnesota Timberwolves,6,2,4,0.333,48.8,40.0,88.5,0.452,8.2,22.2,0.368,18.7,27.0,0.691,13.7,30.3,44.0,26.0,12.0,8.5,5.7,3.5,24.0,24.2,106.8,6.3,11,11,1,11,2,16,16,10,15,15,11,3,9,1,14,8,11,16,15,15,12,14,7,9,16,14,2002-03
1610612751,New Jersey Nets,20,14,6,0.7,48.8,32.7,76.5,0.427,5.6,16.1,0.348,19.3,26.2,0.737,9.6,30.3,39.8,19.2,15.3,7.9,6.4,4.3,24.0,25.1,90.3,-3.4,2,2,10,1,8,5,5,6,6,6,5,6,6,3,2,7,5,5,3,12,15,11,7,6,3,2,2002-03
1610612740,New Orleans Hornets,6,2,4,0.333,48.0,33.5,75.7,0.443,4.3,12.3,0.351,23.2,28.3,0.818,12.3,26.8,39.2,19.7,14.3,7.8,2.3,5.0,22.8,25.5,94.5,1.7,11,11,1,11,13,8,2,9,2,2,8,11,11,15,9,4,4,6,7,10,1,8,3,5,6,10,2002-03
1610612753,Orlando Magic,7,3,4,0.429,48.0,32.0,75.7,0.423,6.0,19.1,0.313,24.9,33.6,0.74,12.6,30.0,42.6,18.6,13.6,8.4,5.4,4.0,24.0,29.9,94.9,7.3,9,9,1,8,13,3,3,4,9,12,2,16,16,4,10,5,9,3,13,14,10,12,7,1,7,15,2002-03
1610612755,Philadelphia 76ers,12,6,6,0.5,48.8,31.8,75.2,0.424,7.4,20.2,0.368,20.2,26.9,0.749,11.4,26.6,38.0,18.8,13.9,7.8,5.4,2.5,24.8,23.9,91.3,-0.8,5,6,10,4,2,2,1,5,13,14,10,9,8,5,5,3,2,4,9,10,9,16,12,11,5,6,2002-03
1610612756,Phoenix Suns,6,2,4,0.333,48.8,31.0,76.8,0.403,5.3,17.7,0.302,23.2,33.2,0.698,14.3,34.7,49.0,22.3,18.5,7.5,6.8,5.8,21.0,29.2,90.5,5.3,11,11,1,11,2,1,6,1,5,9,1,11,15,2,15,16,16,13,1,8,16,3,1,2,4,12,2002-03
1610612757,Portland Trail Blazers,7,3,4,0.429,48.0,36.9,80.7,0.457,8.1,20.0,0.407,18.4,21.7,0.849,11.1,26.3,37.4,20.3,11.3,6.3,4.3,3.0,23.7,22.6,100.3,-1.0,9,9,1,8,13,11,12,13,14,13,15,2,1,16,4,2,1,8,16,3,6,15,6,15,11,4,2002-03
1610612758,Sacramento Kings,12,7,5,0.583,48.8,39.8,87.5,0.455,7.0,18.4,0.38,18.9,24.6,0.769,13.1,30.9,44.0,21.9,14.3,6.2,5.6,4.8,24.3,23.0,105.6,-2.3,5,5,9,3,2,15,15,12,12,10,12,4,4,9,12,9,11,11,8,2,11,9,11,14,15,3,2002-03
1610612759,San Antonio Spurs,24,16,8,0.667,48.2,33.0,81.6,0.404,5.8,17.5,0.331,17.6,22.6,0.777,12.1,30.2,42.3,16.7,14.9,7.3,5.7,6.9,25.7,21.4,89.3,-5.5,1,1,14,2,12,7,13,2,7,8,4,1,2,13,8,6,8,1,6,7,13,1,14,16,2,1,2002-03
1610612762,Utah Jazz,5,1,4,0.2,48.0,38.0,79.4,0.479,6.0,14.2,0.423,21.6,28.2,0.766,13.4,25.6,39.0,21.2,13.6,8.8,5.8,5.6,24.2,24.8,103.6,10.6,16,16,1,16,13,14,10,16,9,4,16,10,10,8,13,1,3,10,12,16,14,5,10,7,13,16,2002-03
1610612738,Boston Celtics,4,0,4,0.0,48.0,38.8,84.5,0.459,7.3,18.5,0.392,16.5,22.8,0.725,12.3,30.8,43.0,23.0,12.8,12.8,6.0,5.0,22.8,20.3,101.3,16.8,14,14,1,14,7,16,15,12,15,16,14,1,1,9,12,8,11,13,14,16,11,6,11,16,16,16,2003-04
1610612742,Dallas Mavericks,5,1,4,0.2,48.0,37.2,84.2,0.442,6.6,18.0,0.367,17.2,24.2,0.711,12.6,35.2,47.8,22.2,16.4,10.0,4.6,6.6,21.8,21.6,98.2,-1.4,10,10,1,10,7,15,14,10,14,15,13,5,4,5,14,16,15,11,2,14,5,2,6,13,14,5,2003-04
1610612743,Denver Nuggets,5,1,4,0.2,48.0,34.6,75.2,0.46,6.4,13.0,0.492,19.0,26.2,0.725,9.2,31.0,40.2,20.0,16.4,6.8,6.0,2.8,21.6,24.2,94.6,4.0,10,10,1,10,7,10,7,14,13,3,16,12,12,8,2,10,2,9,2,4,11,16,3,6,10,11,2003-04
1610612765,Detroit Pistons,23,16,7,0.696,48.9,29.5,75.2,0.392,4.7,17.0,0.277,17.0,23.7,0.721,10.9,29.7,40.6,18.6,15.6,8.0,5.1,7.1,26.0,22.5,80.7,-6.4,1,1,13,1,3,2,6,2,7,13,3,3,3,7,6,3,4,5,7,7,8,1,15,11,1,1,2003-04
1610612745,Houston Rockets,5,1,4,0.2,49.0,33.8,78.8,0.429,4.6,13.4,0.343,17.8,28.0,0.636,10.0,30.4,40.4,24.4,10.4,10.0,4.0,3.6,21.6,22.8,90.0,5.4,10,10,1,10,2,8,10,8,6,4,12,6,15,1,4,5,3,16,16,14,3,15,3,9,8,12,2003-04
1610612754,Indiana Pacers,16,10,6,0.625,48.0,28.9,72.8,0.397,3.7,12.0,0.307,19.6,25.3,0.775,10.8,31.6,42.4,16.9,15.6,6.5,6.3,6.3,22.9,23.5,81.1,-4.4,4,3,12,3,7,1,4,3,1,1,5,15,9,16,5,12,9,2,8,2,14,3,12,7,2,2,2003-04
1610612747,Los Angeles Lakers,22,13,9,0.591,48.5,32.0,75.9,0.422,5.1,16.5,0.311,18.0,25.0,0.72,11.5,31.5,43.0,17.9,14.5,6.6,3.4,4.2,24.0,22.9,87.2,-0.9,2,2,16,5,4,7,9,7,8,10,6,8,6,6,9,11,12,4,12,3,1,9,14,8,7,6,2003-04
1610612763,Memphis Grizzlies,4,0,4,0.0,48.0,36.5,72.0,0.507,7.8,16.3,0.477,16.8,25.3,0.663,11.5,30.5,42.0,21.8,16.3,7.5,6.3,5.0,20.3,25.0,97.5,14.0,14,14,1,14,7,13,2,16,16,9,15,2,8,2,8,6,7,10,4,5,13,6,1,3,13,15,2003-04
1610612748,Miami Heat,13,6,7,0.462,48.0,29.6,73.2,0.405,5.9,17.6,0.336,18.8,25.4,0.739,11.4,30.5,41.9,18.8,15.8,6.3,5.0,4.1,21.8,24.4,83.9,-0.2,5,7,13,8,7,3,5,5,12,14,9,11,10,12,7,7,6,6,6,1,6,12,7,4,4,7,2003-04
1610612749,Milwaukee Bucks,5,1,4,0.2,48.0,36.8,80.0,0.46,5.4,16.8,0.321,19.2,25.2,0.762,13.0,32.2,45.2,24.0,14.0,9.6,8.0,4.2,20.6,22.4,98.2,12.6,10,10,1,10,7,14,12,13,10,12,7,13,7,14,15,13,14,15,13,13,16,10,2,12,14,13,2003-04
1610612750,Minnesota Timberwolves,18,10,8,0.556,48.3,34.8,81.0,0.429,5.4,15.8,0.342,17.1,24.8,0.687,11.8,30.3,42.1,23.2,12.6,7.5,3.4,5.2,21.7,24.3,92.0,0.1,3,3,15,7,6,11,13,9,9,8,10,4,5,4,10,4,8,14,15,5,2,5,5,5,9,9,2003-04
1610612751,New Jersey Nets,11,7,4,0.636,49.4,31.0,79.2,0.392,4.4,14.7,0.296,19.4,26.5,0.732,12.5,29.5,41.9,19.4,16.0,8.8,5.8,5.4,26.5,26.0,85.7,-2.5,7,5,1,2,1,5,11,1,5,5,4,14,13,10,13,2,5,7,5,11,10,4,16,2,5,4,2003-04
1610612740,New Orleans Hornets,7,3,4,0.429,48.0,30.4,75.3,0.404,4.0,15.7,0.255,18.7,25.4,0.736,12.0,30.9,42.9,16.3,15.1,8.1,4.0,4.6,23.4,20.9,83.6,3.0,9,9,1,9,7,4,8,4,2,6,1,10,11,11,11,9,10,1,9,9,3,8,13,15,3,10,2003-04
1610612752,New York Knicks,4,0,4,0.0,48.0,34.3,72.0,0.476,4.3,15.8,0.27,24.0,32.3,0.744,9.3,34.3,43.5,22.3,19.0,9.5,5.0,4.0,22.5,28.0,96.8,12.8,14,14,1,14,7,9,2,15,4,7,2,16,16,13,3,15,13,12,1,12,6,13,8,1,12,14,2003-04
1610612758,Sacramento Kings,12,7,5,0.583,48.4,35.8,86.3,0.414,5.7,16.6,0.342,17.9,23.3,0.771,14.7,33.2,47.8,19.8,14.9,8.2,6.3,3.7,22.7,21.1,95.1,-0.1,6,5,11,6,5,12,16,6,11,11,11,7,2,15,16,14,16,8,10,10,15,14,9,14,11,8,2003-04
1610612759,San Antonio Spurs,10,6,4,0.6,48.0,32.0,70.7,0.453,4.1,12.7,0.323,18.1,27.1,0.668,8.8,29.3,38.1,17.9,14.9,8.0,5.2,4.2,22.7,22.8,86.2,-3.1,8,7,1,4,7,6,1,11,3,2,8,9,14,3,1,1,1,3,11,8,9,10,10,9,6,3,2003-04
1610612738,Boston Celtics,7,3,4,0.429,48.7,28.0,70.9,0.395,6.9,17.9,0.384,25.4,32.0,0.795,10.4,29.0,39.4,18.9,15.7,9.0,6.6,6.4,21.7,25.4,88.3,0.6,9,9,1,8,4,1,1,1,9,8,11,14,11,13,3,5,4,5,4,16,13,1,3,6,3,5,2004-05
1610612741,Chicago Bulls,6,2,4,0.333,48.0,36.3,82.5,0.44,5.2,17.7,0.292,26.5,36.0,0.736,12.8,33.0,45.8,19.2,14.2,8.0,6.5,5.0,26.3,29.2,104.3,1.8,11,11,1,11,11,10,15,5,3,7,1,15,15,6,13,14,16,7,8,15,12,11,15,2,11,8,2004-05
1610612742,Dallas Mavericks,13,6,7,0.462,48.4,39.0,82.1,0.475,8.2,19.5,0.419,20.6,26.6,0.775,12.4,29.8,42.2,19.2,14.0,7.1,5.9,5.1,23.7,22.7,106.8,1.6,5,5,13,6,8,14,13,14,13,14,13,7,6,12,11,9,8,8,9,10,10,10,9,11,13,6,2004-05
1610612743,Denver Nuggets,5,1,4,0.2,49.0,34.4,77.8,0.442,7.0,18.4,0.38,24.6,32.6,0.755,10.6,34.0,44.6,19.8,14.2,5.0,7.0,5.8,24.8,27.0,100.4,10.2,12,12,1,12,2,6,7,6,10,11,10,13,14,9,5,15,14,11,7,2,15,6,11,3,9,14,2004-05
1610612765,Detroit Pistons,25,15,10,0.6,48.4,32.0,73.9,0.433,5.4,16.5,0.324,16.2,22.8,0.708,10.1,29.2,39.2,17.2,14.3,6.0,5.5,6.1,21.7,21.0,85.6,-4.7,1,2,16,3,7,2,2,4,4,3,5,1,1,3,2,6,2,3,6,5,8,3,4,15,1,1,2004-05
1610612745,Houston Rockets,7,3,4,0.429,48.0,34.3,76.4,0.449,7.6,17.4,0.434,24.1,30.1,0.801,13.4,27.9,41.3,17.1,13.3,7.0,4.9,5.9,22.9,24.7,100.3,2.7,9,9,1,8,11,5,5,8,12,5,14,12,10,14,15,3,6,2,11,9,4,5,7,8,8,10,2004-05
1610612754,Indiana Pacers,13,6,7,0.462,48.4,32.4,74.9,0.432,4.5,14.6,0.311,17.6,23.4,0.753,11.5,30.4,41.9,18.3,14.4,7.8,6.6,5.9,22.7,22.0,86.9,2.9,5,5,13,6,8,3,3,3,2,2,3,4,4,8,7,10,7,4,5,14,14,4,6,12,2,11,2004-05
1610612763,Memphis Grizzlies,4,0,4,0.0,48.0,39.8,79.0,0.503,10.5,23.0,0.457,23.8,32.0,0.742,10.5,32.5,43.0,23.8,11.0,4.8,7.8,4.5,17.5,24.5,113.8,11.0,15,15,1,15,11,15,10,15,16,16,15,10,11,7,4,13,10,16,16,1,16,13,1,10,16,15,2004-05
1610612748,Miami Heat,15,11,4,0.733,48.7,34.0,82.3,0.413,5.9,17.6,0.333,19.9,27.9,0.713,12.3,28.4,40.7,19.3,11.9,7.3,3.4,5.7,25.4,24.5,93.7,-4.3,3,3,1,1,5,4,14,2,6,6,6,5,7,4,9,4,5,9,15,11,1,9,13,9,5,3,2004-05
1610612751,New Jersey Nets,4,0,4,0.0,50.5,38.8,75.3,0.515,8.3,17.0,0.485,23.8,36.3,0.655,8.8,36.0,44.8,21.5,15.8,6.0,3.5,1.3,26.3,30.8,109.5,12.8,15,15,1,15,1,13,4,16,14,4,16,10,16,1,1,16,15,14,3,5,2,16,14,1,15,16,2004-05
1610612755,Philadelphia 76ers,5,1,4,0.2,49.0,36.2,77.0,0.47,6.4,18.0,0.356,20.0,24.6,0.813,11.0,32.0,43.0,22.6,16.4,6.6,6.4,4.0,19.6,21.8,98.8,8.0,12,12,1,12,2,9,6,13,7,9,8,6,5,15,6,12,10,15,1,8,11,14,2,14,6,13,2004-05
1610612756,Phoenix Suns,15,9,6,0.6,48.3,41.8,89.4,0.468,7.2,19.4,0.371,17.0,23.2,0.733,14.3,29.3,43.6,19.5,12.3,7.3,4.9,6.3,21.7,20.1,107.8,-4.2,3,4,11,3,10,16,16,12,11,13,9,2,3,5,16,7,12,10,14,12,5,2,5,16,14,4,2004-05
1610612758,Sacramento Kings,5,1,4,0.2,48.0,36.8,78.8,0.467,6.4,19.0,0.337,26.6,32.0,0.831,13.0,29.8,42.8,20.0,13.8,5.8,4.8,4.0,23.0,25.8,106.6,4.4,12,12,1,12,11,12,8,11,7,12,7,16,11,16,14,8,9,12,10,4,3,14,8,5,12,12,2004-05
1610612759,San Antonio Spurs,23,16,7,0.696,48.4,35.8,79.9,0.449,3.5,11.7,0.3,17.4,22.9,0.76,11.9,27.3,39.3,16.4,12.3,7.3,5.9,5.8,24.0,21.9,92.6,-4.3,2,1,13,2,6,7,11,7,1,1,2,3,2,10,8,2,3,1,13,13,9,8,10,13,4,2,2004-05
1610612760,Seattle SuperSonics,11,6,5,0.545,48.0,36.0,78.8,0.457,5.7,18.1,0.317,22.5,29.5,0.763,12.3,25.3,37.5,19.0,13.2,5.5,5.1,4.5,24.9,26.1,100.3,1.7,7,5,10,5,11,8,9,10,5,10,4,9,8,11,10,1,1,6,12,3,6,12,12,4,7,7,2004-05
1610612764,Washington Wizards,10,4,6,0.4,48.0,36.6,81.0,0.452,8.6,22.1,0.389,21.1,30.0,0.703,12.5,31.7,44.2,21.4,16.1,6.3,5.4,5.8,28.0,25.4,102.9,2.5,8,8,11,10,11,11,12,9,15,15,12,8,9,2,12,11,13,13,2,7,7,6,16,7,10,9,2004-05
1610612741,Chicago Bulls,6,2,4,0.333,48.0,36.5,78.7,0.464,7.8,23.2,0.338,20.5,29.5,0.695,11.2,32.0,43.2,19.3,15.8,6.8,5.3,3.8,26.2,25.8,101.3,3.0,10,10,1,10,11,11,12,10,13,16,5,6,12,1,11,14,14,10,2,14,13,11,12,5,10,9,2005-06
1610612739,Cleveland Cavaliers,13,7,6,0.538,48.8,32.8,75.2,0.437,6.5,17.8,0.362,21.4,29.8,0.718,11.5,28.2,39.7,17.3,12.8,6.7,5.4,4.2,21.0,24.6,93.5,3.2,5,5,10,5,9,1,8,3,10,9,12,9,13,3,12,4,10,4,10,11,14,8,2,8,4,10,2005-06
1610612742,Dallas Mavericks,23,14,9,0.609,48.9,34.8,74.0,0.47,5.3,15.4,0.345,20.7,29.1,0.712,8.7,29.5,38.3,16.1,14.3,6.1,4.8,4.3,24.4,25.5,95.7,-4.1,1,2,15,2,6,8,4,12,7,6,7,7,11,2,5,9,3,2,5,6,12,7,9,6,7,1,2005-06
1610612743,Denver Nuggets,5,1,4,0.2,48.0,34.2,74.0,0.462,4.6,12.8,0.359,22.0,27.4,0.803,8.4,34.0,42.4,22.4,17.4,5.6,5.8,4.2,27.0,23.2,95.0,7.6,14,14,1,14,11,6,3,8,2,1,11,11,7,13,3,16,12,13,1,1,16,9,15,12,5,13,2005-06
1610612765,Detroit Pistons,18,10,8,0.556,48.0,33.8,72.9,0.464,4.4,13.5,0.325,16.4,22.8,0.722,10.3,29.3,39.7,17.3,14.3,5.8,4.3,4.1,23.8,20.4,88.5,-3.2,4,3,14,4,11,5,2,9,1,3,3,1,2,5,7,8,9,5,6,2,8,10,7,16,1,4,2005-06
1610612754,Indiana Pacers,6,2,4,0.333,48.0,33.7,75.2,0.448,4.7,16.2,0.289,21.0,26.3,0.797,10.5,27.7,38.2,23.3,11.8,7.2,3.2,4.5,25.2,24.8,93.0,3.7,10,10,1,10,11,4,6,4,4,8,1,8,5,12,8,2,2,14,13,15,2,5,10,7,3,11,2005-06
1610612746,Los Angeles Clippers,12,7,5,0.583,48.8,37.8,86.8,0.435,7.7,22.6,0.339,18.8,24.3,0.773,11.0,27.5,38.5,24.3,11.1,6.6,4.2,5.9,22.4,23.9,101.9,-3.8,7,5,9,3,7,13,16,2,12,15,6,2,3,9,9,1,5,16,15,10,5,1,5,10,12,3,2005-06
1610612747,Los Angeles Lakers,7,3,4,0.429,49.4,39.1,80.3,0.488,8.9,22.0,0.403,20.1,22.6,0.892,5.7,30.0,35.7,22.3,11.7,6.0,3.4,3.1,21.4,22.9,107.3,6.7,9,9,1,9,2,15,13,15,15,14,14,4,1,16,1,10,1,12,14,4,3,13,3,13,16,12,2005-06
1610612763,Memphis Grizzlies,4,0,4,0.0,49.3,34.8,76.8,0.453,5.3,14.8,0.356,23.5,27.5,0.855,13.8,29.3,43.0,18.3,12.8,6.8,4.5,3.8,28.0,27.5,98.3,14.0,16,16,1,16,3,7,9,5,6,5,10,14,8,15,16,7,13,9,11,13,11,12,16,1,8,16,2005-06
1610612748,Miami Heat,23,16,7,0.696,48.2,33.0,76.8,0.429,6.2,19.2,0.324,20.3,27.2,0.748,10.0,29.1,39.1,17.5,14.3,6.5,2.9,4.6,25.7,24.0,92.5,-3.8,1,1,13,1,10,3,10,1,9,11,2,5,6,7,6,5,7,7,7,9,1,4,11,9,2,2,2005-06
1610612749,Milwaukee Bucks,5,1,4,0.2,48.0,36.4,75.2,0.484,9.0,21.0,0.429,25.4,34.0,0.747,11.0,29.2,40.2,24.2,10.6,6.2,4.4,2.4,20.0,26.8,107.2,9.6,14,14,1,14,11,10,7,14,16,13,15,16,16,6,9,6,11,15,16,7,10,16,1,2,15,15,2005-06
1610612751,New Jersey Nets,11,5,6,0.455,48.0,32.9,70.6,0.466,7.2,19.7,0.364,22.1,30.6,0.721,8.3,30.2,38.5,17.5,14.8,6.7,3.7,2.5,24.0,26.6,95.1,0.9,8,8,10,8,11,2,1,11,11,12,13,12,15,4,2,12,4,8,4,12,4,14,8,3,6,8,2005-06
1610612756,Phoenix Suns,20,10,10,0.5,49.0,40.3,84.8,0.475,5.4,16.1,0.336,20.1,25.3,0.794,12.6,32.7,45.3,17.4,13.6,6.0,4.3,4.4,21.7,21.9,106.0,-1.2,3,3,16,7,5,16,15,13,8,7,4,3,4,11,14,15,16,6,8,3,7,6,4,15,13,6,2005-06
1610612758,Sacramento Kings,6,2,4,0.333,48.8,38.3,74.8,0.512,8.0,18.5,0.432,22.2,28.2,0.787,8.7,30.2,38.8,22.0,13.3,6.0,5.7,2.5,22.8,26.0,106.8,9.5,10,10,1,10,7,14,5,16,14,10,16,13,9,10,4,11,6,11,9,4,15,15,6,4,14,14,2005-06
1610612759,San Antonio Spurs,13,7,6,0.538,49.2,35.8,78.5,0.456,4.6,13.4,0.345,24.5,30.5,0.806,11.8,27.8,39.6,14.2,12.5,6.5,4.2,5.5,26.6,23.7,100.8,-2.2,5,5,10,5,4,9,11,6,3,2,8,15,14,14,13,3,8,1,12,8,6,2,13,11,9,5,2005-06
1610612764,Washington Wizards,6,2,4,0.333,49.7,37.3,81.5,0.458,5.0,14.3,0.349,21.8,28.7,0.762,12.8,31.5,44.3,17.2,15.5,7.7,4.3,5.5,26.8,22.7,101.5,-0.2,10,10,1,10,1,12,14,7,5,4,9,10,10,8,15,13,15,3,3,16,9,3,14,14,11,7,2005-06
1610612741,Chicago Bulls,10,6,4,0.6,48.0,33.8,77.7,0.435,6.2,18.8,0.33,17.5,25.0,0.7,11.2,29.1,40.3,19.7,14.2,6.8,4.4,4.2,25.5,22.1,91.3,-1.1,8,5,1,3,5,6,8,4,7,9,3,4,7,2,8,4,5,8,9,5,10,8,16,8,5,7,2006-07
1610612739,Cleveland Cavaliers,20,12,8,0.6,48.5,31.7,74.6,0.425,5.9,17.7,0.331,17.4,24.0,0.727,9.6,29.7,39.3,19.2,13.7,6.1,3.8,3.5,21.0,20.7,86.7,-2.2,1,2,15,3,2,1,3,1,6,8,4,3,5,3,2,7,2,7,11,2,4,14,5,12,1,4,2006-07
1610612742,Dallas Mavericks,6,2,4,0.333,48.0,36.7,79.0,0.464,10.3,28.2,0.367,21.5,29.3,0.733,11.8,29.8,41.7,17.3,15.2,8.2,4.3,5.0,24.8,23.8,105.2,6.7,10,10,1,10,5,12,11,15,16,16,12,12,11,5,12,8,12,3,3,15,9,5,14,6,15,12,2006-07
1610612743,Denver Nuggets,5,1,4,0.2,48.0,36.8,83.0,0.443,8.2,21.0,0.39,12.4,16.2,0.765,12.0,28.2,40.2,23.0,12.2,7.0,5.2,4.2,17.8,18.0,94.2,6.0,12,12,1,12,5,14,15,7,12,12,14,1,1,11,13,1,3,13,14,7,14,8,1,16,7,11,2006-07
1610612765,Detroit Pistons,16,10,6,0.625,48.6,31.8,73.8,0.431,4.6,13.6,0.341,20.3,30.0,0.677,11.8,29.3,41.1,17.9,14.6,6.7,3.7,4.7,22.3,23.9,88.4,-2.9,4,3,12,2,1,2,2,3,3,2,5,11,13,1,11,6,10,4,6,4,3,7,8,5,3,3,2006-07
1610612744,Golden State Warriors,11,5,6,0.455,48.5,36.7,81.2,0.452,6.5,19.2,0.341,24.9,32.2,0.774,15.2,33.5,48.6,20.9,19.4,7.5,4.9,5.5,25.1,26.6,104.9,-1.7,6,8,12,8,3,13,13,11,8,10,6,15,16,12,16,15,15,11,1,11,13,2,15,1,14,6,2006-07
1610612745,Houston Rockets,7,3,4,0.429,48.0,35.6,80.1,0.444,3.7,12.4,0.299,15.6,20.9,0.747,10.6,30.7,41.3,22.9,12.0,7.0,4.9,4.1,22.9,19.3,90.4,3.1,9,9,1,9,5,10,12,8,1,1,1,2,2,6,7,10,11,12,15,7,12,10,10,15,4,9,2006-07
1610612747,Los Angeles Lakers,5,1,4,0.2,48.0,40.6,84.6,0.48,8.2,23.4,0.35,19.0,25.0,0.76,9.8,31.0,40.8,27.0,12.4,7.6,4.0,4.0,18.6,23.0,108.4,10.4,12,12,1,12,5,16,16,16,12,13,10,8,7,10,6,12,9,16,13,12,5,11,2,7,16,15,2006-07
1610612748,Miami Heat,4,0,4,0.0,48.0,36.3,78.8,0.46,7.0,17.5,0.4,20.3,25.0,0.81,9.8,32.8,42.5,23.3,14.5,7.8,4.3,5.3,23.5,25.3,99.8,11.0,14,14,1,14,5,11,10,13,11,7,15,10,7,15,4,14,14,14,7,13,7,3,13,2,12,16,2006-07
1610612751,New Jersey Nets,12,6,6,0.5,48.0,31.8,74.7,0.425,5.7,16.3,0.347,19.2,25.6,0.749,9.7,30.8,40.4,16.8,14.1,7.8,4.0,2.9,21.4,21.2,88.3,-1.8,5,5,12,7,5,2,4,2,5,6,8,9,10,7,3,11,6,2,10,13,5,16,7,11,2,5,2006-07
1610612753,Orlando Magic,4,0,4,0.0,48.0,33.0,73.5,0.449,6.8,15.3,0.443,24.3,31.3,0.776,11.8,28.5,40.3,20.8,10.5,7.3,4.3,3.5,23.0,24.3,97.0,9.0,14,14,1,14,5,4,1,9,9,5,16,14,15,13,10,3,4,10,16,10,7,13,11,4,9,14,2006-07
1610612756,Phoenix Suns,11,6,5,0.545,48.0,37.3,82.8,0.45,6.9,20.1,0.344,17.6,24.1,0.732,12.4,30.1,42.5,16.6,14.9,7.0,5.3,5.2,22.5,19.6,99.1,-5.0,6,5,11,5,5,15,14,10,10,11,7,5,6,4,14,9,13,1,5,7,15,4,9,14,11,1,2006-07
1610612759,San Antonio Spurs,20,16,4,0.8,48.0,34.5,78.5,0.439,5.0,14.3,0.347,17.9,23.7,0.753,11.5,29.2,40.7,18.5,14.3,6.5,4.6,5.5,20.8,20.5,91.7,-4.0,1,1,1,1,5,7,9,5,4,4,9,7,4,9,9,5,8,5,8,3,11,1,4,13,6,2,2006-07
1610612761,Toronto Raptors,6,2,4,0.333,48.0,34.7,75.3,0.46,9.2,23.7,0.387,17.7,22.5,0.785,9.5,31.2,40.7,24.7,15.8,6.8,3.5,4.0,21.3,21.3,96.2,5.3,10,10,1,10,5,8,6,12,15,14,13,6,3,14,1,13,7,15,2,6,1,11,6,9,8,10,2006-07
1610612762,Utah Jazz,17,9,8,0.529,48.3,33.1,75.1,0.441,8.6,24.5,0.353,22.1,29.4,0.752,9.8,28.4,38.1,18.6,14.9,8.7,5.5,4.8,23.2,24.6,97.0,-0.9,3,4,15,6,4,5,5,6,14,15,11,13,12,8,5,2,1,6,4,16,16,6,12,3,9,8,2006-07
1610612764,Washington Wizards,4,0,4,0.0,48.0,35.5,76.8,0.463,4.3,13.8,0.309,25.0,30.3,0.826,12.5,36.5,49.0,19.8,13.3,5.3,3.5,3.0,19.0,21.3,100.3,8.8,14,14,1,14,5,9,7,14,2,3,2,16,14,16,15,16,16,9,12,1,1,15,3,10,13,13,2006-07
1610612737,Atlanta Hawks,7,3,4,0.429,48.0,37.6,81.7,0.46,7.1,18.7,0.382,16.9,21.7,0.776,13.0,26.4,39.4,24.0,10.6,8.6,5.7,5.7,25.0,20.1,99.1,12.0,9,9,1,9,5,13,12,11,12,11,13,4,4,14,15,2,6,15,14,16,12,4,14,15,10,15,2007-08
1610612738,Boston Celtics,26,16,10,0.615,48.0,30.5,71.7,0.426,5.3,16.0,0.329,22.4,29.4,0.762,9.8,26.5,36.3,18.5,14.2,6.1,5.0,4.3,22.8,24.3,88.8,-5.2,1,1,16,2,5,1,1,3,5,7,4,15,14,10,3,3,1,7,3,7,7,12,9,3,2,1,2007-08
1610612739,Cleveland Cavaliers,13,7,6,0.538,48.0,31.0,72.8,0.426,5.0,16.8,0.297,20.8,26.9,0.771,9.6,28.6,38.2,17.7,13.2,6.8,4.2,4.8,23.5,22.1,87.8,-2.2,5,5,11,5,5,2,3,2,3,8,1,12,10,11,2,6,2,3,7,10,4,9,12,10,1,5,2007-08
1610612742,Dallas Mavericks,5,1,4,0.2,48.0,39.6,81.6,0.485,6.8,14.8,0.459,16.8,21.6,0.778,10.0,31.0,41.0,20.8,8.4,6.0,5.6,4.0,22.4,20.6,102.8,8.8,13,13,1,13,5,14,11,15,10,5,16,3,2,15,4,10,8,9,16,5,11,14,7,13,14,14,2007-08
1610612743,Denver Nuggets,4,0,4,0.0,48.0,42.3,87.5,0.483,9.3,23.3,0.398,21.0,29.8,0.706,11.3,31.3,42.5,28.0,12.0,7.0,6.3,4.8,22.5,25.5,114.8,13.3,16,16,1,16,5,16,16,14,15,14,15,13,15,3,8,11,9,16,12,12,14,11,8,1,16,16,2007-08
1610612765,Detroit Pistons,17,10,7,0.588,48.0,32.3,72.4,0.446,4.6,13.9,0.335,19.9,27.2,0.73,11.7,27.6,39.4,16.9,14.6,6.7,3.9,5.8,21.8,23.3,89.1,-2.3,3,3,13,3,5,3,2,7,2,2,5,9,11,5,10,4,5,2,2,9,2,2,4,4,3,3,2007-08
1610612745,Houston Rockets,6,2,4,0.333,48.0,33.8,75.7,0.447,5.3,14.8,0.36,17.5,25.3,0.691,12.8,30.7,43.5,18.5,12.3,5.5,6.2,5.5,21.8,21.2,90.5,2.5,10,10,1,10,5,6,5,8,6,6,9,5,8,1,14,8,12,6,10,3,13,5,5,11,4,10,2007-08
1610612747,Los Angeles Lakers,21,14,7,0.667,48.2,36.1,82.9,0.436,6.8,19.2,0.354,21.1,27.3,0.775,12.5,30.9,43.4,21.9,13.3,7.2,4.4,5.3,25.0,23.3,100.2,-2.2,2,2,13,1,4,9,14,6,11,12,8,14,12,13,12,9,11,12,6,13,5,6,14,5,12,4,2007-08
1610612740,New Orleans Hornets,12,7,5,0.583,48.0,32.9,77.4,0.425,8.9,23.8,0.375,18.2,24.0,0.757,11.7,32.1,43.8,21.8,12.3,4.2,4.0,5.1,20.7,20.7,92.9,-3.7,6,5,9,4,5,4,8,1,14,15,11,6,6,8,9,13,14,11,10,1,3,7,3,12,6,2,2007-08
1610612753,Orlando Magic,10,5,5,0.5,48.0,35.5,82.7,0.429,5.8,17.7,0.328,18.7,21.7,0.862,10.4,28.6,39.0,21.0,9.0,7.8,3.4,4.9,22.0,20.5,95.5,-1.6,8,8,9,7,5,8,13,4,8,9,3,8,3,16,6,5,4,10,15,15,1,8,6,14,8,6,2007-08
1610612755,Philadelphia 76ers,6,2,4,0.333,48.0,36.7,75.2,0.488,5.3,14.0,0.381,14.2,19.0,0.746,12.2,26.3,38.5,23.2,17.2,6.3,6.8,3.7,23.7,19.2,92.8,7.0,10,10,1,10,5,10,4,16,6,3,12,1,1,7,11,1,3,14,1,8,16,15,13,16,5,13,2007-08
1610612756,Phoenix Suns,5,1,4,0.2,50.0,39.8,85.2,0.467,4.4,12.0,0.367,18.4,24.2,0.76,10.0,33.6,43.6,15.8,13.0,6.0,5.0,7.0,27.6,22.6,102.4,2.0,13,13,1,13,1,15,15,12,1,1,10,7,7,9,4,16,13,1,8,5,8,1,16,8,13,9,2007-08
1610612759,San Antonio Spurs,17,9,8,0.529,48.6,36.9,81.2,0.455,5.1,14.6,0.347,16.0,22.3,0.718,9.5,33.1,42.5,17.9,11.0,6.9,5.3,4.1,20.3,22.5,94.9,0.9,3,4,15,6,2,11,10,10,4,4,7,2,5,4,1,15,10,4,13,11,10,13,2,9,7,8,2007-08
1610612761,Toronto Raptors,5,1,4,0.2,48.0,37.0,78.4,0.472,9.6,29.6,0.324,20.4,26.4,0.773,12.8,32.6,45.4,19.6,13.8,5.4,5.2,2.4,18.0,22.8,104.0,4.6,13,13,1,13,5,12,9,13,16,16,2,10,9,12,13,14,16,8,4,2,9,16,1,7,15,12,2007-08
1610612762,Utah Jazz,12,6,6,0.5,48.4,34.4,76.7,0.449,6.3,18.4,0.339,24.1,32.3,0.745,10.7,28.9,39.6,18.1,12.7,7.4,6.5,5.8,22.8,25.5,99.2,0.3,6,7,11,7,3,7,6,9,9,10,6,16,16,6,7,7,7,5,9,14,15,3,10,1,11,7,2007-08
1610612764,Washington Wizards,6,2,4,0.333,48.0,33.3,77.3,0.431,8.3,21.8,0.382,20.5,29.2,0.703,13.2,31.7,44.8,23.0,13.7,5.8,4.8,4.8,23.2,22.8,95.5,3.3,10,10,1,10,5,5,7,5,13,13,13,11,13,2,16,12,15,13,5,4,6,10,11,6,8,11,2007-08
1610612737,Atlanta Hawks,11,4,7,0.364,48.0,32.6,70.5,0.463,7.3,19.9,0.365,18.5,24.3,0.764,10.5,30.4,40.8,16.1,13.6,6.5,5.5,3.4,21.1,21.4,91.1,7.1,7,8,13,10,6,4,2,10,10,10,10,6,6,11,11,10,11,2,5,5,12,11,5,14,3,12,2008-09
1610612738,Boston Celtics,14,7,7,0.5,50.5,36.4,81.7,0.446,7.6,21.2,0.36,21.6,28.1,0.769,9.2,32.4,41.6,19.7,14.4,6.7,6.5,4.9,22.7,24.3,102.1,0.0,4,5,13,6,2,12,15,4,12,15,8,12,9,12,6,14,14,10,4,7,14,6,9,4,12,6,2008-09
1610612741,Chicago Bulls,7,3,4,0.429,53.0,41.0,91.3,0.449,8.4,20.0,0.421,22.1,28.7,0.771,12.9,32.4,45.3,23.1,13.6,8.7,6.7,8.1,23.6,24.6,112.6,4.3,9,9,1,8,1,16,16,6,15,11,14,13,12,13,16,14,16,15,6,15,15,1,11,3,16,9,2008-09
1610612739,Cleveland Cavaliers,14,10,4,0.714,48.4,32.4,74.9,0.433,7.0,19.1,0.366,17.2,22.9,0.753,8.4,26.4,34.7,17.9,12.1,6.2,3.3,4.6,22.6,20.6,89.1,-8.5,4,3,1,1,5,3,6,3,9,8,11,3,3,7,2,2,1,6,11,2,1,8,8,15,2,2,2008-09
1610612742,Dallas Mavericks,10,5,5,0.5,48.0,37.4,77.6,0.482,6.7,19.0,0.353,21.0,28.5,0.737,9.2,28.1,37.3,19.8,11.1,7.6,4.1,3.8,23.7,22.8,102.5,0.9,8,7,10,6,6,13,10,14,7,7,7,9,11,3,5,3,3,12,15,11,5,9,12,9,13,7,2008-09
1610612743,Denver Nuggets,16,10,6,0.625,48.0,33.9,75.7,0.448,6.8,19.9,0.34,24.7,31.4,0.787,10.0,29.8,39.8,19.2,15.6,6.3,4.4,5.2,25.5,25.8,99.3,-8.6,3,3,11,3,6,6,7,5,8,9,4,16,16,15,8,6,6,9,2,3,7,5,16,1,11,1,2008-09
1610612765,Detroit Pistons,4,0,4,0.0,48.0,32.0,69.5,0.46,5.3,17.0,0.309,24.3,31.0,0.782,9.5,30.5,40.0,21.0,11.0,6.3,4.5,3.0,15.8,23.8,93.5,15.5,16,16,1,16,6,2,1,9,1,2,1,15,15,14,7,11,7,13,16,3,8,13,1,6,6,15,2008-09
1610612745,Houston Rockets,13,7,6,0.538,48.0,35.3,78.5,0.45,5.8,16.1,0.364,16.5,22.2,0.743,11.0,29.5,40.5,15.9,11.6,7.8,7.1,3.2,21.4,20.1,92.9,1.5,6,5,11,5,6,9,12,8,2,1,9,2,2,4,13,4,9,1,13,13,16,12,7,16,5,8,2008-09
1610612747,Los Angeles Lakers,23,16,7,0.696,48.4,33.7,78.6,0.429,6.6,20.8,0.317,21.2,28.3,0.747,11.0,29.9,40.9,19.8,14.5,7.7,4.3,6.3,23.1,23.5,95.2,-7.2,2,1,13,2,4,5,13,2,6,14,2,10,10,5,13,7,12,11,3,12,6,3,10,7,8,3,2008-09
1610612748,Miami Heat,7,3,4,0.429,48.0,31.0,73.4,0.422,6.1,18.0,0.341,19.1,25.6,0.749,11.0,26.3,37.3,16.9,12.1,6.9,3.6,5.7,21.3,22.1,87.3,-0.9,9,9,1,8,6,1,3,1,4,4,5,7,8,6,13,1,2,3,11,8,3,4,6,10,1,5,2008-09
1610612740,New Orleans Hornets,5,1,4,0.2,48.0,38.2,76.6,0.499,9.8,20.2,0.485,22.2,29.2,0.76,10.0,31.8,41.8,25.0,12.6,9.4,5.2,2.6,24.8,24.8,108.4,24.2,13,13,1,13,6,14,9,16,16,12,16,14,14,9,8,13,15,16,9,16,11,16,15,2,15,16,2008-09
1610612753,Orlando Magic,24,13,11,0.542,48.6,35.4,78.7,0.45,6.0,18.0,0.333,18.3,24.0,0.761,8.9,30.2,39.1,19.2,13.0,6.7,3.8,4.8,24.3,21.4,95.1,-1.8,1,2,16,4,3,11,14,7,3,4,3,5,5,10,4,9,4,8,7,6,4,7,13,13,7,4,2008-09
1610612755,Philadelphia 76ers,6,2,4,0.333,48.0,35.3,76.0,0.465,7.5,21.7,0.346,18.0,24.7,0.73,10.0,29.5,39.5,18.0,12.8,7.2,5.0,3.0,20.2,23.0,96.2,7.7,11,11,1,11,6,10,8,12,11,16,6,4,7,1,8,5,5,7,8,9,10,13,4,8,9,13,2008-09
1610612757,Portland Trail Blazers,6,2,4,0.333,48.0,34.8,73.7,0.473,6.5,17.5,0.371,16.3,21.7,0.754,8.3,31.7,40.0,17.3,12.2,5.7,3.3,7.5,20.0,21.7,92.5,5.3,11,11,1,11,6,8,4,13,5,3,12,1,1,8,1,12,7,5,10,1,2,2,3,12,4,10,2008-09
1610612759,San Antonio Spurs,5,1,4,0.2,48.0,34.2,73.8,0.463,7.8,20.4,0.382,20.2,24.0,0.842,8.8,32.6,41.4,17.2,11.6,7.2,4.6,3.0,18.6,22.0,96.4,6.0,13,13,1,13,6,7,5,11,13,13,13,8,4,16,3,16,13,4,14,10,9,13,2,11,10,11,2008-09
1610612762,Utah Jazz,5,1,4,0.2,48.0,38.6,78.2,0.494,8.2,18.4,0.446,21.2,29.0,0.731,10.6,30.2,40.8,22.4,15.6,8.4,5.6,3.4,24.4,23.8,106.6,9.2,13,13,1,13,6,15,11,15,14,6,15,11,13,2,12,8,10,14,1,14,13,10,14,5,14,14,2008-09
1610612737,Atlanta Hawks,11,4,7,0.364,48.0,35.5,76.8,0.462,8.2,23.7,0.345,17.2,23.2,0.741,10.3,30.6,40.9,18.3,12.2,5.8,4.0,5.1,20.6,21.2,96.3,6.8,5,6,14,9,3,6,6,10,13,13,7,3,3,7,7,11,10,5,13,4,3,5,4,14,8,12,2009-10
1610612738,Boston Celtics,24,15,9,0.625,48.2,32.0,74.1,0.432,6.0,19.1,0.316,21.1,28.3,0.744,10.3,29.4,39.7,16.4,15.5,6.9,5.4,4.6,22.7,24.6,91.1,-2.8,1,2,16,3,2,3,3,2,5,9,2,12,13,8,8,6,6,2,2,12,11,9,7,4,2,4,2009-10
1610612766,Charlotte Bobcats,4,0,4,0.0,48.0,30.3,68.8,0.44,11.3,30.0,0.375,23.0,32.3,0.713,9.3,28.5,37.8,15.5,12.8,7.8,6.5,4.5,23.5,26.8,94.8,9.3,16,16,1,16,3,1,1,4,16,16,11,14,14,3,5,3,2,1,9,15,14,10,10,3,5,15,2009-10
1610612741,Chicago Bulls,5,1,4,0.2,48.0,38.2,77.8,0.491,10.4,25.8,0.403,19.4,26.8,0.724,9.0,32.4,41.4,23.2,13.6,5.2,8.2,3.0,21.0,21.4,106.2,9.2,14,14,1,14,3,14,7,15,15,15,15,6,11,5,3,16,11,15,4,2,16,16,5,13,14,14,2009-10
1610612739,Cleveland Cavaliers,11,6,5,0.545,48.0,37.5,82.3,0.455,4.3,13.8,0.309,19.7,26.3,0.751,10.0,30.4,40.4,21.2,11.5,6.8,4.2,6.6,24.5,21.9,98.9,-1.3,5,5,10,5,3,12,16,8,2,2,1,10,8,9,6,10,8,12,16,10,5,1,12,12,10,5,2009-10
1610612742,Dallas Mavericks,6,2,4,0.333,48.0,35.8,78.0,0.459,4.2,13.0,0.321,17.5,24.8,0.705,11.2,30.7,41.8,18.2,12.5,6.2,3.2,5.0,19.8,22.5,93.3,0.5,10,10,1,10,3,7,8,9,1,1,3,4,4,2,12,12,12,4,11,5,1,6,3,9,3,6,2009-10
1610612743,Denver Nuggets,6,2,4,0.333,48.0,38.5,76.0,0.507,6.3,16.5,0.384,27.2,38.0,0.715,8.8,29.7,38.5,24.7,14.5,5.5,4.3,4.7,27.8,30.8,110.5,1.2,10,10,1,10,3,16,5,16,7,6,12,16,16,4,2,7,3,16,3,3,6,8,16,1,16,7,2009-10
1610612747,Los Angeles Lakers,23,16,7,0.696,48.0,34.6,79.3,0.436,6.2,19.2,0.321,22.0,27.8,0.789,11.5,28.5,40.0,20.0,12.5,6.6,4.8,6.2,23.3,23.2,97.3,-3.8,2,1,14,2,3,4,10,3,6,10,4,13,12,16,14,4,7,9,12,8,9,2,9,5,9,3,2009-10
1610612748,Miami Heat,5,1,4,0.2,48.0,34.6,73.0,0.474,7.2,16.4,0.439,19.4,25.4,0.764,7.4,32.2,39.6,22.0,15.6,9.6,4.4,5.0,18.8,22.8,95.8,8.2,14,14,1,14,3,5,2,13,10,5,16,6,7,11,1,15,5,14,1,16,7,6,1,8,7,13,2009-10
1610612749,Milwaukee Bucks,7,3,4,0.429,48.0,36.3,80.4,0.451,5.0,14.1,0.354,16.1,20.7,0.779,13.9,28.9,42.7,18.0,12.1,6.4,6.9,3.3,19.1,21.0,93.7,3.7,9,9,1,6,3,10,13,7,3,3,9,2,1,14,16,5,14,3,14,7,15,15,2,15,4,11,2009-10
1610612760,Oklahoma City Thunder,6,2,4,0.333,48.0,36.0,81.5,0.442,7.5,22.5,0.333,16.0,23.2,0.691,11.3,32.0,43.3,20.8,13.0,6.2,6.2,6.2,24.8,22.8,95.5,1.7,10,10,1,10,3,8,15,5,11,12,5,1,2,1,13,14,16,10,7,5,13,3,13,7,6,8,2009-10
1610612753,Orlando Magic,14,10,4,0.714,48.4,31.4,74.2,0.423,5.2,15.4,0.34,20.0,26.3,0.761,9.1,28.2,37.4,18.3,13.5,6.9,3.8,5.5,26.1,22.4,87.9,-8.6,4,3,1,1,1,2,4,1,4,4,6,11,9,10,4,1,1,6,5,11,2,4,14,11,1,1,2009-10
1610612756,Phoenix Suns,16,10,6,0.625,48.0,37.9,81.0,0.468,7.1,19.1,0.37,19.6,26.6,0.736,11.1,28.4,39.5,21.8,11.6,6.7,5.2,4.1,23.3,22.4,102.5,-4.6,3,3,11,3,3,13,14,11,9,8,10,8,10,6,11,2,4,13,15,9,10,14,8,10,12,2,2009-10
1610612757,Portland Trail Blazers,6,2,4,0.333,48.0,37.0,78.3,0.472,10.0,25.5,0.392,19.3,24.8,0.779,10.8,30.0,40.8,21.0,12.7,5.2,4.2,4.3,24.2,23.2,103.3,10.3,10,10,1,10,3,11,9,12,14,14,14,5,4,13,9,8,9,11,10,1,4,12,11,6,13,16,2009-10
1610612759,San Antonio Spurs,10,4,6,0.4,48.0,36.0,80.0,0.45,7.9,20.5,0.385,19.6,25.1,0.781,11.1,31.9,43.0,18.4,13.2,7.1,4.5,4.3,22.6,21.0,99.5,3.4,7,6,11,7,3,8,12,6,12,11,13,9,6,15,10,13,15,7,6,13,8,13,6,15,11,10,2009-10
1610612762,Utah Jazz,10,4,6,0.4,48.0,38.4,79.7,0.482,6.4,18.4,0.348,26.1,33.9,0.77,11.7,30.3,42.0,19.1,13.0,7.5,5.8,4.4,27.2,27.0,109.3,2.2,7,6,11,7,3,15,11,14,8,7,8,15,15,12,15,9,13,8,7,14,12,11,15,2,15,9,2009-10
1610612737,Atlanta Hawks,12,6,6,0.5,48.0,33.4,77.3,0.432,5.8,20.3,0.287,18.0,23.7,0.761,11.8,30.3,42.1,18.3,12.4,6.4,5.3,5.0,20.0,20.3,90.7,4.4,6,6,11,7,8,7,9,8,6,13,1,5,5,4,11,10,10,8,13,6,9,10,5,13,4,10,2010-11
1610612738,Boston Celtics,9,5,4,0.556,48.6,32.4,77.3,0.42,7.1,20.6,0.346,21.3,28.0,0.762,11.7,28.8,40.4,15.8,14.9,7.2,6.4,4.2,19.7,21.9,93.3,-1.3,8,7,1,4,4,1,9,2,11,14,9,10,11,6,10,6,8,1,4,9,13,11,4,6,6,6,2010-11
1610612741,Chicago Bulls,16,9,7,0.563,48.3,32.5,74.8,0.435,4.1,12.6,0.328,19.1,24.5,0.781,9.5,28.0,37.5,16.4,13.8,7.4,6.4,6.6,19.6,21.3,88.3,-4.3,4,3,14,3,6,2,4,9,2,2,5,9,8,10,3,1,2,3,5,13,12,3,3,9,2,2,2010-11
1610612742,Dallas Mavericks,21,16,5,0.762,48.2,34.2,76.5,0.447,5.3,18.4,0.29,18.8,24.4,0.77,11.3,28.8,40.1,18.0,13.6,7.2,5.1,4.1,21.6,20.1,92.5,-5.8,1,1,10,1,7,10,5,11,3,7,3,7,7,8,7,7,7,6,8,11,7,12,9,14,5,1,2010-11
1610612743,Denver Nuggets,5,1,4,0.2,48.0,33.6,80.0,0.42,7.6,22.6,0.336,27.4,34.4,0.797,12.6,35.6,48.2,16.8,13.6,6.0,8.6,3.6,25.0,23.8,102.2,4.8,13,13,1,13,8,9,13,3,14,16,8,16,16,13,14,16,16,4,7,4,16,14,16,2,16,11,2010-11
1610612754,Indiana Pacers,5,1,4,0.2,48.0,33.4,80.4,0.415,7.4,21.0,0.352,23.4,28.8,0.813,14.8,31.6,46.4,19.8,16.2,8.2,7.6,5.6,22.2,23.0,97.6,7.4,13,13,1,13,8,6,14,1,13,15,10,14,12,16,16,11,14,14,2,15,15,7,11,5,12,14,2010-11
1610612747,Los Angeles Lakers,10,4,6,0.4,48.0,34.5,73.1,0.472,7.6,19.0,0.4,17.9,23.5,0.762,7.6,28.3,35.9,22.5,13.3,7.0,3.7,5.1,21.6,20.6,94.5,1.3,7,8,11,8,8,11,1,14,14,9,15,4,4,5,1,2,1,15,9,7,2,9,10,11,9,8,2010-11
1610612763,Memphis Grizzlies,13,7,6,0.538,49.9,35.2,79.2,0.444,6.1,19.6,0.31,22.9,29.0,0.79,11.8,31.9,43.7,18.2,15.3,7.2,6.8,6.0,23.7,23.6,99.3,0.7,5,5,11,5,1,14,12,10,8,11,4,12,14,12,12,12,12,7,3,10,14,5,13,4,14,7,2010-11
1610612748,Miami Heat,21,14,7,0.667,48.5,33.1,77.3,0.428,7.3,18.5,0.393,16.6,21.8,0.762,10.1,28.8,38.9,18.8,13.0,7.0,4.2,6.0,21.5,19.2,90.1,-2.7,1,2,14,2,5,5,8,7,12,8,14,3,2,7,5,7,4,10,10,8,4,4,8,15,3,3,2010-11
1610612740,New Orleans Hornets,6,2,4,0.333,48.0,34.5,74.5,0.463,5.5,15.0,0.367,22.0,27.5,0.8,12.3,28.5,40.8,19.2,12.8,5.8,5.8,3.0,21.2,23.7,96.5,7.2,9,9,1,9,8,11,3,13,4,3,12,11,10,14,13,4,9,12,12,3,10,16,7,3,10,13,2010-11
1610612752,New York Knicks,4,0,4,0.0,48.0,39.0,81.8,0.477,7.0,15.0,0.467,14.3,18.8,0.76,11.5,32.8,44.3,24.0,16.8,7.8,5.0,6.8,21.0,18.8,99.3,8.5,16,16,1,16,8,16,15,16,10,3,16,1,1,3,9,13,13,16,1,14,6,2,6,16,13,16,2010-11
1610612760,Oklahoma City Thunder,17,9,8,0.529,49.5,34.8,82.2,0.424,5.9,17.6,0.334,25.1,31.9,0.785,11.3,28.7,40.0,18.4,12.4,8.3,5.2,7.6,23.1,25.0,100.6,-1.9,3,3,16,6,2,13,16,4,7,6,7,15,15,11,6,5,6,9,14,16,8,1,12,1,15,4,2010-11
1610612753,Orlando Magic,6,2,4,0.333,48.0,32.5,76.5,0.425,6.2,16.8,0.366,15.7,22.0,0.712,9.3,29.2,38.5,18.0,13.0,6.2,3.8,4.0,24.2,21.5,86.8,-1.8,9,9,1,9,8,2,6,5,9,5,11,2,3,1,2,9,3,5,10,5,3,13,14,7,1,5,2010-11
1610612755,Philadelphia 76ers,5,1,4,0.2,48.0,32.6,76.6,0.426,5.6,19.4,0.289,23.2,28.8,0.806,13.4,33.8,47.2,16.2,11.4,5.4,6.2,3.6,14.8,20.4,94.0,7.4,13,13,1,13,8,4,7,6,5,10,2,13,12,15,15,15,15,2,16,2,11,14,1,12,8,14,2010-11
1610612757,Portland Trail Blazers,6,2,4,0.333,48.0,33.5,73.7,0.455,7.7,20.2,0.38,18.7,24.2,0.772,11.3,28.3,39.7,19.0,12.0,5.2,3.7,5.2,19.5,20.8,93.3,5.2,9,9,1,9,8,8,2,12,16,12,13,6,6,9,7,3,5,11,15,1,1,8,2,10,6,12,2010-11
1610612759,San Antonio Spurs,6,2,4,0.333,48.8,37.5,79.0,0.475,3.7,11.0,0.333,18.8,26.0,0.724,9.5,32.8,42.3,19.3,13.7,7.3,4.8,5.8,24.5,21.5,97.5,3.2,9,9,1,9,3,15,11,15,1,1,6,8,9,2,3,14,11,13,6,12,5,6,15,7,11,9,2010-11
1610612737,Atlanta Hawks,6,2,4,0.333,48.8,33.2,76.7,0.433,4.3,14.7,0.295,16.2,20.2,0.802,7.0,34.2,41.2,19.8,12.8,9.0,6.2,3.3,18.8,19.8,86.8,4.7,11,11,1,11,2,3,5,7,2,2,2,5,1,14,1,15,7,12,11,14,10,15,2,13,2,12,2011-12
1610612738,Boston Celtics,20,11,9,0.55,48.8,33.4,78.2,0.427,5.8,17.9,0.324,15.9,22.4,0.71,10.6,31.7,42.2,18.2,13.7,6.6,4.4,4.9,19.8,21.7,88.5,-1.0,2,3,16,4,3,6,11,3,8,8,9,2,5,2,10,11,12,8,7,3,4,10,6,6,4,5,2011-12
1610612741,Chicago Bulls,6,2,4,0.333,48.0,31.7,77.8,0.407,3.3,13.5,0.247,19.3,25.7,0.753,9.8,31.3,41.2,17.2,9.8,7.5,6.3,6.7,18.8,20.5,86.0,1.7,11,11,1,11,8,1,8,1,1,1,1,12,13,7,7,9,7,5,16,10,12,5,2,10,1,9,2011-12
1610612742,Dallas Mavericks,4,0,4,0.0,48.0,35.8,76.5,0.467,8.0,21.0,0.381,20.3,24.0,0.844,7.3,32.0,39.3,17.5,12.8,8.8,7.3,3.5,24.3,20.8,99.8,6.5,15,15,1,15,8,11,4,15,14,15,14,13,11,16,2,12,3,6,12,12,14,14,15,8,15,13,2011-12
1610612743,Denver Nuggets,7,3,4,0.429,48.0,37.0,86.9,0.426,6.1,19.4,0.316,16.1,22.6,0.715,16.1,31.3,47.4,21.4,12.0,5.9,9.4,6.9,18.7,21.0,96.3,-0.4,9,9,1,7,8,14,16,2,10,12,6,4,7,3,16,8,16,14,13,1,16,2,1,7,11,7,2011-12
1610612754,Indiana Pacers,11,6,5,0.545,48.5,33.3,77.5,0.43,6.2,19.4,0.319,16.8,23.4,0.72,10.5,29.1,39.5,16.2,13.4,6.8,5.5,5.5,20.4,22.0,89.5,-1.4,7,6,10,5,5,4,6,4,12,11,8,6,9,4,9,4,5,2,9,5,7,7,8,5,5,4,2011-12
1610612746,Los Angeles Clippers,11,4,7,0.364,48.5,34.7,76.5,0.454,5.6,15.5,0.365,20.5,27.7,0.738,11.5,30.5,42.0,20.1,15.1,7.3,5.0,6.5,21.5,24.1,95.5,4.6,7,8,12,10,5,10,3,13,6,5,11,14,15,5,13,6,11,13,2,8,5,6,12,2,9,11,2011-12
1610612747,Los Angeles Lakers,12,5,7,0.417,48.0,37.9,85.6,0.443,5.3,17.8,0.296,17.1,22.1,0.774,13.3,31.5,44.8,19.2,10.3,7.8,7.4,7.8,21.7,19.7,98.2,4.2,6,7,12,9,8,15,15,9,4,7,3,8,4,13,15,10,14,10,15,11,15,1,13,14,14,10,2011-12
1610612763,Memphis Grizzlies,7,3,4,0.429,48.7,33.3,73.7,0.452,6.1,17.6,0.35,18.0,26.9,0.67,9.3,27.7,37.0,16.3,15.1,9.3,6.1,4.9,25.6,23.3,90.7,-0.7,9,9,1,7,4,5,2,12,10,6,10,11,14,1,4,1,1,4,1,16,9,11,16,3,7,6,2011-12
1610612748,Miami Heat,23,16,7,0.696,48.4,33.5,77.7,0.431,5.5,18.4,0.3,17.8,23.3,0.764,10.7,28.7,39.4,15.8,14.3,6.9,3.8,5.0,23.9,20.6,90.3,-7.1,1,1,12,2,7,7,7,6,5,10,5,10,8,11,11,2,4,1,3,6,2,9,14,9,6,1,2011-12
1610612752,New York Knicks,5,1,4,0.2,48.0,33.0,72.4,0.456,8.0,21.8,0.367,22.8,30.2,0.755,9.8,28.8,38.6,19.0,13.6,9.2,3.8,2.2,19.8,24.2,96.8,14.0,13,13,1,13,8,2,1,14,14,16,12,16,16,8,6,3,2,9,8,15,1,16,6,1,12,15,2011-12
1610612760,Oklahoma City Thunder,20,13,7,0.65,48.0,34.5,78.2,0.441,7.8,20.2,0.384,20.5,25.5,0.806,10.3,30.1,40.4,17.8,14.2,6.3,4.1,6.9,20.9,22.4,97.3,-4.0,2,2,12,3,8,9,10,8,13,13,15,15,12,15,8,5,6,7,5,2,3,3,9,4,13,3,2011-12
1610612753,Orlando Magic,5,1,4,0.2,49.0,36.4,81.8,0.445,5.8,18.2,0.319,16.0,20.8,0.769,13.2,33.6,46.8,16.2,14.0,7.4,6.2,4.4,19.0,19.0,94.6,10.8,13,13,1,13,1,13,14,11,8,9,7,3,3,12,14,13,15,3,6,9,11,13,4,15,8,14,2011-12
1610612755,Philadelphia 76ers,13,7,6,0.538,48.0,33.5,77.9,0.43,4.4,14.8,0.297,15.5,20.3,0.761,9.4,34.2,43.6,22.2,14.3,6.8,6.0,5.3,21.0,18.7,86.9,1.2,5,5,11,6,8,8,9,5,3,3,4,1,2,10,5,16,13,16,4,4,8,8,11,16,3,8,2011-12
1610612759,San Antonio Spurs,14,10,4,0.714,48.0,36.4,81.7,0.445,5.7,15.4,0.37,17.6,23.5,0.751,10.8,30.9,41.7,19.3,13.3,8.8,7.0,4.6,20.9,20.4,96.1,-5.9,4,4,1,1,8,12,13,10,7,4,13,9,10,6,12,7,9,11,10,13,13,12,10,11,10,2,2011-12
1610612762,Utah Jazz,4,0,4,0.0,48.0,38.5,80.0,0.481,8.3,20.3,0.407,17.0,22.5,0.756,7.8,34.0,41.8,21.5,11.8,7.3,5.5,6.8,19.8,20.3,102.3,16.0,15,15,1,15,8,16,12,16,16,14,16,7,6,9,3,14,10,15,14,7,6,4,5,12,16,16,2011-12
1610612737,Atlanta Hawks,6,2,4,0.333,48.0,32.8,79.2,0.415,6.3,21.0,0.302,22.5,28.7,0.785,12.8,36.5,49.3,19.7,15.5,6.8,4.8,3.8,23.8,24.2,94.5,5.2,10,10,1,10,11,2,8,2,4,9,1,15,15,13,16,16,16,7,5,7,9,13,12,3,7,10,2012-13
1610612738,Boston Celtics,6,2,4,0.333,48.8,33.0,80.2,0.412,8.0,24.0,0.333,13.7,18.2,0.752,10.5,31.8,42.3,15.0,12.8,10.3,4.3,3.0,21.3,18.8,87.7,5.3,10,10,1,10,6,3,9,1,13,13,6,2,1,7,10,8,10,1,11,16,6,14,7,15,2,11,2012-13
1610612751,Brooklyn Nets,7,3,4,0.429,50.1,39.3,83.7,0.469,4.6,15.0,0.305,14.3,20.6,0.694,10.7,31.0,41.7,21.4,13.1,6.0,5.7,5.6,21.7,19.9,97.4,-2.0,9,9,1,8,1,14,13,13,2,2,2,3,4,2,11,6,6,12,10,3,12,3,8,12,9,4,2012-13
1610612741,Chicago Bulls,12,5,7,0.417,49.3,36.0,78.5,0.459,6.6,19.8,0.333,20.0,26.3,0.759,9.9,29.7,39.6,21.1,12.2,7.0,5.8,4.6,21.2,22.4,98.6,6.7,5,7,13,9,3,9,6,12,5,6,6,11,12,9,5,4,3,10,13,9,13,10,6,9,10,14,2012-13
1610612743,Denver Nuggets,6,2,4,0.333,48.0,40.2,81.3,0.494,9.8,24.3,0.404,17.0,21.7,0.785,10.0,33.2,43.2,23.8,18.7,6.5,6.7,2.8,23.5,23.2,107.2,4.2,10,10,1,10,11,15,10,15,15,14,16,5,6,12,7,13,12,16,1,4,15,15,11,6,16,9,2012-13
1610612744,Golden State Warriors,12,6,6,0.5,49.3,37.5,85.4,0.439,7.5,22.4,0.335,20.0,27.3,0.732,11.5,30.3,41.8,21.8,13.2,8.6,3.5,4.9,21.9,23.8,102.5,-0.2,5,5,9,5,3,13,16,8,12,12,10,11,13,3,13,5,7,13,9,13,2,8,9,4,13,7,2012-13
1610612745,Houston Rockets,6,2,4,0.333,48.0,37.2,82.7,0.45,10.2,28.3,0.359,21.3,25.2,0.848,9.7,32.8,42.5,20.2,12.8,7.8,7.3,5.5,24.7,23.2,105.8,5.8,10,10,1,10,11,12,12,9,16,16,14,14,9,16,4,12,11,9,11,12,16,4,14,6,15,13,2012-13
1610612754,Indiana Pacers,19,11,8,0.579,48.3,33.6,78.5,0.428,7.1,19.8,0.355,17.4,23.1,0.754,9.9,26.6,36.5,17.0,11.4,7.4,4.7,4.5,24.8,22.4,91.6,-0.2,3,3,16,3,10,5,7,5,9,7,13,7,7,8,6,1,1,3,14,11,7,11,15,8,4,8,2012-13
1610612746,Los Angeles Clippers,6,2,4,0.333,48.0,34.8,76.2,0.457,4.3,13.3,0.325,26.2,34.3,0.762,10.3,27.5,37.8,21.2,10.3,6.5,4.2,5.7,23.8,27.8,100.2,5.5,10,10,1,10,11,7,4,11,1,1,5,16,16,10,8,2,2,11,15,4,3,2,12,1,12,12,2012-13
1610612747,Los Angeles Lakers,4,0,4,0.0,48.0,41.3,84.0,0.491,6.0,17.0,0.353,15.5,19.3,0.805,8.8,33.5,42.3,23.8,10.0,10.3,5.0,5.3,18.0,17.5,104.0,18.8,15,15,1,15,11,16,15,14,3,3,11,4,2,15,2,15,9,15,16,15,11,6,1,16,14,16,2012-13
1610612763,Memphis Grizzlies,15,8,7,0.533,49.0,35.1,78.1,0.45,6.7,20.1,0.334,17.1,21.5,0.795,8.7,31.5,40.2,19.1,14.0,5.1,6.5,4.6,25.3,22.1,94.1,-0.6,4,4,13,4,5,8,5,10,6,8,8,6,5,14,1,7,4,6,6,1,14,9,16,11,6,6,2012-13
1610612748,Miami Heat,23,16,7,0.696,48.4,33.0,75.7,0.436,6.7,19.1,0.353,18.0,24.5,0.732,11.5,28.8,40.3,17.7,16.0,6.9,3.4,5.4,21.0,22.2,90.7,-6.4,1,1,13,2,8,3,3,7,7,4,12,8,8,4,14,3,5,4,4,8,1,5,4,10,3,2,2012-13
1610612749,Milwaukee Bucks,4,0,4,0.0,48.0,37.0,74.5,0.497,7.0,21.8,0.322,19.0,25.8,0.738,10.8,32.8,43.5,23.5,17.0,9.3,4.3,2.5,20.3,19.8,100.0,14.8,15,15,1,15,11,11,2,16,8,10,3,9,11,5,12,10,14,14,2,14,5,16,3,13,11,15,2012-13
1610612752,New York Knicks,12,6,6,0.5,48.4,29.7,70.7,0.42,7.1,22.0,0.322,19.5,25.4,0.767,8.8,33.3,42.2,16.8,16.8,5.1,4.2,4.3,18.9,23.8,85.9,-2.7,5,5,9,5,9,1,1,4,10,11,4,10,10,11,3,14,8,2,3,2,3,12,2,4,1,3,2012-13
1610612760,Oklahoma City Thunder,11,5,6,0.455,48.5,33.9,81.6,0.415,8.5,25.5,0.335,20.7,28.0,0.74,10.5,32.8,43.3,17.7,13.4,6.7,4.9,7.0,22.1,24.9,97.1,-1.4,8,7,9,7,7,6,11,3,14,15,9,13,14,6,9,11,13,5,8,6,10,1,10,2,8,5,2012-13
1610612759,San Antonio Spurs,21,15,6,0.714,49.4,36.3,83.9,0.432,7.2,19.4,0.371,13.6,19.6,0.693,11.7,32.0,43.6,19.8,13.6,7.3,4.7,5.0,21.1,19.1,93.3,-7.0,2,2,9,1,2,10,14,6,11,5,15,1,3,1,15,9,15,8,7,10,8,7,5,14,5,1,2012-13
1610612737,Atlanta Hawks,7,3,4,0.429,48.0,34.4,76.6,0.45,7.7,21.3,0.362,16.9,22.7,0.742,9.4,35.6,45.0,20.4,14.9,8.0,6.3,4.6,22.6,20.9,93.4,1.0,9,9,1,8,8,4,6,7,8,4,9,4,4,4,7,16,14,12,3,12,13,5,9,10,3,6,2013-14
1610612751,Brooklyn Nets,12,5,7,0.417,48.0,33.6,72.4,0.464,7.5,22.6,0.332,22.2,26.7,0.831,8.3,29.9,38.3,17.3,12.9,6.2,4.0,2.8,22.6,22.3,96.8,1.3,6,7,11,13,8,3,1,10,5,10,3,14,12,15,2,4,4,1,9,3,6,15,10,7,6,9,2013-14
1610612766,Charlotte Bobcats,4,0,4,0.0,48.0,36.3,76.0,0.477,9.5,22.0,0.432,19.8,26.0,0.76,5.3,31.5,36.8,21.0,10.5,7.3,4.5,4.5,19.8,20.3,101.8,9.8,16,16,1,16,8,9,4,14,15,6,16,10,11,10,1,10,1,13,15,9,10,7,3,15,9,16,2013-14
1610612741,Chicago Bulls,5,1,4,0.2,49.0,35.2,80.0,0.44,6.2,16.2,0.383,18.0,25.6,0.703,11.4,31.6,43.0,20.4,10.4,8.2,6.6,4.4,22.2,22.0,94.6,4.6,15,15,1,15,5,7,9,4,1,1,13,6,9,1,10,11,12,11,16,13,14,8,8,9,4,13,2013-14
1610612742,Dallas Mavericks,7,3,4,0.429,48.0,38.6,77.6,0.497,7.0,18.3,0.383,19.0,25.4,0.747,8.9,32.7,41.6,19.9,13.7,7.1,3.6,4.1,19.6,20.3,103.1,2.0,9,9,1,8,8,12,8,16,4,3,14,9,8,8,4,13,9,9,7,8,3,11,1,14,11,11,2013-14
1610612744,Golden State Warriors,7,3,4,0.429,48.0,38.7,82.3,0.47,9.6,26.3,0.364,23.9,32.0,0.746,11.4,29.6,41.0,23.7,14.3,10.1,5.1,4.6,23.0,25.3,110.9,4.4,9,9,1,8,8,14,12,13,16,16,11,16,16,7,11,3,8,16,4,16,12,5,11,3,15,12,2013-14
1610612745,Houston Rockets,6,2,4,0.333,50.5,39.8,87.8,0.454,9.3,25.7,0.364,22.7,28.2,0.805,12.2,30.5,42.7,18.5,11.8,7.3,9.2,5.0,24.8,26.0,111.7,-0.3,14,14,1,14,2,15,15,8,14,15,10,15,13,14,14,7,11,4,11,10,16,4,16,1,16,5,2013-14
1610612754,Indiana Pacers,19,10,9,0.526,48.0,33.5,76.9,0.435,8.8,25.1,0.353,16.8,21.7,0.774,9.3,30.6,39.9,18.5,13.6,6.8,4.3,4.2,21.6,20.7,92.6,1.0,3,3,15,4,8,2,7,3,12,14,7,3,2,13,6,9,6,5,8,7,9,10,6,12,2,6,2013-14
1610612746,Los Angeles Clippers,13,6,7,0.462,48.0,38.0,81.3,0.467,8.7,24.5,0.355,22.1,28.5,0.774,11.9,32.1,44.0,22.5,16.4,6.4,4.8,4.4,24.1,24.3,106.8,-2.0,5,5,11,6,8,11,10,12,11,12,8,13,14,12,13,12,13,14,1,5,11,9,14,4,13,2,2013-14
1610612763,Memphis Grizzlies,7,3,4,0.429,50.9,36.1,83.1,0.435,8.0,24.7,0.324,21.9,25.9,0.845,13.4,34.7,48.1,18.6,15.6,6.0,7.6,2.4,23.0,20.9,102.1,5.4,9,9,1,8,1,8,13,2,10,13,2,11,10,16,15,15,16,6,2,2,15,16,11,10,10,14,2013-14
1610612748,Miami Heat,20,13,7,0.65,48.0,35.2,73.5,0.478,9.0,22.3,0.404,16.2,22.4,0.725,9.2,28.8,38.0,20.1,13.8,5.8,2.8,3.9,19.6,20.7,95.5,-1.8,2,2,11,2,8,6,2,15,13,9,15,1,3,2,5,2,3,10,6,1,1,12,2,13,5,3,2013-14
1610612760,Oklahoma City Thunder,19,10,9,0.526,49.3,38.7,87.6,0.442,7.6,21.7,0.35,18.6,24.7,0.751,11.8,30.1,41.9,22.8,11.5,8.5,3.1,6.2,22.2,23.0,103.5,1.1,3,3,15,4,4,13,14,5,6,5,5,7,6,9,12,5,10,15,14,15,2,1,7,5,12,8,2013-14
1610612757,Portland Trail Blazers,11,5,6,0.455,49.4,41.9,90.3,0.464,7.9,22.7,0.348,18.8,25.3,0.745,13.5,33.3,46.8,19.8,11.8,7.8,4.3,6.0,23.3,22.5,110.5,6.3,7,7,10,7,3,16,16,11,9,11,4,8,7,6,16,14,15,8,12,11,7,2,13,6,14,15,2013-14
1610612759,San Antonio Spurs,23,16,7,0.696,48.2,36.6,82.2,0.445,7.7,22.0,0.35,16.2,21.1,0.769,9.6,30.6,40.2,17.7,14.2,6.6,3.7,3.5,21.6,19.8,97.0,-9.3,1,1,11,1,7,10,11,6,7,6,6,2,1,11,9,8,7,2,5,6,5,13,5,16,7,1,2013-14
1610612761,Toronto Raptors,7,3,4,0.429,48.0,34.6,75.0,0.461,6.7,22.1,0.303,21.9,29.4,0.743,9.4,27.7,37.1,18.3,11.7,8.4,3.6,3.0,24.1,25.9,97.7,1.6,9,9,1,8,8,5,3,9,3,8,1,11,15,5,7,1,2,3,13,14,3,14,15,2,8,10,2013-14
1610612764,Washington Wizards,11,6,5,0.545,48.5,32.9,76.5,0.43,6.3,17.0,0.369,17.4,23.5,0.737,8.5,30.3,38.7,19.2,12.6,6.2,4.3,5.6,21.2,22.3,89.5,-0.9,7,5,9,3,6,1,5,1,2,2,12,5,5,3,3,6,5,7,10,4,7,3,4,8,1,4,2013-14
1610612737,Atlanta Hawks,16,8,8,0.5,48.6,36.6,85.0,0.43,9.4,25.2,0.375,15.6,22.1,0.708,11.5,35.6,47.1,21.3,14.0,6.8,4.3,4.9,19.2,19.7,98.2,0.2,4,4,15,6,9,7,10,5,8,6,13,4,5,6,11,12,13,8,8,3,1,10,3,13,6,7,2014-15
1610612738,Boston Celtics,4,0,4,0.0,48.0,35.0,80.0,0.438,9.8,30.5,0.32,24.3,31.5,0.77,12.0,35.0,47.0,16.8,12.5,7.8,7.8,3.8,23.3,26.8,104.0,9.3,14,14,1,14,12,4,1,8,10,14,4,15,14,13,14,9,12,1,11,10,16,14,13,2,11,14,2014-15
1610612751,Brooklyn Nets,6,2,4,0.333,48.8,38.3,87.0,0.441,11.2,31.5,0.354,14.0,18.0,0.778,10.0,35.7,45.7,25.7,13.3,10.0,4.7,3.3,18.5,19.0,101.8,5.5,10,10,1,10,4,11,13,10,14,16,9,1,1,15,4,14,8,13,9,16,2,15,1,15,9,11,2014-15
1610612741,Chicago Bulls,12,6,6,0.5,48.8,34.2,84.0,0.407,7.6,22.6,0.336,16.7,21.8,0.766,11.7,31.9,43.6,19.7,12.5,8.1,7.1,6.6,20.3,18.8,92.6,-3.4,6,6,12,6,4,1,8,1,4,4,6,5,4,12,13,3,3,3,11,13,15,2,6,16,1,4,2014-15
1610612739,Cleveland Cavaliers,20,14,6,0.7,48.8,34.9,83.1,0.419,7.9,25.5,0.31,17.4,22.9,0.761,10.1,31.4,41.5,20.2,11.7,6.8,4.7,6.4,22.5,20.9,95.0,-4.0,2,2,12,2,6,3,5,3,5,7,2,7,6,10,5,1,1,5,15,3,4,3,12,10,2,2,2014-15
1610612742,Dallas Mavericks,5,1,4,0.2,48.0,40.0,85.8,0.466,9.2,26.2,0.351,25.0,36.8,0.679,11.2,34.8,46.0,23.4,14.4,7.8,5.2,4.6,24.6,27.2,114.2,4.2,12,12,1,12,12,15,12,14,7,9,8,16,16,3,9,7,9,11,5,11,7,12,14,1,16,10,2014-15
1610612744,Golden State Warriors,21,16,5,0.762,48.7,34.8,83.4,0.417,6.8,22.4,0.304,19.0,26.1,0.73,11.1,32.6,43.7,19.9,14.3,8.5,4.7,5.8,20.9,22.4,95.5,-7.8,1,1,10,1,7,2,6,2,2,3,1,11,9,9,8,5,5,4,6,14,2,5,10,8,3,1,2014-15
1610612745,Houston Rockets,17,9,8,0.529,48.0,41.1,89.4,0.46,9.6,28.6,0.337,18.8,26.6,0.704,12.0,34.8,46.8,24.1,14.4,8.6,5.4,5.5,27.2,23.4,110.6,2.5,3,3,15,5,12,16,16,13,9,13,7,10,11,5,14,8,11,12,4,15,8,7,16,7,15,9,2014-15
1610612746,Los Angeles Clippers,14,7,7,0.5,48.4,37.6,84.4,0.446,10.0,28.1,0.355,21.1,32.4,0.653,11.6,35.6,47.3,23.1,14.1,7.2,4.9,5.9,25.1,24.8,106.4,-1.4,5,5,14,6,11,10,9,11,11,12,10,13,15,2,12,13,14,10,7,6,6,4,15,5,12,5,2014-15
1610612763,Memphis Grizzlies,11,6,5,0.545,48.0,35.1,80.5,0.436,10.4,27.8,0.373,15.5,19.9,0.776,9.7,33.9,43.6,20.2,14.6,5.8,5.6,4.1,20.4,19.4,96.0,1.3,7,6,10,4,12,5,2,6,12,10,12,3,2,14,3,6,4,6,2,1,9,13,7,14,4,8,2014-15
1610612749,Milwaukee Bucks,6,2,4,0.333,49.7,36.5,83.5,0.437,11.2,28.0,0.399,16.7,23.0,0.725,11.3,38.7,50.0,26.2,17.5,7.7,7.0,6.7,18.8,21.2,100.8,12.3,10,10,1,10,1,6,7,7,14,11,15,5,7,8,10,16,16,15,1,9,14,1,2,9,8,15,2014-15
1610612740,New Orleans Pelicans,4,0,4,0.0,49.3,39.3,87.5,0.449,11.8,31.0,0.379,18.5,26.5,0.698,14.0,32.5,46.5,25.8,12.3,7.3,6.3,5.8,19.8,23.8,108.8,8.0,14,14,1,14,2,13,15,12,16,15,14,8,10,4,16,4,10,14,14,7,12,6,4,6,13,13,2014-15
1610612757,Portland Trail Blazers,5,1,4,0.2,48.0,37.2,85.0,0.438,4.6,12.4,0.371,21.6,25.4,0.85,9.6,35.0,44.6,18.8,8.2,7.2,6.2,5.2,20.0,20.6,100.6,6.8,12,12,1,12,12,9,10,9,1,1,11,14,8,16,2,9,6,2,16,5,11,9,5,11,7,12,2014-15
1610612759,San Antonio Spurs,7,3,4,0.429,48.7,38.7,83.0,0.466,7.0,21.0,0.333,18.6,28.7,0.647,9.4,35.4,44.9,21.0,12.4,7.4,6.1,4.7,20.9,24.9,103.0,-0.4,9,9,1,9,7,12,4,15,3,2,5,9,13,1,1,11,7,7,13,8,10,11,9,4,10,6,2014-15
1610612761,Toronto Raptors,4,0,4,0.0,49.3,39.5,82.0,0.482,10.8,24.3,0.443,20.5,28.5,0.719,11.0,37.3,48.3,26.3,14.5,6.5,6.5,2.3,20.5,25.0,110.3,14.0,14,14,1,14,2,14,3,16,13,5,16,12,12,7,7,15,15,16,3,2,13,16,8,3,14,16,2014-15
1610612764,Washington Wizards,10,6,4,0.6,48.5,36.8,87.1,0.423,8.2,25.8,0.318,15.4,20.2,0.762,10.5,31.7,42.2,22.9,13.3,8.0,4.8,5.3,21.9,20.0,97.2,-3.9,8,6,1,3,10,8,14,4,6,8,3,2,3,11,6,2,2,9,10,12,5,8,11,12,5,3,2014-15
1610612737,Atlanta Hawks,10,4,6,0.4,48.5,36.4,88.0,0.414,12.9,34.1,0.378,15.4,21.0,0.733,11.8,34.1,45.9,22.9,14.1,7.0,5.5,7.6,20.9,20.2,101.1,1.0,7,8,11,10,4,7,16,3,15,15,12,4,4,8,11,12,11,15,5,6,12,1,7,12,9,8,2015-16
1610612738,Boston Celtics,6,2,4,0.333,48.8,37.0,87.2,0.424,9.8,32.0,0.307,16.7,21.3,0.781,8.5,39.0,47.5,22.7,14.8,8.0,8.7,6.5,20.0,22.0,100.5,6.7,11,11,1,11,2,8,14,5,9,14,2,6,5,13,2,16,15,14,2,12,15,3,4,5,8,11,2015-16
1610612766,Charlotte Hornets,7,3,4,0.429,48.0,37.9,81.3,0.466,8.3,20.4,0.406,15.1,20.6,0.736,9.4,37.7,47.1,19.1,12.1,4.1,7.1,3.3,21.6,17.4,99.1,8.9,9,9,1,8,7,11,4,13,5,3,14,3,2,9,7,15,13,5,13,1,14,14,10,16,7,13,2015-16
1610612739,Cleveland Cavaliers,21,16,5,0.762,48.0,35.3,79.6,0.444,10.5,29.7,0.353,15.0,20.6,0.729,8.7,29.3,38.0,20.6,13.0,6.3,4.5,4.2,21.0,19.6,96.1,-8.6,2,1,10,1,7,4,3,8,13,12,7,2,2,5,4,1,1,7,11,4,5,9,8,13,4,2,2015-16
1610612742,Dallas Mavericks,5,1,4,0.2,48.0,39.4,82.8,0.476,10.2,28.0,0.364,23.0,29.4,0.782,13.6,33.6,47.2,21.4,13.0,7.6,4.6,2.4,22.4,24.0,112.0,18.2,13,13,1,13,7,14,8,14,11,10,10,16,16,14,14,9,14,10,10,10,7,16,15,2,16,14,2015-16
1610612765,Detroit Pistons,4,0,4,0.0,48.0,38.5,83.5,0.461,14.3,34.5,0.413,12.3,16.8,0.731,10.0,31.0,41.0,22.0,8.5,5.8,2.5,3.3,20.3,19.0,103.5,8.5,15,15,1,15,7,13,9,12,16,16,15,1,1,7,9,5,5,13,16,3,1,15,5,14,13,12,2015-16
1610612744,Golden State Warriors,24,15,9,0.625,48.2,37.3,86.9,0.429,9.2,27.0,0.339,19.7,27.0,0.728,12.5,33.4,45.8,19.7,14.8,8.5,5.2,5.5,22.1,22.0,103.3,-4.4,1,2,15,2,6,10,13,6,8,9,6,13,14,4,12,8,10,6,2,14,10,6,13,6,12,4,2015-16
1610612745,Houston Rockets,5,1,4,0.2,48.0,40.8,84.4,0.483,11.6,28.8,0.403,16.8,25.2,0.667,9.8,33.8,43.6,28.8,14.2,9.2,5.4,4.2,22.2,25.6,110.0,18.8,13,13,1,13,7,16,10,15,14,11,13,8,11,1,8,10,7,16,4,15,11,10,14,1,15,15,2015-16
1610612754,Indiana Pacers,7,3,4,0.429,48.0,32.4,82.4,0.393,7.1,25.3,0.282,20.3,26.6,0.763,14.7,29.7,44.4,16.1,13.9,7.6,4.6,5.6,21.7,22.3,92.3,-1.4,9,9,1,8,7,1,7,1,3,8,1,15,13,10,16,2,9,2,6,9,6,5,11,4,1,6,2015-16
1610612746,LA Clippers,6,2,4,0.333,48.0,35.3,86.3,0.409,10.0,29.7,0.337,16.7,23.0,0.725,14.0,36.8,50.8,21.3,13.2,5.7,3.5,4.7,23.8,20.5,97.3,-1.0,11,11,1,11,7,4,12,2,10,12,5,6,9,3,15,14,16,8,9,2,3,8,16,10,5,7,2015-16
1610612763,Memphis Grizzlies,4,0,4,0.0,48.0,37.0,76.3,0.485,10.3,21.8,0.471,18.8,22.8,0.824,8.0,34.0,42.0,21.5,13.8,9.8,9.3,4.0,17.5,21.5,103.0,22.0,15,15,1,15,7,8,1,16,12,4,16,11,8,16,1,11,6,12,8,16,16,11,1,8,11,16,2015-16
1610612748,Miami Heat,14,7,7,0.5,49.1,34.0,81.9,0.415,5.9,18.6,0.319,19.8,25.4,0.778,8.5,30.4,38.9,14.2,10.9,7.1,3.4,5.9,19.6,21.2,93.7,-3.1,5,5,13,5,1,2,6,4,1,1,4,14,12,12,2,4,2,1,15,7,2,4,2,9,3,5,2015-16
1610612760,Oklahoma City Thunder,18,11,7,0.611,48.0,37.9,85.1,0.446,9.0,24.3,0.371,16.2,22.2,0.73,9.3,29.8,39.1,21.3,12.4,8.2,4.0,5.4,21.2,20.3,101.1,-5.3,4,3,13,3,7,12,11,9,7,6,11,5,7,6,6,3,3,8,12,13,4,7,9,11,10,3,2015-16
1610612757,Portland Trail Blazers,11,5,6,0.455,48.5,39.7,87.2,0.456,8.9,24.8,0.359,19.2,27.2,0.706,11.3,35.5,46.8,21.5,11.1,7.7,5.9,3.9,21.8,23.5,107.5,2.5,6,7,11,7,5,15,15,10,6,7,8,12,15,2,10,13,12,11,14,11,13,12,12,3,14,9,2015-16
1610612759,San Antonio Spurs,10,6,4,0.6,48.0,34.9,81.3,0.429,6.2,20.1,0.308,16.9,21.8,0.775,12.5,31.1,43.6,18.1,15.0,6.9,4.7,7.0,19.9,18.2,92.9,-9.1,7,6,1,4,7,3,5,7,2,2,3,9,6,11,13,6,7,4,1,5,8,2,3,15,2,1,2015-16
1610612761,Toronto Raptors,20,10,10,0.5,48.8,35.6,77.3,0.461,8.2,22.5,0.363,18.3,23.1,0.794,8.7,32.3,41.0,17.6,13.8,7.2,4.9,3.7,20.5,21.9,97.7,4.3,3,4,16,5,3,6,2,11,4,5,9,10,10,15,5,7,4,3,7,8,9,13,6,7,6,10,2015-16
1610612737,Atlanta Hawks,6,2,4,0.333,48.0,39.3,86.7,0.454,8.3,26.5,0.314,19.7,24.2,0.814,9.7,31.7,41.3,21.2,13.0,9.2,7.5,3.3,24.8,21.3,106.7,1.2,10,10,2,10,6,11,12,3,1,7,2,11,9,15,8,8,10,7,9,16,15,13,16,7,10,8,2016-17
1610612738,Boston Celtics,18,9,9,0.5,48.3,39.7,83.8,0.473,9.8,27.7,0.353,19.0,23.8,0.797,11.3,33.2,44.5,22.6,14.2,7.4,5.2,4.1,19.0,20.8,108.1,2.9,1,3,16,5,5,12,10,11,7,8,8,9,7,10,15,11,13,12,4,5,12,11,4,12,12,9,2016-17
1610612741,Chicago Bulls,6,2,4,0.333,48.0,38.5,84.0,0.458,12.7,37.3,0.339,13.7,18.0,0.759,9.3,29.7,39.0,27.3,12.3,8.2,3.7,5.2,17.2,18.3,103.3,6.8,10,10,2,10,6,10,11,7,14,16,4,1,1,6,7,1,2,16,13,13,3,4,1,16,5,13,2016-17
1610612739,Cleveland Cavaliers,18,13,5,0.722,48.0,40.2,88.0,0.457,11.2,30.9,0.363,16.6,20.7,0.802,10.3,29.9,40.2,25.3,13.2,7.4,3.8,4.7,22.3,18.8,108.3,-7.9,1,2,10,2,6,14,14,6,11,11,9,2,2,12,12,3,7,14,8,8,4,8,13,14,13,2,2016-17
1610612744,Golden State Warriors,17,16,1,0.941,48.0,38.3,89.2,0.429,10.2,30.0,0.341,18.9,24.7,0.767,11.1,32.1,43.2,20.1,14.0,8.4,3.8,6.1,21.6,21.8,105.8,-13.5,3,1,1,1,6,8,15,1,9,9,5,8,10,7,14,9,12,5,5,15,5,3,12,5,7,1,2016-17
1610612745,Houston Rockets,11,6,5,0.545,48.5,40.7,89.5,0.455,8.4,26.5,0.316,16.7,23.9,0.7,13.0,33.8,46.8,22.5,12.5,7.9,7.0,4.6,19.5,20.9,106.5,-1.2,6,6,10,3,3,15,16,4,2,6,3,3,8,1,16,13,16,11,11,11,14,9,6,10,9,3,2016-17
1610612754,Indiana Pacers,4,0,4,0.0,48.0,40.0,82.8,0.483,13.5,33.5,0.403,19.3,26.8,0.72,10.0,29.8,39.8,19.8,12.8,7.0,6.3,3.8,18.3,22.8,112.8,4.0,15,15,2,15,6,13,7,15,16,14,13,10,14,2,11,2,3,4,10,3,13,12,2,2,14,10,2016-17
1610612746,LA Clippers,7,3,4,0.429,48.0,36.1,75.7,0.477,9.7,25.0,0.389,16.9,23.3,0.724,6.6,31.0,37.6,20.1,12.1,7.4,3.1,2.4,20.9,20.3,98.9,1.1,9,9,2,7,6,2,2,13,6,3,12,4,5,3,1,6,1,6,14,7,1,16,9,13,2,7,2016-17
1610612763,Memphis Grizzlies,6,2,4,0.333,48.8,37.2,77.2,0.482,9.8,24.0,0.41,20.5,24.8,0.826,9.8,30.2,40.0,16.3,11.3,5.2,3.8,2.5,19.2,22.2,104.7,8.3,10,10,2,10,1,4,3,14,8,1,15,13,11,16,9,4,5,1,16,1,6,15,5,4,6,14,2016-17
1610612749,Milwaukee Bucks,6,2,4,0.333,48.0,32.3,74.0,0.437,8.5,24.2,0.352,20.7,25.7,0.805,7.2,34.7,41.8,18.0,14.3,7.5,4.7,5.0,21.2,21.3,93.8,0.7,10,10,2,10,6,1,1,2,3,2,7,14,12,13,2,14,11,3,3,9,9,5,10,7,1,6,2016-17
1610612760,Oklahoma City Thunder,5,1,4,0.2,48.0,38.2,83.8,0.456,9.6,33.8,0.284,26.8,33.6,0.798,10.6,34.8,45.4,16.6,14.8,7.4,5.0,8.0,22.6,22.2,112.8,8.6,14,14,2,14,6,7,9,5,5,15,1,16,16,11,13,15,14,2,1,6,10,1,15,3,15,15,2016-17
1610612757,Portland Trail Blazers,4,0,4,0.0,48.0,42.3,87.3,0.484,12.5,31.0,0.403,22.5,28.5,0.789,8.0,38.5,46.5,27.3,12.5,8.3,10.3,4.8,18.8,21.8,119.5,18.0,15,15,2,15,6,16,13,16,13,12,14,15,15,9,5,16,15,15,12,14,16,6,3,6,16,16,2016-17
1610612759,San Antonio Spurs,16,8,8,0.5,48.6,38.1,82.4,0.462,12.7,33.3,0.382,17.1,21.1,0.813,8.7,31.1,39.8,22.4,13.8,7.9,3.9,4.7,21.3,18.8,106.1,-1.0,4,4,15,5,2,6,6,9,15,13,11,5,3,14,6,7,3,10,6,12,7,7,11,15,8,4,2016-17
1610612761,Toronto Raptors,10,4,6,0.4,48.0,36.7,78.7,0.466,11.5,26.1,0.441,17.5,23.2,0.754,7.5,32.5,40.0,22.0,13.5,7.6,5.0,4.4,19.9,20.9,102.4,5.7,8,7,12,8,6,3,4,10,12,5,16,6,4,4,4,10,5,9,7,10,10,10,7,11,3,12,2016-17
1610612762,Utah Jazz,11,4,7,0.364,48.0,37.9,79.5,0.477,8.9,25.5,0.35,17.8,23.5,0.757,7.5,33.4,40.8,21.7,11.5,6.6,3.3,3.2,20.4,21.1,102.5,4.7,6,7,14,9,6,5,5,12,4,4,6,7,6,5,3,12,9,8,15,2,2,14,8,9,4,11,2016-17
1610612764,Washington Wizards,13,7,6,0.538,48.4,38.3,83.5,0.459,11.1,30.3,0.365,20.4,26.5,0.77,9.9,30.8,40.8,25.0,14.6,7.0,4.4,6.6,22.5,23.0,108.1,0.0,5,5,12,4,4,9,8,8,10,10,10,12,13,8,10,5,8,13,2,3,8,2,14,1,11,5,2016-17
1610612738,Boston Celtics,19,11,8,0.579,48.5,37.5,81.4,0.461,9.2,27.5,0.335,16.4,22.4,0.734,8.5,34.5,42.9,21.1,13.5,5.9,5.6,4.1,21.4,20.4,100.7,-0.7,3,3,15,3,2,5,2,10,1,4,4,5,8,3,5,9,6,6,11,1,12,12,13,10,3,5,2017-18
1610612739,Cleveland Cavaliers,22,12,10,0.545,48.5,38.3,82.0,0.467,10.2,29.5,0.347,16.0,20.6,0.775,8.2,31.9,40.0,22.4,11.8,6.5,4.4,4.4,21.9,19.5,102.9,1.7,1,2,16,5,5,8,3,12,7,8,7,3,3,10,3,4,3,11,14,3,6,9,14,13,5,8,2017-18
1610612744,Golden State Warriors,21,16,5,0.762,48.2,37.0,87.4,0.423,10.2,32.5,0.313,16.2,21.0,0.771,10.3,32.7,43.0,20.4,13.6,7.5,3.6,5.8,19.4,19.7,100.4,-10.0,2,1,10,1,6,2,14,1,6,15,1,4,5,9,12,7,7,4,10,9,2,4,3,12,2,1,2017-18
1610612745,Houston Rockets,17,11,6,0.647,48.0,38.5,82.6,0.465,10.6,27.9,0.382,15.5,20.7,0.75,8.5,35.1,43.6,21.4,14.0,6.8,4.4,5.5,19.5,19.1,103.1,-1.8,4,3,12,2,7,9,4,11,10,5,13,1,4,5,6,10,11,7,5,6,5,5,6,15,6,4,2017-18
1610612754,Indiana Pacers,7,3,4,0.429,48.0,33.1,76.3,0.434,10.4,32.4,0.322,18.1,23.9,0.76,9.1,29.6,38.7,17.1,14.4,6.6,3.6,2.7,20.3,21.9,94.9,-5.7,9,9,1,8,7,1,1,2,8,14,2,11,11,7,10,1,1,1,3,4,1,16,8,5,1,2,2017-18
1610612748,Miami Heat,5,1,4,0.2,48.0,39.2,87.4,0.449,11.4,31.4,0.363,24.4,31.8,0.767,13.2,36.8,50.0,26.6,16.0,9.0,4.2,6.4,24.0,29.2,114.2,10.8,13,13,1,13,7,11,13,7,13,10,10,16,16,8,16,15,16,15,1,14,4,2,15,1,15,16,2017-18
1610612749,Milwaukee Bucks,7,3,4,0.429,48.7,37.0,83.6,0.443,10.1,29.0,0.35,18.3,24.3,0.753,10.7,32.4,43.1,21.6,13.0,6.6,4.1,6.7,19.4,22.9,102.4,0.6,9,9,1,8,1,2,8,4,5,7,8,12,12,6,14,5,8,8,12,4,3,1,3,2,4,6,2017-18
1610612750,Minnesota Timberwolves,5,1,4,0.2,48.0,39.2,88.0,0.445,15.0,43.4,0.346,17.0,22.8,0.746,9.0,34.2,43.2,20.8,8.4,6.8,6.2,3.2,17.6,18.2,110.4,8.8,13,13,1,13,7,11,15,5,16,16,6,6,9,4,9,8,9,5,16,7,15,14,1,16,12,13,2017-18
1610612740,New Orleans Pelicans,9,5,4,0.556,48.0,42.3,92.4,0.458,10.4,31.9,0.328,15.7,19.8,0.792,10.1,36.7,46.8,25.6,13.8,9.2,4.9,5.0,19.0,19.3,110.8,0.8,8,5,1,4,7,15,16,9,9,12,3,2,1,12,11,14,13,13,8,15,8,7,2,14,13,7,2017-18
1610612760,Oklahoma City Thunder,6,2,4,0.333,48.0,38.2,84.2,0.453,11.3,31.5,0.36,17.8,26.0,0.686,11.3,35.5,46.8,20.0,15.2,8.7,5.5,4.2,20.7,21.7,105.5,4.3,11,11,1,11,7,7,10,8,12,11,9,10,14,1,15,11,14,3,2,13,10,10,10,6,9,11,2017-18
1610612755,Philadelphia 76ers,10,5,5,0.5,48.5,37.1,83.2,0.446,11.4,29.9,0.381,19.3,26.7,0.723,8.6,32.6,41.2,22.2,13.8,8.0,5.9,4.1,25.5,22.8,104.9,-3.9,6,5,10,6,3,4,7,6,13,9,12,14,15,2,7,6,5,10,7,11,13,11,16,3,8,3,2017-18
1610612757,Portland Trail Blazers,4,0,4,0.0,48.0,43.8,83.8,0.522,10.0,25.0,0.4,17.0,21.8,0.782,7.5,35.8,43.3,26.5,14.0,8.3,6.5,3.8,19.5,20.5,114.5,9.0,16,16,1,16,7,16,9,16,4,2,15,6,7,11,1,13,10,14,5,12,16,13,5,9,16,15,2017-18
1610612759,San Antonio Spurs,5,1,4,0.2,48.0,39.6,82.8,0.478,9.4,28.0,0.336,17.0,20.4,0.833,10.4,37.0,47.4,26.8,13.6,6.0,5.0,3.0,19.8,20.4,105.6,8.8,13,13,1,13,7,13,5,14,2,6,5,6,2,16,13,16,15,16,9,2,9,15,7,11,10,13,2017-18
1610612761,Toronto Raptors,10,4,6,0.4,48.5,41.8,86.0,0.486,9.4,24.3,0.387,18.7,22.9,0.817,8.1,31.1,39.2,23.7,11.3,7.3,4.8,6.1,20.3,22.6,111.7,4.4,6,8,12,10,3,14,11,15,2,1,14,13,10,15,2,2,2,12,15,8,7,3,9,4,14,12,2017-18
1610612762,Utah Jazz,11,5,6,0.455,48.0,37.9,86.6,0.438,11.7,32.3,0.363,17.0,21.1,0.806,8.5,35.7,44.2,18.2,12.6,9.4,5.5,5.0,20.9,20.5,104.5,2.2,5,5,12,7,7,6,12,3,15,13,11,6,6,14,4,12,12,2,13,16,11,7,11,8,7,10,2017-18
1610612764,Washington Wizards,6,2,4,0.333,48.0,39.2,82.8,0.473,11.0,26.8,0.41,19.8,24.8,0.799,8.8,31.7,40.5,22.2,14.2,7.5,6.2,5.2,21.3,21.0,109.2,2.0,11,11,1,11,7,10,6,13,11,3,16,15,13,13,8,3,4,9,4,10,14,6,12,7,11,9,2017-18
1610612738,Boston Celtics,9,5,4,0.556,48.0,36.9,87.6,0.421,12.3,36.2,0.34,17.4,24.4,0.714,8.8,37.4,46.2,22.1,12.2,7.2,4.3,3.8,21.0,20.8,103.6,1.4,8,8,1,5,7,5,10,2,10,14,7,4,7,1,5,12,11,6,12,8,6,13,4,13,3,8,2018-19
1610612751,Brooklyn Nets,5,1,4,0.2,48.0,46.0,93.2,0.494,9.0,26.8,0.336,21.4,27.8,0.77,13.8,39.2,53.0,27.0,16.4,7.8,6.0,2.8,24.2,22.8,122.4,11.0,11,11,1,11,7,16,16,14,2,2,5,15,15,8,16,14,15,14,1,10,13,16,15,5,15,14,2018-19
1610612743,Denver Nuggets,14,7,7,0.5,49.4,39.9,89.0,0.449,8.6,25.9,0.331,18.9,24.9,0.759,11.6,34.7,46.4,20.0,9.6,5.4,4.7,4.6,21.9,21.3,107.3,-1.9,5,5,13,7,2,10,11,11,1,1,4,9,9,4,14,5,12,4,15,2,8,8,8,12,10,6,2018-19
1610612765,Detroit Pistons,4,0,4,0.0,48.0,44.0,86.3,0.51,12.5,33.8,0.37,21.3,28.0,0.759,9.8,43.5,53.3,28.5,14.5,5.8,8.8,4.0,20.0,24.3,121.8,23.8,15,15,1,15,7,14,6,16,12,10,13,13,16,6,7,16,16,15,6,4,16,10,2,2,14,16,2018-19
1610612744,Golden State Warriors,22,14,8,0.636,48.5,38.4,86.1,0.446,13.1,36.3,0.361,21.0,25.9,0.81,10.1,30.8,41.0,22.5,14.7,7.8,3.9,5.7,22.3,23.2,110.8,-3.4,2,2,14,3,4,8,5,8,15,15,10,12,12,14,9,2,2,7,5,11,4,2,10,4,11,3,2018-19
1610612745,Houston Rockets,11,6,5,0.545,48.5,38.0,86.6,0.439,10.5,34.4,0.307,18.8,24.7,0.761,11.1,32.0,43.1,24.3,14.5,8.2,4.6,5.1,21.5,21.6,105.4,-3.2,7,7,10,6,4,7,8,6,6,12,1,8,8,7,13,3,3,11,7,14,7,7,6,11,6,4,2018-19
1610612754,Indiana Pacers,4,0,4,0.0,48.0,35.5,80.0,0.444,11.8,29.5,0.398,16.5,21.8,0.759,7.5,40.3,47.8,20.3,16.0,5.5,3.0,3.5,19.5,20.0,99.3,7.5,15,15,1,15,7,2,1,7,8,4,14,3,3,4,2,15,13,5,2,3,1,14,1,14,1,11,2018-19
1610612746,LA Clippers,6,2,4,0.333,48.0,44.7,89.0,0.502,12.8,32.2,0.399,22.3,25.8,0.865,10.3,35.7,46.0,31.2,14.3,7.0,7.5,3.3,25.8,25.0,124.5,9.8,10,10,1,10,7,15,11,15,14,7,15,16,11,16,10,10,10,16,9,6,15,15,16,1,16,13,2018-19
1610612749,Milwaukee Bucks,15,10,5,0.667,48.7,36.5,90.0,0.406,12.3,36.1,0.341,18.6,23.2,0.802,8.5,36.5,45.1,22.6,12.1,7.0,4.7,6.4,23.3,21.8,104.0,-8.8,4,3,10,1,3,3,15,1,10,13,8,6,4,12,3,11,7,8,14,6,9,1,13,9,4,1,2018-19
1610612760,Oklahoma City Thunder,5,1,4,0.2,48.0,39.8,89.0,0.447,12.8,31.6,0.405,18.6,23.6,0.788,10.6,34.8,45.4,17.4,14.4,8.0,5.8,5.4,23.4,24.2,111.0,5.8,11,11,1,11,7,9,11,10,13,6,16,6,5,10,12,6,9,1,8,13,11,4,14,3,12,10,2018-19
1610612753,Orlando Magic,5,1,4,0.2,48.0,40.4,84.4,0.479,12.0,32.6,0.368,13.6,16.0,0.85,7.0,37.6,44.6,26.2,12.2,8.4,4.2,4.0,23.0,18.8,106.4,14.4,11,11,1,11,7,13,4,13,9,8,12,1,1,15,1,13,6,13,13,15,5,10,12,16,8,15,2018-19
1610612755,Philadelphia 76ers,12,7,5,0.583,48.0,37.1,86.4,0.429,10.3,33.2,0.309,21.3,26.3,0.81,9.5,30.6,40.1,19.4,12.7,7.9,3.4,5.4,22.1,22.4,105.7,-3.0,6,5,10,4,7,6,7,4,4,9,2,13,13,13,6,1,1,3,11,12,2,3,9,8,7,5,2018-19
1610612757,Portland Trail Blazers,16,8,8,0.5,49.6,39.9,89.6,0.446,10.3,30.3,0.339,20.9,26.3,0.796,12.9,35.4,48.3,24.0,13.0,7.3,5.9,5.1,22.8,22.8,111.1,1.4,3,4,14,7,1,11,14,9,4,5,6,11,14,11,15,7,14,10,10,9,12,6,11,6,13,7,2018-19
1610612759,San Antonio Spurs,7,3,4,0.429,48.0,40.0,87.0,0.46,9.7,27.0,0.36,15.4,20.9,0.74,10.4,33.6,44.0,26.0,9.1,4.6,3.6,4.0,20.0,19.4,105.1,1.9,9,9,1,9,7,12,9,12,3,3,9,2,2,2,11,4,4,12,16,1,3,10,2,15,5,9,2018-19
1610612761,Toronto Raptors,24,16,8,0.667,48.4,35.3,83.2,0.424,11.1,33.8,0.329,19.4,25.0,0.775,9.8,35.5,45.3,23.6,15.4,6.5,5.0,4.6,21.8,22.6,101.1,-5.5,1,1,14,1,6,1,2,3,7,11,3,10,10,9,8,8,8,9,3,5,10,9,7,7,2,2,2018-19
1610612762,Utah Jazz,5,1,4,0.2,48.0,36.6,84.2,0.435,15.4,42.2,0.365,18.4,24.4,0.754,8.6,35.6,44.2,18.4,15.2,9.2,7.0,5.4,21.4,21.8,107.0,9.2,11,11,1,11,7,4,3,5,16,16,11,5,6,3,4,9,5,2,4,16,14,4,5,9,9,12,2018-19
1610612738,Boston Celtics,17,10,7,0.588,48.9,36.4,86.0,0.423,11.4,36.6,0.311,20.1,25.1,0.803,8.8,32.9,41.8,22.2,12.6,6.5,4.8,4.8,22.0,22.3,104.4,-5.0,4,3,13,4,2,1,9,1,1,11,1,11,11,10,8,5,3,8,12,4,11,4,7,8,1,2,2019-20
1610612751,Brooklyn Nets,4,0,4,0.0,48.0,45.0,91.0,0.495,17.8,41.0,0.433,18.5,23.5,0.787,9.3,41.8,51.0,30.5,12.0,7.0,5.5,4.5,22.5,21.3,126.3,20.5,14,14,1,14,11,15,16,15,15,14,16,8,6,8,10,15,16,16,13,8,14,5,11,12,15,16,2019-20
1610612742,Dallas Mavericks,6,2,4,0.333,48.8,45.2,90.2,0.501,14.0,34.7,0.404,22.3,27.5,0.812,8.7,37.7,46.3,21.2,12.0,7.2,3.3,3.7,24.5,22.5,126.7,9.7,11,11,1,11,3,16,14,16,11,4,14,15,14,13,7,12,12,3,13,11,2,12,16,5,16,12,2019-20
1610612743,Denver Nuggets,19,9,10,0.474,48.3,39.2,82.2,0.477,12.2,32.7,0.373,19.2,24.6,0.779,9.5,31.0,40.5,22.5,13.6,7.5,4.0,4.0,22.1,22.4,109.7,2.3,3,4,16,7,10,9,3,12,5,2,10,9,10,6,12,2,2,9,10,13,6,8,8,7,6,9,2019-20
1610612745,Houston Rockets,12,5,7,0.417,48.4,38.7,83.7,0.462,12.1,34.8,0.347,17.5,22.8,0.769,9.1,38.9,48.0,21.1,17.1,6.3,4.9,3.5,18.6,22.2,106.9,-0.8,6,7,13,10,8,6,4,8,4,6,4,4,4,5,9,14,13,2,1,3,12,14,2,10,4,8,2019-20
1610612754,Indiana Pacers,4,0,4,0.0,48.0,37.5,80.8,0.464,13.0,33.3,0.391,23.3,29.8,0.782,9.3,36.3,45.5,24.0,14.3,8.8,4.3,5.5,15.8,23.3,111.3,10.5,14,14,1,14,11,5,1,9,9,3,13,16,16,7,10,10,10,12,7,14,8,1,1,2,11,13,2019-20
1610612746,LA Clippers,13,7,6,0.538,48.4,39.8,84.8,0.469,12.5,34.7,0.359,17.8,23.6,0.752,8.3,34.5,42.8,22.0,13.7,6.9,4.1,3.7,22.3,22.9,109.8,-4.2,5,5,12,5,9,11,6,11,8,5,8,5,7,3,6,7,6,6,9,6,7,11,9,3,7,3,2019-20
1610612747,Los Angeles Lakers,21,16,5,0.762,48.0,36.9,81.4,0.453,11.8,32.5,0.363,20.4,25.3,0.806,7.4,29.9,37.3,21.8,14.5,7.0,3.1,5.3,22.4,22.7,106.0,-6.9,1,1,10,1,11,3,2,6,2,1,9,12,12,11,2,1,1,5,6,7,1,3,10,4,3,1,2019-20
1610612748,Miami Heat,21,14,7,0.667,48.5,38.7,84.8,0.456,12.4,35.8,0.347,18.2,23.1,0.788,9.9,32.9,42.7,23.8,14.1,7.3,4.5,3.9,22.6,19.9,108.0,-2.0,1,2,13,2,7,6,5,7,7,9,5,7,5,9,14,4,5,11,8,12,9,10,12,14,5,6,2019-20
1610612749,Milwaukee Bucks,10,5,5,0.5,48.5,37.2,84.9,0.438,15.0,40.0,0.375,20.5,24.2,0.847,7.2,36.5,43.7,24.3,14.9,7.1,3.6,4.2,21.2,21.7,109.9,-1.2,8,7,10,6,6,4,7,4,12,12,11,13,9,15,1,11,9,13,5,10,3,7,5,11,8,7,2019-20
1610612760,Oklahoma City Thunder,7,3,4,0.429,48.7,39.4,90.7,0.435,18.3,51.0,0.359,13.3,16.4,0.809,7.4,35.9,43.3,21.4,12.7,9.3,3.9,4.0,23.0,17.1,110.4,6.4,9,9,1,8,4,10,15,3,16,16,7,1,1,12,2,8,8,4,11,16,5,8,14,16,10,10,2019-20
1610612753,Orlando Magic,5,1,4,0.2,48.0,42.4,88.0,0.482,15.8,41.2,0.383,15.6,21.8,0.716,8.0,42.4,50.4,27.4,16.6,7.0,3.8,3.2,20.6,21.0,116.2,9.2,12,12,1,12,11,13,12,13,14,15,12,3,3,2,5,16,15,15,2,8,4,15,4,13,13,11,2019-20
1610612755,Philadelphia 76ers,4,0,4,0.0,48.0,39.0,86.3,0.452,12.3,35.0,0.35,22.0,27.0,0.815,9.8,33.5,43.3,19.0,10.5,6.8,5.5,4.5,24.3,22.3,112.3,11.8,14,14,1,14,11,8,11,5,6,7,6,14,13,14,13,6,7,1,16,5,14,5,15,9,12,15,2019-20
1610612757,Portland Trail Blazers,5,1,4,0.2,48.0,42.8,88.4,0.484,12.0,35.0,0.343,19.6,28.0,0.7,12.4,36.0,48.4,26.0,15.0,8.8,5.8,3.6,22.8,25.0,117.2,10.6,12,12,1,12,11,14,13,14,3,7,3,10,15,1,16,9,14,14,4,15,16,13,13,1,14,14,2019-20
1610612761,Toronto Raptors,11,7,4,0.636,48.9,36.8,85.9,0.429,13.5,40.3,0.336,18.1,23.6,0.765,7.9,38.2,46.1,23.5,15.3,6.2,5.0,5.5,20.3,22.5,105.3,-4.1,7,5,1,3,1,2,8,2,10,13,2,6,8,4,4,13,11,10,3,2,13,2,3,6,2,4,2019-20
1610612762,Utah Jazz,7,3,4,0.429,48.7,40.1,86.1,0.466,15.1,36.0,0.421,14.6,17.1,0.85,10.6,31.4,42.0,22.1,12.0,4.9,4.6,3.1,21.3,19.0,110.0,-3.4,9,9,1,8,4,12,10,10,13,10,15,2,2,16,15,3,4,7,13,1,10,16,6,15,9,5,2019-20
1610612737,Atlanta Hawks,18,10,8,0.556,48.0,39.8,87.1,0.458,10.9,31.2,0.351,17.2,23.8,0.722,11.1,34.6,45.7,22.9,12.8,7.7,4.3,4.4,20.3,21.2,107.8,1.5,4,3,14,5,6,9,8,6,2,3,5,7,11,2,13,11,15,9,5,14,7,6,9,5,7,8,2020-21
1610612738,Boston Celtics,5,1,4,0.2,48.0,42.0,84.6,0.496,14.4,33.8,0.426,25.0,27.4,0.912,10.4,31.2,41.6,24.0,11.4,7.2,6.6,7.0,23.4,21.0,123.4,11.2,12,12,1,12,6,10,3,15,13,5,16,16,15,16,11,2,3,12,12,11,14,1,14,7,14,14,2020-21
1610612751,Brooklyn Nets,12,7,5,0.583,48.4,39.0,88.9,0.439,11.3,34.9,0.322,16.9,22.5,0.752,11.4,33.7,45.1,19.3,12.9,6.5,6.2,4.8,18.6,21.2,106.2,-6.3,5,5,9,3,5,4,13,1,3,9,2,6,9,4,14,9,13,1,4,7,12,4,2,6,5,2,2020-21
1610612742,Dallas Mavericks,7,3,4,0.429,48.0,39.0,80.0,0.488,13.4,36.0,0.373,19.7,23.4,0.841,8.9,33.1,42.0,22.6,11.0,6.9,5.0,2.1,20.6,20.3,111.1,5.1,9,9,1,8,6,4,1,12,10,12,9,12,10,13,5,6,6,8,14,9,10,16,10,12,9,9,2020-21
1610612743,Denver Nuggets,10,4,6,0.4,49.0,43.0,87.5,0.491,14.8,35.5,0.417,19.5,22.4,0.871,8.2,35.0,43.2,23.8,11.5,5.8,4.9,4.3,20.3,20.4,120.3,5.5,8,8,12,9,3,13,10,14,14,10,15,10,7,15,4,12,8,11,11,4,9,7,8,11,12,10,2020-21
1610612746,LA Clippers,19,10,9,0.526,48.0,39.3,85.3,0.461,14.1,36.1,0.391,14.8,19.4,0.764,9.7,32.1,41.8,20.5,11.7,5.3,2.7,4.3,21.3,19.5,107.5,-4.1,3,3,16,7,6,6,5,8,12,13,12,2,3,6,8,3,4,2,10,3,1,8,13,15,6,5,2020-21
1610612747,Los Angeles Lakers,6,2,4,0.333,48.0,37.5,81.8,0.458,11.7,32.5,0.359,17.3,20.7,0.839,8.0,33.8,41.8,24.3,12.5,7.2,5.0,4.0,21.0,20.5,104.0,6.5,10,10,1,10,6,1,2,7,6,4,7,8,4,12,1,10,5,13,6,10,10,12,11,9,1,11,2020-21
1610612763,Memphis Grizzlies,5,1,4,0.2,48.0,42.2,86.4,0.488,16.8,41.4,0.406,22.2,26.2,0.847,9.8,35.8,45.6,23.0,13.6,5.2,6.2,4.0,19.2,20.6,123.4,8.4,12,12,1,12,6,11,6,13,16,16,13,15,13,14,9,14,14,10,2,2,13,12,4,8,14,13,2020-21
1610612748,Miami Heat,4,0,4,0.0,49.3,44.3,94.5,0.468,13.3,40.5,0.327,16.8,22.3,0.753,15.3,43.8,59.0,26.8,15.0,7.5,3.0,3.5,20.0,20.5,118.5,20.5,16,16,1,16,2,15,16,9,9,15,3,4,5,5,16,16,16,16,1,13,2,14,5,9,11,16,2020-21
1610612749,Milwaukee Bucks,23,16,7,0.696,48.4,39.6,87.2,0.454,12.0,34.2,0.352,13.9,17.2,0.808,8.1,33.3,41.4,20.9,13.2,7.3,3.8,4.2,20.1,18.0,105.2,-5.1,1,1,13,1,4,8,9,5,7,6,6,1,1,8,3,8,2,6,3,12,5,9,6,16,4,3,2020-21
1610612752,New York Knicks,5,1,4,0.2,48.0,37.6,84.8,0.443,12.8,35.6,0.36,16.0,19.2,0.833,8.0,36.2,44.2,20.6,10.8,4.8,6.8,2.8,19.0,19.8,104.0,7.0,12,12,1,12,6,2,4,3,8,11,8,3,2,11,1,15,10,3,15,1,15,15,3,13,1,12,2020-21
1610612755,Philadelphia 76ers,12,7,5,0.583,48.0,39.5,87.8,0.45,9.2,28.8,0.319,20.6,26.8,0.769,9.6,33.2,42.8,20.8,12.5,6.0,3.8,6.2,23.8,23.0,108.8,-7.5,5,5,9,3,6,7,11,4,1,1,1,13,14,7,6,7,7,4,6,5,4,2,16,3,8,1,2020-21
1610612756,Phoenix Suns,22,14,8,0.636,48.0,38.1,86.6,0.44,11.5,34.5,0.333,16.8,22.5,0.747,10.9,32.7,43.6,20.9,11.8,6.6,3.6,4.2,18.5,19.7,104.5,-4.5,2,2,14,2,6,3,7,2,5,7,4,5,8,3,12,5,9,5,9,8,3,10,1,14,3,4,2020-21
1610612757,Portland Trail Blazers,6,2,4,0.333,49.7,43.0,91.2,0.472,15.2,37.3,0.406,19.7,24.3,0.808,11.7,32.7,44.3,26.0,11.2,6.2,4.5,5.5,20.2,23.2,120.8,1.3,10,10,1,10,1,13,15,10,15,14,14,11,12,9,15,4,11,14,13,6,8,3,7,2,13,7,2020-21
1610612762,Utah Jazz,11,6,5,0.545,48.0,42.9,88.5,0.485,13.5,34.7,0.39,18.4,22.3,0.824,10.0,30.2,40.2,21.4,10.5,7.9,4.3,4.1,21.1,21.5,117.7,0.8,7,7,9,6,6,12,12,11,11,8,11,9,6,10,10,1,1,7,16,15,6,11,12,4,10,6,2020-21
1610612764,Washington Wizards,5,1,4,0.2,48.0,45.8,89.6,0.511,11.4,30.2,0.377,21.0,29.8,0.705,9.6,35.2,44.8,26.6,11.8,8.6,7.2,4.8,23.8,24.0,124.0,14.0,12,12,1,12,6,16,14,16,4,2,10,14,16,1,7,13,12,15,8,16,16,5,15,1,16,15,2020-21
1610612737,Atlanta Hawks,5,1,4,0.2,48.0,39.8,85.6,0.465,13.2,38.4,0.344,16.6,21.2,0.783,8.2,31.8,40.0,25.4,13.2,9.4,3.0,2.4,23.4,21.6,109.4,12.0,13,13,1,13,3,11,11,10,9,14,6,5,4,7,6,8,5,12,10,15,2,16,14,7,9,15,2021-22
1610612738,Boston Celtics,24,14,10,0.583,48.0,37.6,86.2,0.436,11.2,33.6,0.332,15.6,20.0,0.78,10.2,32.1,42.3,20.9,13.3,8.2,4.7,6.3,21.7,20.7,102.0,-3.6,1,2,16,3,3,5,13,2,4,7,3,3,3,6,13,9,11,4,9,12,9,3,8,13,3,3,2021-22
1610612751,Brooklyn Nets,4,0,4,0.0,48.0,41.3,84.3,0.49,12.3,34.5,0.355,18.8,22.8,0.824,11.0,28.5,39.5,25.8,14.0,8.8,4.0,6.5,24.5,24.8,113.5,4.5,16,16,1,16,3,14,8,14,7,9,8,11,9,15,15,2,4,13,6,14,5,2,16,3,14,10,2021-22
1610612741,Chicago Bulls,5,1,4,0.2,48.0,40.6,86.0,0.472,14.0,36.8,0.38,14.6,21.2,0.689,8.2,43.6,51.8,23.4,15.4,6.4,4.8,3.2,17.8,18.6,109.8,14.6,13,13,1,13,3,13,12,11,13,11,13,2,4,1,6,16,16,6,4,4,10,14,1,16,10,16,2021-22
1610612742,Dallas Mavericks,18,9,9,0.5,48.0,38.9,81.7,0.477,10.2,29.0,0.352,17.5,21.9,0.799,10.2,34.9,45.1,23.5,13.3,5.1,3.6,2.8,22.1,21.1,105.6,-0.7,3,4,15,6,3,9,5,12,3,2,7,6,7,9,12,13,13,7,8,1,4,15,9,11,6,6,2021-22
1610612743,Denver Nuggets,5,1,4,0.2,48.0,42.0,81.6,0.515,15.2,36.0,0.422,18.8,26.8,0.701,7.0,28.8,35.8,28.6,13.0,9.4,6.2,3.4,23.2,25.0,118.0,8.0,13,13,1,13,3,15,4,15,15,10,16,12,15,2,2,3,2,16,11,15,15,13,13,2,16,13,2021-22
1610612744,Golden State Warriors,22,16,6,0.727,48.0,37.5,85.5,0.439,14.2,37.8,0.375,17.5,23.0,0.761,9.9,31.8,41.7,24.1,13.9,7.3,4.9,5.0,19.3,21.5,106.8,-5.0,2,1,10,1,3,4,10,3,14,13,12,9,11,4,10,7,9,10,7,9,12,5,2,8,7,1,2021-22
1610612763,Memphis Grizzlies,12,6,6,0.5,48.0,39.1,86.6,0.451,13.7,37.6,0.364,18.3,22.8,0.802,9.6,35.7,45.3,25.0,17.9,6.8,6.8,6.1,23.8,20.8,110.1,-2.4,6,7,10,6,3,10,14,6,11,12,10,10,9,10,9,15,14,11,1,7,16,4,15,12,11,4,2021-22
1610612748,Miami Heat,18,11,7,0.611,48.0,34.7,77.8,0.446,11.5,34.0,0.338,19.6,23.9,0.817,8.1,32.3,40.4,20.6,15.5,6.2,4.6,3.7,21.4,21.4,100.4,-3.8,3,3,14,2,3,1,1,5,5,8,4,13,12,14,5,10,7,3,3,3,8,10,7,9,1,2,2021-22
1610612749,Milwaukee Bucks,12,7,5,0.583,48.0,36.6,86.9,0.421,13.5,39.7,0.34,14.6,18.1,0.806,7.8,35.4,43.3,24.0,12.8,6.7,5.5,4.5,20.2,19.2,101.3,-1.5,6,5,9,3,3,3,15,1,10,15,5,1,1,12,4,14,12,8,13,6,13,7,3,15,2,5,2021-22
1610612750,Minnesota Timberwolves,6,2,4,0.333,48.0,39.8,87.8,0.454,11.5,31.7,0.363,23.5,32.3,0.727,12.5,33.8,46.3,25.8,16.0,8.2,6.2,7.8,23.2,26.8,114.7,5.5,9,9,1,9,3,12,16,7,5,3,9,16,16,3,16,12,15,14,2,12,14,1,11,1,15,11,2021-22
1610612740,New Orleans Pelicans,6,2,4,0.333,48.0,43.3,82.8,0.523,8.7,27.2,0.319,16.0,19.8,0.807,7.5,28.2,35.7,26.8,11.0,7.8,4.0,3.5,22.7,21.2,111.3,1.5,9,9,1,9,3,16,7,16,1,1,2,4,2,13,3,1,1,15,15,11,5,12,10,10,12,9,2021-22
1610612755,Philadelphia 76ers,12,6,6,0.5,48.4,38.5,84.7,0.455,9.7,32.3,0.299,17.5,21.8,0.805,10.0,30.0,40.0,21.1,11.7,7.1,4.2,4.3,20.5,20.6,104.2,-0.3,6,7,10,6,2,8,9,8,2,4,1,6,6,11,11,5,5,5,14,8,7,8,5,14,4,7,2021-22
1610612756,Phoenix Suns,13,7,6,0.538,48.0,38.2,82.6,0.462,12.7,33.2,0.383,19.6,25.3,0.775,10.9,29.7,40.6,19.3,13.0,7.7,3.0,3.8,21.2,22.5,108.6,1.0,5,5,10,5,3,6,6,9,8,5,14,14,13,5,14,4,8,1,11,10,2,9,6,4,8,8,2021-22
1610612761,Toronto Raptors,6,2,4,0.333,48.8,38.2,78.2,0.488,13.7,33.5,0.408,21.5,25.3,0.849,8.3,33.5,41.8,24.0,14.5,5.2,4.8,4.8,20.3,22.2,111.5,8.3,9,9,1,9,1,7,2,13,11,6,15,15,14,16,8,11,10,8,5,2,11,6,4,5,13,14,2021-22
1610612762,Utah Jazz,6,2,4,0.333,48.0,35.8,80.7,0.444,15.5,41.8,0.371,17.5,22.2,0.789,6.0,31.7,37.7,19.3,8.7,6.5,2.3,3.7,23.2,22.0,104.7,5.7,9,9,1,9,3,2,3,4,16,16,11,6,8,8,1,6,3,2,16,5,1,10,11,6,5,12,2021-22
1610612737,Atlanta Hawks,6,2,4,0.333,48.0,46.2,90.2,0.512,15.8,39.0,0.406,13.0,16.5,0.788,8.7,36.3,45.0,27.3,12.8,6.5,7.2,4.8,16.5,16.3,121.2,5.3,10,10,1,10,9,15,12,14,16,14,13,1,2,6,4,15,10,16,8,5,15,5,2,15,14,11,2022-23
1610612738,Boston Celtics,20,11,9,0.55,48.3,39.9,87.7,0.455,12.7,33.5,0.378,16.3,19.2,0.849,9.8,31.6,41.3,21.2,12.4,7.4,4.7,6.4,17.7,17.2,108.6,-3.4,1,3,16,4,7,7,8,7,10,7,11,6,4,15,5,5,4,2,12,10,10,2,5,14,7,3,2022-23
1610612751,Brooklyn Nets,4,0,4,0.0,48.0,38.5,85.5,0.45,13.5,33.3,0.406,13.3,15.3,0.869,13.3,35.3,48.5,21.8,13.3,8.5,4.0,3.8,18.8,15.5,103.8,11.3,16,16,1,16,9,4,6,5,11,6,14,2,1,16,15,14,15,3,6,12,5,13,6,16,3,16,2022-23
1610612739,Cleveland Cavaliers,5,1,4,0.2,48.0,36.0,83.8,0.43,8.4,29.8,0.282,19.2,25.4,0.756,15.0,30.4,45.4,18.2,15.2,10.0,4.6,4.0,17.4,20.4,99.6,5.4,12,12,1,12,9,2,4,1,1,2,1,13,14,3,16,3,11,1,1,16,8,11,3,7,1,12,2022-23
1610612743,Denver Nuggets,17,13,4,0.765,48.3,39.8,85.0,0.469,10.5,29.8,0.351,17.2,21.4,0.807,8.1,30.1,38.2,23.9,11.3,5.5,4.7,3.8,21.1,19.8,107.4,-7.8,3,1,1,1,6,6,5,11,3,3,8,9,7,13,3,2,1,9,16,2,11,12,11,9,6,1,2022-23
1610612744,Golden State Warriors,13,6,7,0.462,48.0,40.9,91.0,0.45,11.2,34.3,0.325,20.2,26.2,0.774,11.3,34.6,45.9,23.2,12.6,7.5,4.6,4.6,19.6,22.9,113.2,0.2,5,6,13,8,9,8,14,4,7,9,4,14,15,5,11,12,12,6,10,11,9,7,8,2,10,6,2022-23
1610612746,LA Clippers,5,1,4,0.2,48.0,44.6,86.6,0.515,9.6,23.6,0.407,23.2,28.8,0.806,10.6,32.2,42.8,26.6,12.2,8.6,6.2,4.2,21.2,23.0,122.0,6.4,12,12,1,12,9,14,7,15,2,1,15,16,16,12,9,6,7,13,13,13,14,10,12,1,15,13,2022-23
1610612747,Los Angeles Lakers,16,8,8,0.5,48.3,41.1,93.6,0.439,13.9,39.9,0.35,13.9,17.3,0.804,12.5,33.8,46.3,26.8,13.1,5.9,3.8,6.4,21.3,17.4,109.9,-2.4,4,4,15,7,5,9,16,3,14,15,7,3,3,10,14,9,13,14,7,4,3,1,13,13,8,4,2022-23
1610612763,Memphis Grizzlies,6,2,4,0.333,48.8,42.0,90.7,0.463,10.8,35.0,0.31,17.3,21.7,0.8,11.3,38.3,49.7,24.7,14.8,7.0,9.2,3.5,17.5,20.5,112.2,7.5,10,10,1,10,3,11,13,10,4,11,2,10,9,9,12,16,16,10,2,7,16,15,4,6,9,14,2022-23
1610612748,Miami Heat,20,13,7,0.65,48.3,38.7,83.8,0.462,12.1,37.0,0.326,17.9,23.6,0.758,10.5,32.8,43.3,22.9,13.7,5.7,4.5,3.5,19.0,20.0,107.3,-3.4,1,1,13,2,7,5,3,9,8,12,5,11,11,4,8,8,8,4,5,3,7,16,7,8,5,2,2022-23
1610612749,Milwaukee Bucks,5,1,4,0.2,49.0,46.6,89.8,0.519,15.4,34.2,0.45,15.4,20.6,0.748,7.4,35.2,42.6,25.2,14.8,8.8,3.4,3.6,20.4,18.8,124.0,5.2,12,12,1,12,1,16,11,16,15,8,16,4,6,1,1,13,6,12,3,14,1,14,9,11,16,10,2022-23
1610612750,Minnesota Timberwolves,5,1,4,0.2,49.0,42.2,87.8,0.481,12.6,32.4,0.389,17.2,21.8,0.789,10.2,34.6,44.8,25.0,12.0,7.2,3.4,4.8,23.0,21.6,114.2,8.8,12,12,1,12,1,12,9,13,9,5,12,8,10,7,7,11,9,11,14,8,1,6,16,5,11,15,2022-23
1610612752,New York Knicks,11,6,5,0.545,48.0,35.9,82.5,0.436,10.9,34.7,0.314,17.0,21.5,0.792,9.8,29.0,38.8,23.4,12.8,6.5,3.8,4.5,21.6,19.5,99.7,-0.4,6,6,11,5,9,1,2,2,5,10,3,7,8,8,6,1,2,7,9,6,4,8,14,10,2,5,2022-23
1610612755,Philadelphia 76ers,11,7,4,0.636,48.5,37.2,81.5,0.456,13.6,37.3,0.366,16.1,20.0,0.805,7.5,32.6,40.2,22.9,11.6,5.5,5.5,5.3,16.0,18.7,104.1,1.5,6,5,1,3,4,3,1,8,13,13,10,5,5,11,2,7,3,5,15,1,12,4,1,12,4,7,2022-23
1610612756,Phoenix Suns,11,6,5,0.545,48.0,42.5,88.5,0.48,11.1,30.4,0.365,20.5,24.6,0.83,11.2,31.0,42.2,23.6,12.4,7.3,4.0,5.6,20.8,22.0,116.5,2.3,6,6,11,5,9,13,10,12,6,4,9,15,12,14,10,4,5,8,11,9,5,3,10,4,13,9,2022-23
1610612758,Sacramento Kings,7,3,4,0.429,48.0,41.7,92.0,0.453,13.6,41.4,0.328,18.9,25.1,0.75,12.0,34.4,46.4,27.0,14.4,8.9,5.6,4.3,22.7,22.6,115.9,2.1,9,9,1,9,9,10,15,6,12,16,6,12,13,2,13,10,14,15,4,15,13,9,15,3,12,8,2022-23
