TEAM_ID,TEAM_NAME,GP,W,L,W_PCT,MIN,E_OFF_RATING,OFF_RATING,E_DEF_RATING,DEF_RATING,E_NET_RATING,NET_RATING,AST_PCT,AST_TO,AST_RATIO,OREB_PCT,DREB_PCT,REB_PCT,TM_TOV_PCT,EFG_PCT,TS_PCT,E_PACE,PACE,PACE_PER40,POSS,PIE,GP_RANK,W_RANK,L_RANK,W_PCT_RANK,MIN_RANK,OFF_RATING_RANK,DEF_RATING_RANK,NET_RATING_RANK,AST_PCT_RANK,AST_TO_RANK,AST_RATIO_RANK,OREB_PCT_RANK,DREB_PCT_RANK,REB_PCT_RANK,TM_TOV_PCT_RANK,EFG_PCT_RANK,TS_PCT_RANK,PACE_RANK,PIE_RANK,SEASON
1610612737,Atlanta Hawks,10,4,6,0.4,480.0,101.8,103.6,105.8,107.0,-4.0,-3.4,0.498,0.96,13.5,0.323,0.681,0.512,0.187,0.485,0.541,87.1,85.9,71.58,859,0.48,6,7,12,8,6,10,9,9,14,15,14,7,7,4,15,7,7,14,8,1996-97
1610612766,Charlotte Hornets,3,0,3,0.0,144.0,106.2,107.1,118.6,117.7,-12.4,-10.6,0.505,1.38,14.9,0.355,0.748,0.523,0.149,0.492,0.535,89.0,89.0,74.17,268,0.42,13,13,1,13,13,5,14,13,11,9,10,2,1,2,7,5,8,7,14,1996-97
1610612741,Chicago Bulls,19,15,4,0.789,912.0,105.2,106.0,98.4,100.1,6.8,5.9,0.596,1.67,16.6,0.358,0.693,0.517,0.142,0.47,0.512,88.2,87.13,72.61,1659,0.56,2,1,9,1,2,7,3,1,9,3,8,1,3,3,4,14,15,13,1,1996-97
1610612765,Detroit Pistons,5,2,3,0.4,240.0,101.3,101.9,102.7,104.3,-1.4,-2.4,0.42,1.42,12.6,0.237,0.683,0.447,0.114,0.471,0.513,84.9,84.0,70.0,420,0.451,9,9,1,8,10,13,4,8,16,7,15,16,6,15,2,13,13,16,10,1996-97
1610612745,Houston Rockets,16,9,7,0.563,773.0,109.5,111.6,108.3,109.6,1.2,2.1,0.655,1.52,18.0,0.348,0.667,0.511,0.167,0.516,0.566,91.6,90.19,75.16,1452,0.511,4,3,14,4,4,1,10,5,2,6,2,3,9,5,11,1,1,3,6,1996-97
1610612746,Los Angeles Clippers,3,0,3,0.0,144.0,103.4,104.9,118.6,118.9,-15.2,-13.9,0.5,1.36,14.0,0.268,0.635,0.432,0.136,0.476,0.527,88.9,88.17,73.47,264,0.362,13,13,1,13,13,9,15,16,12,10,13,14,14,16,3,12,11,8,16,1996-97
1610612747,Los Angeles Lakers,9,4,5,0.444,437.0,106.2,106.7,103.8,106.4,2.4,0.3,0.638,1.54,16.8,0.317,0.672,0.496,0.149,0.481,0.544,89.1,87.82,73.18,803,0.512,8,7,11,7,8,6,7,6,4,5,7,8,8,8,8,9,6,9,5,1996-97
1610612748,Miami Heat,17,8,9,0.471,816.0,96.6,98.1,97.1,97.9,-0.6,0.2,0.582,1.06,14.5,0.316,0.693,0.504,0.185,0.467,0.512,88.6,87.56,72.97,1489,0.481,3,4,16,6,3,16,1,7,10,14,11,10,4,6,14,15,14,12,7,1996-97
1610612750,Minnesota Timberwolves,3,0,3,0.0,144.0,108.4,111.2,118.7,122.9,-10.2,-11.7,0.6,2.57,18.6,0.316,0.636,0.461,0.104,0.487,0.516,92.7,90.0,75.0,269,0.425,13,13,1,13,13,2,16,14,8,1,1,9,13,13,1,6,12,5,13,1996-97
1610612752,New York Knicks,10,6,4,0.6,480.0,102.2,102.2,98.5,100.0,3.7,2.2,0.615,1.34,17.5,0.269,0.684,0.49,0.176,0.504,0.548,90.1,89.35,74.46,892,0.543,6,5,9,3,6,12,2,4,6,11,4,13,5,9,12,3,4,6,2,1996-97
1610612753,Orlando Magic,5,2,3,0.4,240.0,96.9,98.6,105.3,107.0,-8.4,-8.4,0.443,1.06,12.0,0.265,0.627,0.448,0.145,0.448,0.501,87.1,85.7,71.42,427,0.428,9,9,1,8,10,15,8,12,15,13,16,15,15,14,6,16,16,15,12,1996-97
1610612756,Phoenix Suns,5,2,3,0.4,245.0,99.2,101.2,113.6,113.9,-14.4,-12.7,0.663,1.41,16.9,0.279,0.667,0.471,0.164,0.478,0.528,98.1,96.98,80.82,495,0.434,9,9,1,8,9,14,13,15,1,8,6,12,9,12,10,11,9,1,11,1996-97
1610612757,Portland Trail Blazers,4,1,3,0.25,192.0,101.1,102.6,110.0,109.9,-8.9,-7.4,0.603,1.27,16.4,0.299,0.665,0.478,0.177,0.479,0.528,88.3,87.75,73.12,350,0.418,12,12,1,12,12,11,11,11,7,12,9,11,11,10,13,10,10,10,15,1996-97
1610612760,Seattle SuperSonics,12,6,6,0.5,586.0,110.6,110.3,103.7,105.8,6.9,4.5,0.637,1.72,17.5,0.334,0.658,0.497,0.143,0.494,0.551,94.4,93.54,77.95,1143,0.528,5,5,12,5,5,3,6,2,5,2,5,5,12,7,5,4,3,2,4,1996-97
1610612762,Utah Jazz,20,13,7,0.65,965.0,107.0,109.3,104.3,105.2,2.7,4.1,0.646,1.63,17.6,0.335,0.714,0.528,0.152,0.485,0.547,88.9,87.59,72.99,1758,0.536,1,2,14,2,1,4,5,3,3,4,3,4,2,1,9,8,5,11,3,1996-97
1610612764,Washington Bullets,3,0,3,0.0,144.0,103.5,105.6,111.3,111.8,-7.8,-6.3,0.5,0.91,14.2,0.328,0.604,0.477,0.207,0.505,0.563,91.3,90.17,75.14,270,0.455,13,13,1,13,13,8,12,10,12,16,12,6,16,11,16,2,2,4,9,1996-97
1610612737,Atlanta Hawks,4,1,3,0.25,192.0,103.5,102.6,99.7,100.3,3.8,2.3,0.519,1.33,14.8,0.291,0.762,0.519,0.15,0.495,0.528,85.4,85.5,71.25,341,0.492,12,12,1,12,12,8,4,5,15,9,12,12,1,5,7,4,8,14,6,1997-98
1610612766,Charlotte Hornets,9,4,5,0.444,432.0,96.0,96.3,104.0,103.6,-8.0,-7.4,0.641,1.5,18.0,0.277,0.676,0.479,0.164,0.479,0.509,85.8,85.83,71.53,774,0.458,7,5,9,5,8,15,9,13,5,7,4,14,10,13,11,9,13,13,10,1997-98
1610612741,Chicago Bulls,21,15,6,0.714,1018.0,106.2,107.9,98.7,99.9,7.6,8.1,0.601,1.63,16.7,0.37,0.682,0.519,0.146,0.472,0.523,86.6,85.41,71.18,1812,0.554,1,1,11,1,1,4,3,1,8,5,7,1,9,6,4,11,12,15,1,1997-98
1610612739,Cleveland Cavaliers,4,1,3,0.25,192.0,94.7,96.7,104.1,105.3,-9.4,-8.6,0.692,1.01,16.1,0.344,0.703,0.522,0.219,0.449,0.524,85.3,83.88,69.9,334,0.436,12,12,1,12,12,14,10,16,2,16,9,6,6,3,16,15,10,16,15,1997-98
1610612745,Houston Rockets,5,2,3,0.4,240.0,93.7,94.4,100.7,102.5,-7.0,-8.0,0.559,1.25,13.7,0.277,0.733,0.494,0.145,0.416,0.478,90.6,89.4,74.5,448,0.426,9,9,1,7,9,16,7,14,11,12,16,13,3,9,3,16,16,3,16,1997-98
1610612754,Indiana Pacers,16,10,6,0.625,773.0,104.4,105.6,100.9,102.9,3.5,2.7,0.598,1.31,16.3,0.297,0.635,0.474,0.168,0.499,0.556,87.7,86.34,71.95,1390,0.522,3,3,11,3,3,5,8,4,9,10,8,11,14,14,13,2,1,12,4,1997-98
1610612747,Los Angeles Lakers,13,7,6,0.538,624.0,111.1,111.8,108.2,111.4,2.9,0.4,0.637,1.76,17.8,0.363,0.642,0.502,0.144,0.514,0.553,90.8,89.23,74.36,1165,0.509,4,4,11,4,4,1,13,6,6,2,5,2,13,7,2,1,2,4,5,1997-98
1610612748,Miami Heat,5,2,3,0.4,240.0,99.3,99.5,102.0,102.3,-2.7,-2.7,0.547,1.21,14.4,0.239,0.697,0.468,0.155,0.483,0.529,87.9,87.7,73.08,439,0.464,9,9,1,7,9,12,6,9,12,13,14,16,7,16,8,8,7,8,9,1997-98
1610612750,Minnesota Timberwolves,5,2,3,0.4,240.0,101.1,102.5,107.9,109.1,-6.8,-6.6,0.699,1.66,18.3,0.335,0.67,0.492,0.159,0.462,0.508,89.1,88.0,73.33,440,0.451,9,9,1,7,9,9,12,11,1,4,2,7,12,11,9,13,14,6,12,1997-98
1610612751,New Jersey Nets,3,0,3,0.0,149.0,104.9,105.6,111.7,114.1,-6.7,-8.5,0.45,1.25,13.7,0.349,0.62,0.491,0.148,0.485,0.531,88.2,86.98,72.48,270,0.449,16,16,1,16,16,6,16,15,16,11,15,5,16,12,6,7,6,9,13,1997-98
1610612752,New York Knicks,10,4,6,0.4,485.0,98.2,99.1,101.2,101.8,-3.1,-2.7,0.584,1.17,15.5,0.311,0.74,0.523,0.18,0.472,0.523,89.1,88.38,73.65,894,0.478,5,5,11,7,5,13,5,8,10,15,11,8,2,2,15,12,11,5,8,1997-98
1610612756,Phoenix Suns,4,1,3,0.25,192.0,99.4,100.3,107.8,107.5,-8.4,-7.2,0.534,1.8,15.7,0.263,0.718,0.472,0.119,0.459,0.492,93.4,93.13,77.6,371,0.438,12,12,1,12,12,11,11,12,13,1,10,15,5,15,1,14,15,1,14,1997-98
1610612757,Portland Trail Blazers,4,1,3,0.25,192.0,105.8,108.7,112.0,112.1,-6.3,-3.4,0.667,1.48,18.1,0.363,0.696,0.519,0.177,0.489,0.542,93.6,92.25,76.87,367,0.454,12,12,1,12,12,3,14,10,4,8,3,3,8,4,14,6,3,2,11,1997-98
1610612759,San Antonio Spurs,9,4,5,0.444,437.0,103.0,103.4,98.5,99.7,4.5,3.6,0.52,1.2,14.6,0.304,0.727,0.528,0.163,0.489,0.536,88.5,87.76,73.13,799,0.527,7,5,9,5,7,7,2,2,14,14,13,9,4,1,10,5,5,7,3,1997-98
1610612760,Seattle SuperSonics,10,4,6,0.4,480.0,107.6,109.7,111.3,112.3,-3.7,-2.6,0.618,1.73,17.7,0.357,0.63,0.493,0.146,0.497,0.538,88.1,86.85,72.37,868,0.482,5,5,11,7,6,2,15,7,7,3,6,4,15,10,5,3,4,10,7,1997-98
1610612762,Utah Jazz,20,13,7,0.65,970.0,99.7,102.0,98.1,99.3,1.6,2.7,0.669,1.55,18.4,0.297,0.676,0.495,0.165,0.477,0.526,88.0,86.42,72.02,1744,0.537,2,2,16,2,2,10,1,3,3,6,1,10,11,8,12,10,9,11,2,1997-98
1610612737,Atlanta Hawks,9,3,6,0.333,432.0,91.5,94.8,97.3,98.5,-5.8,-3.7,0.486,0.97,12.1,0.342,0.703,0.511,0.171,0.415,0.47,85.9,83.83,69.86,756,0.463,6,6,13,11,6,14,4,10,15,16,16,4,7,5,10,15,15,14,9,1998-99
1610612765,Detroit Pistons,5,2,3,0.4,240.0,96.7,98.5,98.6,101.7,-2.0,-3.2,0.553,1.51,15.9,0.306,0.662,0.478,0.147,0.452,0.487,82.6,80.6,67.17,402,0.463,9,9,2,6,10,10,11,8,13,3,5,10,12,13,2,7,13,16,10,1998-99
1610612745,Houston Rockets,4,1,3,0.25,192.0,103.4,103.7,104.9,107.3,-1.5,-3.6,0.607,1.55,15.8,0.342,0.715,0.524,0.142,0.463,0.517,94.2,93.0,77.5,374,0.478,12,12,2,12,12,2,14,9,7,2,7,5,2,1,1,6,5,1,8,1998-99
1610612754,Indiana Pacers,13,9,4,0.692,629.0,103.0,105.3,99.5,100.9,3.5,4.4,0.631,1.31,16.7,0.336,0.679,0.512,0.178,0.485,0.54,89.9,88.37,73.64,1156,0.541,3,3,10,2,3,1,8,2,5,8,4,6,11,4,14,1,2,8,2,1998-99
1610612747,Los Angeles Lakers,8,3,5,0.375,384.0,99.6,101.9,103.4,104.3,-3.8,-2.4,0.553,1.39,15.4,0.306,0.686,0.486,0.152,0.473,0.508,94.0,92.56,77.14,738,0.462,7,6,11,9,7,4,13,7,12,7,9,11,9,11,5,5,8,3,11,1998-99
1610612748,Miami Heat,5,2,3,0.4,240.0,93.7,95.9,101.4,101.0,-7.7,-5.1,0.603,1.3,14.9,0.279,0.714,0.492,0.153,0.441,0.494,83.1,82.3,68.58,412,0.481,9,9,2,6,10,13,9,12,8,9,13,14,3,10,6,12,11,15,7,1998-99
1610612749,Milwaukee Bucks,3,0,3,0.0,149.0,102.2,102.9,111.0,113.6,-8.7,-10.7,0.588,1.22,15.9,0.308,0.621,0.471,0.176,0.484,0.542,91.1,89.72,74.77,278,0.43,15,15,2,15,15,3,16,15,9,12,6,9,15,15,13,2,1,6,13,1998-99
1610612750,Minnesota Timberwolves,4,1,3,0.25,192.0,90.4,92.5,99.7,99.4,-9.3,-6.9,0.586,1.29,15.3,0.348,0.718,0.521,0.167,0.412,0.453,88.0,87.13,72.6,348,0.416,12,12,2,12,12,16,5,13,10,11,11,3,1,3,9,16,16,11,15,1998-99
1610612752,New York Knicks,20,12,8,0.6,960.0,96.6,97.9,93.6,95.7,3.0,2.2,0.469,1.12,13.1,0.291,0.707,0.501,0.154,0.451,0.501,88.3,86.75,72.29,1736,0.504,1,2,16,3,1,11,2,3,16,13,15,12,5,7,7,10,9,12,4,1998-99
1610612753,Orlando Magic,4,1,3,0.25,192.0,93.3,94.5,102.1,101.9,-8.8,-7.4,0.712,1.04,15.4,0.363,0.59,0.475,0.208,0.422,0.49,91.5,91.0,75.83,365,0.427,12,12,2,12,12,15,12,14,1,14,10,2,16,14,16,14,12,4,14,1998-99
1610612755,Philadelphia 76ers,8,3,5,0.375,384.0,100.0,100.6,98.8,99.9,1.1,0.7,0.549,1.43,15.0,0.382,0.642,0.509,0.149,0.437,0.48,89.5,88.81,74.01,710,0.503,7,6,11,9,7,6,6,5,14,4,12,1,14,6,3,13,14,7,5,1998-99
1610612756,Phoenix Suns,3,0,3,0.0,144.0,98.4,99.6,109.5,110.4,-11.2,-10.8,0.644,1.6,17.5,0.264,0.701,0.447,0.151,0.473,0.512,93.8,92.83,77.36,278,0.389,15,15,2,15,16,8,15,16,4,1,2,16,8,16,4,4,6,2,16,1998-99
1610612757,Portland Trail Blazers,13,7,6,0.538,624.0,98.5,99.8,98.5,100.3,0.1,-0.4,0.62,1.3,15.6,0.288,0.707,0.5,0.163,0.451,0.518,87.7,86.35,71.96,1122,0.5,3,4,13,4,4,7,7,6,6,10,8,13,6,8,8,9,4,13,6,1998-99
1610612758,Sacramento Kings,5,2,3,0.4,250.0,94.2,96.0,99.4,101.1,-5.2,-5.1,0.562,1.02,14.2,0.324,0.65,0.483,0.189,0.446,0.497,92.3,90.62,75.52,472,0.441,9,9,2,6,9,12,10,11,11,15,14,8,13,12,15,11,10,5,12,1998-99
1610612759,San Antonio Spurs,17,15,2,0.882,816.0,100.7,101.1,90.4,92.9,10.3,8.1,0.674,1.43,17.8,0.274,0.68,0.495,0.171,0.48,0.535,88.8,87.41,72.84,1487,0.597,2,1,1,1,2,5,1,1,3,5,1,15,10,9,11,3,3,10,1,1998-99
1610612762,Utah Jazz,11,5,6,0.455,538.0,97.2,99.4,96.4,97.6,0.9,1.8,0.68,1.42,17.5,0.325,0.71,0.522,0.172,0.451,0.51,89.5,87.97,73.31,987,0.534,5,5,13,5,5,9,3,4,2,6,3,7,4,2,12,8,7,9,3,1998-99
1610612766,Charlotte Hornets,4,1,3,0.25,197.0,102.7,102.8,103.5,106.5,-0.8,-3.7,0.705,1.47,17.8,0.357,0.662,0.515,0.175,0.46,0.525,87.6,86.25,71.88,355,0.522,12,12,1,12,12,8,14,11,2,8,3,1,14,3,14,9,4,13,5,1999-00
1610612765,Detroit Pistons,3,0,3,0.0,144.0,86.4,87.2,98.9,98.2,-12.5,-11.0,0.524,0.86,12.7,0.213,0.748,0.471,0.186,0.435,0.49,91.6,91.5,76.25,274,0.375,15,15,1,15,15,16,3,16,14,16,15,16,3,14,16,14,13,4,16,1999-00
1610612754,Indiana Pacers,23,13,10,0.565,1109.0,107.1,108.9,103.3,105.7,3.8,3.1,0.582,1.75,16.5,0.293,0.694,0.498,0.129,0.488,0.545,91.6,89.77,74.81,2072,0.523,1,2,16,4,1,1,12,2,9,3,5,13,6,9,2,2,1,8,4,1999-00
1610612747,Los Angeles Lakers,23,15,8,0.652,1109.0,107.0,108.8,104.7,106.3,2.4,2.5,0.584,1.8,16.9,0.331,0.702,0.514,0.132,0.498,0.529,92.7,91.31,76.09,2110,0.517,1,1,15,1,2,2,13,4,8,2,4,5,5,4,4,1,3,5,6,1999-00
1610612748,Miami Heat,10,6,4,0.6,485.0,94.8,96.1,92.4,93.5,2.4,2.6,0.618,1.37,16.1,0.304,0.766,0.532,0.161,0.451,0.493,86.6,85.56,71.3,866,0.533,5,5,9,3,5,12,2,3,6,11,9,9,1,1,9,12,12,14,2,1999-00
1610612749,Milwaukee Bucks,5,2,3,0.4,240.0,103.6,105.0,102.3,103.7,1.3,1.3,0.545,1.75,16.4,0.318,0.68,0.505,0.129,0.479,0.52,92.4,91.1,75.92,457,0.534,9,9,1,8,9,5,8,5,12,4,6,7,12,6,3,5,5,6,1,1999-00
1610612750,Minnesota Timberwolves,4,1,3,0.25,192.0,99.5,102.4,101.7,103.9,-2.3,-1.5,0.686,2.0,19.6,0.316,0.675,0.491,0.141,0.467,0.506,85.7,83.63,69.69,333,0.494,12,12,1,12,13,9,9,9,4,1,1,8,13,13,6,7,11,16,7,1999-00
1610612752,New York Knicks,16,9,7,0.563,773.0,98.0,98.6,97.6,99.6,0.3,-1.0,0.469,1.24,13.3,0.238,0.683,0.469,0.137,0.462,0.512,86.3,85.2,71.0,1370,0.489,3,4,14,5,3,11,4,7,16,14,14,15,11,15,5,8,8,15,9,1999-00
1610612755,Philadelphia 76ers,10,5,5,0.5,485.0,102.2,105.6,105.9,106.7,-3.7,-1.1,0.558,1.5,15.2,0.35,0.689,0.511,0.142,0.452,0.507,90.2,88.43,73.69,892,0.462,5,6,10,6,5,4,15,8,11,7,12,2,9,5,7,11,10,11,13,1999-00
1610612756,Phoenix Suns,9,4,5,0.444,432.0,93.4,95.2,98.3,99.8,-4.9,-4.6,0.628,1.38,16.2,0.335,0.659,0.493,0.166,0.435,0.474,93.0,91.51,76.26,826,0.47,8,7,10,7,8,13,6,12,5,10,8,4,15,12,12,13,15,3,12,1999-00
1610612757,Portland Trail Blazers,16,10,6,0.625,768.0,104.5,106.3,99.4,100.6,5.2,5.7,0.593,1.52,16.3,0.296,0.711,0.505,0.146,0.481,0.541,88.4,87.1,72.58,1392,0.528,3,3,12,2,4,3,7,1,7,6,7,12,4,7,8,4,2,12,3,1999-00
1610612758,Sacramento Kings,5,2,3,0.4,240.0,102.1,103.0,110.6,112.0,-8.5,-9.0,0.494,1.38,13.3,0.29,0.619,0.456,0.128,0.456,0.512,94.4,93.4,77.83,468,0.442,9,9,1,8,9,7,16,15,15,9,13,14,16,16,1,10,9,1,15,1999-00
1610612759,San Antonio Spurs,4,1,3,0.25,192.0,87.5,89.3,89.3,90.2,-1.8,-0.9,0.531,0.92,12.4,0.304,0.69,0.502,0.178,0.391,0.457,93.2,91.75,76.46,366,0.474,12,12,1,12,13,15,1,6,13,15,16,10,8,8,15,16,16,2,11,1999-00
1610612760,Seattle SuperSonics,5,2,3,0.4,240.0,101.3,103.1,104.1,105.1,-2.9,-2.0,0.569,1.36,15.9,0.321,0.691,0.496,0.162,0.481,0.519,91.3,90.1,75.08,452,0.455,9,9,1,8,9,6,11,10,10,12,10,6,7,11,11,3,7,7,14,1999-00
1610612761,Toronto Raptors,3,0,3,0.0,144.0,94.0,94.0,99.5,99.6,-5.5,-5.6,0.687,1.33,15.4,0.34,0.754,0.528,0.161,0.403,0.477,88.5,88.5,73.75,267,0.487,15,15,1,15,15,14,5,14,3,13,11,3,2,2,10,15,14,10,10,1999-00
1610612762,Utah Jazz,10,4,6,0.4,480.0,98.5,99.8,103.1,105.1,-4.6,-5.3,0.713,1.58,18.9,0.298,0.685,0.497,0.168,0.475,0.519,90.0,88.6,73.83,885,0.492,5,7,12,8,7,10,10,13,1,5,2,11,10,10,13,6,6,9,8,1999-00
1610612766,Charlotte Hornets,10,6,4,0.6,480.0,105.4,106.1,97.7,98.6,7.7,7.5,0.581,1.63,15.8,0.325,0.695,0.507,0.134,0.462,0.521,91.2,90.45,75.37,902,0.538,6,5,10,2,6,2,2,2,10,7,9,5,4,5,3,7,5,8,2,2000-01
1610612742,Dallas Mavericks,10,4,6,0.4,480.0,100.8,103.0,105.9,107.4,-5.1,-4.4,0.528,1.47,14.0,0.306,0.682,0.484,0.13,0.436,0.501,91.0,89.4,74.5,895,0.45,6,7,12,7,6,7,13,10,13,10,13,8,8,9,2,12,10,11,13,2000-01
1610612754,Indiana Pacers,4,1,3,0.25,192.0,95.6,99.4,104.8,105.9,-9.2,-6.5,0.634,1.66,16.8,0.302,0.631,0.463,0.142,0.436,0.482,90.2,88.0,73.33,351,0.429,11,11,2,11,12,11,11,12,3,4,5,11,14,13,7,13,14,15,14,2000-01
1610612747,Los Angeles Lakers,16,15,1,0.938,773.0,108.8,109.8,95.3,96.4,13.5,13.4,0.596,1.63,17.1,0.356,0.718,0.541,0.149,0.505,0.542,94.4,93.45,77.88,1506,0.595,3,1,1,1,3,1,1,1,7,6,4,1,2,1,10,1,2,4,1,2000-01
1610612748,Miami Heat,3,0,3,0.0,144.0,85.0,84.8,110.3,110.2,-25.3,-25.4,0.562,0.89,14.0,0.233,0.687,0.458,0.202,0.447,0.484,91.7,91.83,76.53,277,0.317,15,15,2,15,15,16,14,16,12,16,12,15,7,14,16,10,13,6,16,2000-01
1610612749,Milwaukee Bucks,18,10,8,0.556,869.0,105.0,106.0,102.4,104.8,2.6,1.2,0.627,1.69,17.2,0.329,0.666,0.504,0.144,0.476,0.526,91.1,89.59,74.66,1625,0.515,2,3,15,3,2,3,10,4,4,3,3,4,11,7,8,5,3,9,3,2000-01
1610612750,Minnesota Timberwolves,4,1,3,0.25,192.0,90.4,92.7,98.8,100.0,-8.4,-7.3,0.602,1.45,15.3,0.305,0.73,0.508,0.144,0.406,0.461,90.1,88.5,73.75,354,0.457,11,11,2,11,12,14,4,13,6,11,11,9,1,4,9,15,15,12,11,2000-01
1610612752,New York Knicks,5,2,3,0.4,240.0,100.6,99.1,99.5,103.4,1.1,-4.3,0.467,1.07,13.7,0.234,0.659,0.468,0.163,0.496,0.545,90.6,89.5,74.58,449,0.483,9,9,2,7,9,12,8,9,16,14,15,14,12,11,14,2,1,10,8,2000-01
1610612753,Orlando Magic,4,1,3,0.25,197.0,104.5,105.9,110.2,111.6,-5.6,-5.6,0.564,1.96,16.4,0.29,0.617,0.456,0.116,0.479,0.511,95.9,94.66,78.88,388,0.462,11,11,2,11,11,4,16,11,11,1,6,12,16,15,1,4,7,3,10,2000-01
1610612755,Philadelphia 76ers,23,12,11,0.522,1109.0,101.6,104.3,103.3,104.5,-1.7,-0.1,0.586,1.61,15.9,0.352,0.693,0.516,0.14,0.445,0.498,89.8,88.1,73.42,2036,0.495,1,2,16,5,1,6,9,6,9,8,8,2,5,2,5,11,11,14,7,2000-01
1610612756,Phoenix Suns,4,1,3,0.25,192.0,88.7,89.8,98.0,100.3,-9.3,-10.4,0.625,1.55,15.7,0.303,0.639,0.465,0.14,0.404,0.445,99.9,98.13,81.77,394,0.452,11,11,2,11,12,15,5,14,5,9,10,10,13,12,4,16,16,2,12,2000-01
1610612757,Portland Trail Blazers,3,0,3,0.0,144.0,95.6,96.4,108.8,110.7,-13.2,-14.3,0.51,1.09,13.7,0.231,0.624,0.432,0.162,0.454,0.507,94.2,93.0,77.5,277,0.393,15,15,2,15,15,13,15,15,14,13,14,16,15,16,13,8,8,5,15,2000-01
1610612758,Sacramento Kings,8,3,5,0.375,384.0,97.5,99.5,98.6,99.1,-1.1,0.4,0.484,1.01,12.6,0.344,0.681,0.511,0.169,0.432,0.495,99.5,98.25,81.87,785,0.48,8,8,11,10,8,10,3,5,15,15,16,3,9,3,15,14,12,1,9,2000-01
1610612759,San Antonio Spurs,13,7,6,0.538,624.0,100.5,100.9,99.1,101.6,1.4,-0.7,0.588,1.41,16.0,0.273,0.67,0.484,0.154,0.475,0.521,91.9,90.58,75.48,1179,0.506,4,4,12,4,4,9,6,7,8,12,7,13,10,10,11,6,4,7,5,2000-01
1610612761,Toronto Raptors,12,6,6,0.5,576.0,102.0,104.6,102.3,103.0,-0.3,1.6,0.636,1.65,17.9,0.321,0.693,0.501,0.154,0.481,0.52,89.8,88.33,73.61,1057,0.511,5,5,12,6,5,5,7,3,2,5,2,6,6,8,12,3,6,13,4,2000-01
1610612762,Utah Jazz,5,2,3,0.4,240.0,101.0,103.0,104.5,107.1,-3.5,-4.1,0.703,1.9,18.6,0.312,0.709,0.505,0.14,0.447,0.503,89.3,87.3,72.75,435,0.502,9,9,2,7,9,8,12,8,1,2,1,7,3,6,6,9,9,16,6,2000-01
1610612738,Boston Celtics,16,9,7,0.563,768.0,99.1,99.9,95.6,96.7,3.5,3.2,0.571,1.33,15.3,0.277,0.723,0.502,0.155,0.469,0.515,92.3,91.38,76.15,1461,0.515,3,4,15,3,4,9,3,3,10,11,11,13,4,8,8,6,7,9,5,2001-02
1610612766,Charlotte Hornets,9,4,5,0.444,442.0,100.8,101.9,100.4,101.5,0.4,0.4,0.573,1.32,14.9,0.36,0.697,0.527,0.157,0.449,0.505,93.4,92.36,76.97,849,0.5,7,5,11,6,7,6,9,6,9,12,13,3,8,4,9,12,10,6,7,2001-02
1610612742,Dallas Mavericks,8,4,4,0.5,389.0,108.2,110.1,109.3,110.3,-1.1,-0.2,0.494,1.57,14.9,0.281,0.656,0.469,0.126,0.499,0.55,98.8,97.54,81.29,792,0.488,8,5,9,5,8,1,14,8,15,3,12,12,15,14,3,1,1,1,10,2001-02
1610612765,Detroit Pistons,10,4,6,0.4,480.0,93.8,95.3,93.0,96.0,0.8,-0.7,0.636,1.28,15.9,0.265,0.666,0.463,0.168,0.454,0.497,89.1,87.0,72.5,871,0.479,5,5,12,7,5,16,2,9,5,14,5,14,13,15,13,10,12,13,11,2001-02
1610612754,Indiana Pacers,5,2,3,0.4,250.0,95.7,96.6,93.9,95.4,1.8,1.2,0.609,1.16,16.8,0.239,0.711,0.491,0.192,0.489,0.533,92.7,91.49,76.24,474,0.52,9,9,1,7,9,14,1,5,6,15,2,16,5,12,16,2,2,8,4,2001-02
1610612747,Los Angeles Lakers,19,15,4,0.789,917.0,103.7,105.2,99.1,101.3,4.6,3.9,0.549,1.43,15.4,0.319,0.683,0.506,0.148,0.482,0.527,94.1,92.41,77.01,1767,0.531,2,1,9,1,2,3,7,1,12,6,10,6,10,7,5,3,5,5,2,2001-02
1610612750,Minnesota Timberwolves,3,0,3,0.0,144.0,104.5,104.8,113.2,115.8,-8.7,-11.0,0.444,1.02,12.3,0.327,0.762,0.537,0.161,0.475,0.53,98.6,97.33,81.11,292,0.432,15,15,1,15,15,5,16,15,16,16,16,5,1,3,11,5,3,2,15,2001-02
1610612751,New Jersey Nets,20,11,9,0.55,970.0,98.7,100.6,100.3,100.7,-1.6,-0.2,0.594,1.5,16.2,0.314,0.698,0.5,0.15,0.457,0.503,94.8,93.77,78.14,1896,0.491,1,2,16,4,1,7,6,7,7,5,4,9,7,9,6,9,11,4,9,2001-02
1610612753,Orlando Magic,4,1,3,0.25,202.0,98.5,98.2,103.4,103.9,-4.9,-5.8,0.586,1.63,15.5,0.24,0.633,0.444,0.126,0.451,0.509,90.6,90.53,75.45,382,0.458,13,13,1,13,13,12,11,12,8,2,9,15,16,16,2,11,8,11,12,2001-02
1610612755,Philadelphia 76ers,5,2,3,0.4,240.0,99.5,99.6,109.2,109.6,-9.7,-10.1,0.638,1.35,15.7,0.315,0.755,0.525,0.161,0.44,0.508,89.5,89.3,74.42,447,0.458,9,9,1,7,10,10,13,14,4,10,7,8,3,5,12,14,9,12,13,2001-02
1610612757,Portland Trail Blazers,3,0,3,0.0,144.0,94.3,98.9,104.1,105.1,-9.8,-6.2,0.66,1.41,15.8,0.352,0.761,0.542,0.159,0.423,0.485,94.8,92.17,76.81,277,0.44,15,15,1,15,15,11,12,13,2,7,6,4,2,1,10,16,15,7,14,2001-02
1610612758,Sacramento Kings,16,10,6,0.625,778.0,103.7,105.0,100.6,102.3,3.2,2.7,0.558,1.4,15.6,0.318,0.665,0.497,0.153,0.478,0.529,96.6,95.17,79.31,1540,0.527,3,3,12,2,3,4,10,4,11,8,8,7,14,10,7,4,4,3,3,2001-02
1610612759,San Antonio Spurs,10,4,6,0.4,480.0,103.6,105.3,99.5,101.5,4.2,3.8,0.514,1.52,14.5,0.302,0.681,0.495,0.128,0.465,0.518,88.2,86.65,72.21,865,0.535,5,5,12,7,5,2,8,2,13,4,15,11,12,11,4,7,6,15,1,2001-02
1610612760,Seattle SuperSonics,5,2,3,0.4,240.0,98.9,100.5,111.1,112.6,-12.2,-12.2,0.509,1.64,14.8,0.303,0.694,0.49,0.124,0.46,0.49,87.0,85.7,71.42,429,0.414,9,9,1,7,10,8,15,16,14,1,14,10,9,13,1,8,13,16,16,2001-02
1610612761,Toronto Raptors,5,2,3,0.4,240.0,93.3,96.3,99.3,100.0,-6.0,-3.7,0.644,1.31,16.8,0.379,0.711,0.541,0.184,0.444,0.486,88.6,86.8,72.33,435,0.496,9,9,1,7,10,15,5,11,3,13,3,2,6,2,15,13,14,14,8,2001-02
1610612762,Utah Jazz,4,1,3,0.25,192.0,95.0,97.0,97.1,98.3,-2.1,-1.4,0.697,1.39,17.4,0.382,0.683,0.525,0.182,0.437,0.482,92.2,90.63,75.52,363,0.508,13,13,1,13,14,13,4,10,1,9,1,1,11,6,14,15,16,10,6,2001-02
1610612738,Boston Celtics,10,4,6,0.4,495.0,98.9,100.4,99.1,100.8,-0.2,-0.4,0.62,1.4,16.5,0.238,0.682,0.462,0.157,0.477,0.528,93.0,91.44,76.2,942,0.489,8,8,10,10,8,13,5,9,5,8,4,16,9,15,8,8,7,8,7,2002-03
1610612742,Dallas Mavericks,20,10,10,0.5,970.0,107.7,108.8,108.4,109.1,-0.7,-0.3,0.527,1.63,15.8,0.279,0.678,0.477,0.131,0.503,0.546,95.6,94.84,79.03,1914,0.48,2,3,16,4,3,3,13,8,14,3,11,12,10,12,1,1,3,3,9,2002-03
1610612765,Detroit Pistons,17,8,9,0.471,826.0,100.0,100.7,98.7,99.4,1.3,1.3,0.588,1.32,14.8,0.285,0.684,0.48,0.15,0.455,0.515,89.0,88.36,73.63,1518,0.51,4,4,15,7,4,12,4,4,8,12,14,11,8,11,5,12,12,15,6,2002-03
1610612754,Indiana Pacers,6,2,4,0.333,293.0,98.1,100.0,104.2,106.6,-6.1,-6.6,0.657,1.4,15.5,0.342,0.755,0.542,0.155,0.422,0.496,91.4,89.45,74.54,547,0.478,11,11,1,11,11,14,10,14,1,7,12,4,1,2,7,15,15,13,10,2002-03
1610612747,Los Angeles Lakers,12,6,6,0.5,581.0,104.2,105.3,104.6,105.2,-0.4,0.2,0.56,1.52,16.1,0.3,0.731,0.505,0.144,0.491,0.529,95.1,94.31,78.59,1142,0.487,5,6,10,4,7,4,7,7,12,4,10,10,3,7,4,6,6,4,8,2002-03
1610612749,Milwaukee Bucks,6,2,4,0.333,293.0,102.5,104.8,108.2,109.1,-5.6,-4.3,0.553,1.51,16.1,0.26,0.626,0.443,0.143,0.499,0.541,93.3,91.9,76.59,560,0.462,11,11,1,11,11,5,12,11,13,5,7,15,16,16,3,3,5,7,13,2002-03
1610612750,Minnesota Timberwolves,6,2,4,0.333,293.0,101.1,103.1,108.2,109.4,-7.1,-6.3,0.587,1.39,16.7,0.278,0.69,0.5,0.162,0.492,0.544,97.3,95.92,79.93,585,0.476,11,11,1,11,11,8,14,13,9,9,2,13,7,8,9,5,4,2,12,2002-03
1610612751,New Jersey Nets,20,14,6,0.7,975.0,99.5,100.9,96.3,97.4,3.2,3.5,0.623,1.4,16.4,0.339,0.732,0.531,0.164,0.453,0.506,92.5,91.37,76.14,1857,0.515,2,2,10,1,2,11,3,2,3,6,5,5,2,3,10,13,14,9,4,2002-03
1610612740,New Orleans Hornets,6,2,4,0.333,288.0,102.4,104.1,104.8,106.2,-2.4,-2.1,0.591,1.36,16.1,0.338,0.652,0.492,0.164,0.479,0.526,90.4,89.08,74.24,535,0.478,11,11,1,11,15,6,9,10,7,10,9,6,13,10,12,7,9,14,11,2002-03
1610612753,Orlando Magic,7,3,4,0.429,336.0,97.2,97.8,103.7,105.9,-6.5,-8.1,0.516,1.05,13.7,0.273,0.652,0.47,0.171,0.459,0.517,90.8,89.57,74.64,627,0.419,9,9,1,8,9,15,8,15,15,15,15,14,12,13,14,11,11,12,15,2002-03
1610612755,Philadelphia 76ers,12,6,6,0.5,586.0,102.1,103.4,101.9,102.6,0.2,0.7,0.562,1.28,15.4,0.345,0.701,0.527,0.167,0.468,0.527,88.3,87.48,72.9,1069,0.519,5,6,10,4,5,7,6,6,11,14,13,3,6,4,13,10,8,16,3,2002-03
1610612756,Phoenix Suns,6,2,4,0.333,293.0,88.5,90.8,94.7,96.4,-6.2,-5.7,0.5,1.0,12.8,0.303,0.64,0.463,0.172,0.414,0.456,94.3,92.23,76.86,563,0.401,11,11,1,11,11,16,2,12,16,16,16,9,15,14,15,16,16,6,16,2002-03
1610612757,Portland Trail Blazers,7,3,4,0.429,336.0,111.7,112.2,110.9,111.3,0.8,0.9,0.639,1.7,17.8,0.381,0.71,0.545,0.152,0.501,0.551,90.5,90.21,75.18,632,0.515,9,9,1,8,9,1,15,5,2,1,1,2,4,1,6,2,1,11,5,2002-03
1610612758,Sacramento Kings,12,7,5,0.583,586.0,109.1,110.2,106.1,107.9,3.0,2.3,0.575,1.68,16.7,0.319,0.665,0.495,0.137,0.499,0.549,97.5,96.2,80.17,1175,0.521,5,5,9,3,5,2,11,3,10,2,3,7,11,9,2,4,2,1,2,2002-03
1610612759,San Antonio Spurs,24,16,8,0.667,1157.0,101.6,102.2,94.7,96.4,6.9,5.8,0.612,1.36,16.2,0.314,0.704,0.517,0.164,0.476,0.525,93.4,92.25,76.87,2225,0.572,1,1,14,2,1,9,1,1,6,11,6,8,5,6,11,9,10,5,1,2002-03
1610612762,Utah Jazz,5,1,4,0.2,240.0,99.6,101.8,112.6,113.8,-13.0,-12.1,0.621,1.28,16.1,0.403,0.641,0.519,0.179,0.446,0.511,92.7,91.2,76.0,457,0.438,16,16,1,16,16,10,16,16,4,13,8,1,14,5,16,14,13,10,14,2002-03
1610612738,Boston Celtics,4,0,4,0.0,192.0,91.0,92.9,106.6,110.4,-15.6,-17.5,0.609,0.89,14.6,0.277,0.678,0.489,0.217,0.445,0.513,93.9,91.38,76.15,364,0.403,14,14,1,14,14,14,15,16,8,16,12,13,11,11,16,11,3,5,13,2003-04
1610612742,Dallas Mavericks,5,1,4,0.2,240.0,99.6,101.2,99.5,100.2,0.1,1.0,0.539,1.51,14.5,0.397,0.697,0.531,0.138,0.422,0.466,99.3,98.2,81.83,492,0.481,10,10,1,10,11,2,10,5,14,3,13,1,7,1,1,15,15,1,10,2003-04
1610612743,Denver Nuggets,5,1,4,0.2,240.0,96.0,98.7,100.7,103.1,-4.7,-4.4,0.548,1.44,15.8,0.341,0.712,0.511,0.155,0.452,0.479,94.2,91.8,76.5,459,0.458,10,10,1,10,11,6,12,11,12,4,7,2,3,5,4,7,13,4,11,2003-04
1610612765,Detroit Pistons,23,16,7,0.696,1124.0,96.4,97.7,89.4,90.3,7.1,7.4,0.619,1.31,15.6,0.335,0.706,0.522,0.167,0.439,0.493,88.7,87.67,73.06,2050,0.567,1,1,13,1,1,8,1,1,7,6,9,3,4,3,9,12,10,14,1,2003-04
1610612745,Houston Rockets,5,1,4,0.2,245.0,92.3,93.8,98.3,98.9,-6.0,-5.1,0.541,1.02,14.5,0.274,0.742,0.519,0.186,0.458,0.501,89.7,88.75,73.96,451,0.445,10,10,1,10,10,13,8,12,13,14,14,15,2,4,13,5,8,9,12,2003-04
1610612754,Indiana Pacers,16,10,6,0.625,768.0,96.3,98.1,91.4,93.0,4.9,5.1,0.582,1.32,15.1,0.288,0.701,0.492,0.156,0.448,0.497,88.7,87.13,72.6,1394,0.53,4,3,12,3,4,7,3,2,9,5,11,11,5,10,5,9,9,16,3,2003-04
1610612747,Los Angeles Lakers,22,13,9,0.591,1066.0,98.8,99.1,97.1,98.8,1.7,0.4,0.685,1.79,18.3,0.277,0.694,0.486,0.142,0.477,0.508,88.7,87.78,73.15,1956,0.524,2,2,16,5,2,5,7,6,1,1,1,14,8,12,2,3,5,13,4,2003-04
1610612763,Memphis Grizzlies,4,0,4,0.0,192.0,95.3,94.9,111.0,110.8,-15.6,-15.9,0.472,1.02,12.9,0.249,0.673,0.449,0.162,0.45,0.504,87.7,88.0,73.33,352,0.385,14,14,1,14,14,11,16,15,16,15,16,16,13,16,7,8,7,12,15,2003-04
1610612748,Miami Heat,13,6,7,0.462,624.0,94.7,95.9,94.5,96.0,0.1,-0.2,0.534,1.15,13.9,0.311,0.7,0.504,0.161,0.433,0.489,88.8,87.54,72.95,1140,0.488,5,7,13,8,5,9,5,9,15,11,15,8,6,7,6,13,12,15,9,2003-04
1610612749,Milwaukee Bucks,5,1,4,0.2,240.0,92.5,94.5,106.6,108.4,-14.1,-13.9,0.636,1.26,16.5,0.307,0.635,0.468,0.181,0.447,0.49,92.3,90.6,75.5,453,0.399,10,10,1,10,11,12,14,13,5,8,3,9,16,15,12,10,11,6,14,2003-04
1610612750,Minnesota Timberwolves,18,10,8,0.556,869.0,99.3,101.3,99.2,101.1,0.1,0.2,0.568,1.29,15.8,0.281,0.693,0.496,0.165,0.479,0.527,92.2,90.37,75.3,1634,0.492,3,3,15,7,3,1,11,7,11,7,6,12,9,9,8,2,1,7,7,2003-04
1610612751,New Jersey Nets,11,7,4,0.636,543.0,93.8,95.6,90.8,92.8,2.9,2.8,0.664,1.1,16.2,0.314,0.676,0.505,0.201,0.454,0.512,91.6,89.77,74.81,1015,0.533,7,5,1,2,7,10,2,4,2,13,4,7,12,6,15,6,4,8,2,2003-04
1610612740,New Orleans Hornets,7,3,4,0.429,336.0,89.3,91.1,93.3,94.5,-4.0,-3.4,0.659,1.13,15.7,0.327,0.682,0.503,0.194,0.422,0.472,89.9,88.43,73.69,619,0.492,9,9,1,9,9,16,4,10,3,12,8,4,10,8,14,14,14,10,8,2003-04
1610612752,New York Knicks,4,0,4,0.0,192.0,88.3,91.3,100.8,105.4,-12.5,-14.1,0.634,1.2,15.2,0.319,0.663,0.471,0.177,0.411,0.461,95.5,91.88,76.56,368,0.361,14,14,1,14,14,15,13,14,6,10,10,6,14,14,11,16,16,3,16,2003-04
1610612758,Sacramento Kings,12,7,5,0.583,581.0,97.8,99.7,98.2,99.6,-0.4,0.2,0.648,1.59,17.3,0.292,0.661,0.482,0.15,0.46,0.507,96.2,94.64,78.86,1145,0.518,6,5,11,6,6,4,9,8,4,2,2,10,15,13,3,4,6,2,5,2003-04
1610612759,San Antonio Spurs,10,6,4,0.6,480.0,99.6,101.1,97.2,97.5,2.5,3.6,0.579,1.25,15.9,0.327,0.747,0.529,0.176,0.485,0.515,89.2,88.35,73.62,883,0.507,8,7,1,4,8,3,6,3,10,9,5,5,1,2,10,1,2,11,6,2003-04
1610612738,Boston Celtics,7,3,4,0.429,341.0,98.2,99.7,97.9,99.8,0.4,-0.2,0.504,1.08,14.3,0.289,0.696,0.498,0.174,0.475,0.52,88.4,86.92,72.43,616,0.483,9,9,1,8,9,12,2,5,11,16,12,13,4,6,15,10,10,14,9,2004-05
1610612741,Chicago Bulls,6,2,4,0.333,288.0,103.1,105.9,104.7,107.7,-1.5,-1.9,0.61,1.43,15.9,0.337,0.653,0.49,0.157,0.472,0.521,99.5,96.83,80.69,581,0.467,11,11,1,11,11,8,8,8,3,7,4,5,12,11,11,11,9,1,11,2004-05
1610612742,Dallas Mavericks,13,6,7,0.462,629.0,110.2,111.2,111.9,112.9,-1.7,-1.7,0.459,1.33,13.6,0.346,0.673,0.503,0.139,0.492,0.544,94.7,93.79,78.16,1229,0.486,5,5,13,6,5,2,14,6,15,8,13,4,9,5,5,6,6,4,7,2004-05
1610612743,Denver Nuggets,5,1,4,0.2,245.0,95.2,97.2,104.9,107.5,-9.7,-10.3,0.5,1.26,13.4,0.277,0.674,0.469,0.14,0.431,0.49,93.3,91.2,76.0,464,0.421,12,12,1,12,12,15,7,14,12,10,14,14,8,15,7,16,16,9,15,2004-05
1610612765,Detroit Pistons,25,15,10,0.6,1210.0,101.8,103.8,97.1,98.6,4.7,5.2,0.593,1.68,16.7,0.335,0.711,0.518,0.14,0.466,0.508,87.7,86.2,71.83,2175,0.547,1,2,16,3,1,11,1,1,4,3,1,6,2,1,8,12,13,15,1,2004-05
1610612745,Houston Rockets,7,3,4,0.429,336.0,108.3,109.8,112.0,112.5,-3.7,-2.7,0.514,1.26,15.0,0.318,0.644,0.485,0.161,0.513,0.564,89.8,89.0,74.17,622,0.488,9,9,1,8,10,5,13,10,9,11,11,9,15,13,12,4,3,12,6,2004-05
1610612754,Indiana Pacers,13,6,7,0.462,629.0,94.6,96.8,98.7,100.0,-4.1,-3.2,0.624,1.19,15.2,0.305,0.688,0.493,0.174,0.434,0.496,87.7,86.16,71.8,1128,0.475,5,5,13,6,5,16,3,11,2,14,9,11,5,9,16,14,14,16,10,2004-05
1610612763,Memphis Grizzlies,4,0,4,0.0,192.0,109.0,111.1,121.6,123.3,-12.5,-12.2,0.506,1.95,16.5,0.311,0.686,0.486,0.116,0.517,0.539,93.9,92.38,76.98,370,0.422,15,15,1,15,16,3,16,15,10,1,2,10,6,12,1,3,7,6,14,2004-05
1610612748,Miami Heat,15,11,4,0.733,730.0,105.0,105.7,99.6,101.5,5.4,4.2,0.526,1.23,15.5,0.27,0.697,0.506,0.165,0.533,0.568,92.5,91.27,76.05,1391,0.546,3,3,1,1,3,9,4,4,8,13,8,15,3,3,14,2,2,8,2,2004-05
1610612751,New Jersey Nets,4,0,4,0.0,202.0,98.2,98.5,111.5,111.7,-13.3,-13.3,0.634,1.63,15.7,0.3,0.744,0.496,0.132,0.432,0.491,93.5,93.27,77.72,393,0.404,15,15,1,15,15,14,11,16,1,4,5,12,1,8,3,15,15,5,16,2004-05
1610612755,Philadelphia 76ers,5,1,4,0.2,245.0,98.9,99.1,106.0,108.3,-7.0,-9.2,0.569,1.55,16.1,0.256,0.651,0.442,0.14,0.479,0.513,90.6,89.53,74.61,458,0.431,12,12,1,12,12,13,9,13,5,6,3,16,13,16,6,9,12,11,13,2004-05
1610612756,Phoenix Suns,15,9,6,0.6,725.0,115.5,116.7,110.4,112.2,5.1,4.5,0.49,1.59,15.7,0.322,0.655,0.497,0.134,0.544,0.582,96.6,95.37,79.48,1440,0.531,3,4,11,3,4,1,12,3,14,5,7,8,11,7,4,1,1,3,3,2004-05
1610612758,Sacramento Kings,5,1,4,0.2,240.0,107.3,110.8,113.8,116.1,-6.5,-5.3,0.526,1.8,15.7,0.351,0.623,0.478,0.121,0.479,0.527,94.5,92.0,76.67,461,0.447,12,12,1,12,14,4,15,12,7,2,6,3,16,14,2,8,8,7,12,2004-05
1610612759,San Antonio Spurs,23,16,7,0.696,1114.0,106.5,109.1,102.4,104.2,4.1,4.9,0.53,1.27,15.0,0.352,0.674,0.516,0.163,0.5,0.546,89.9,88.03,73.36,2043,0.525,2,1,13,2,2,7,5,2,6,9,10,2,7,2,13,5,5,13,4,2004-05
1610612760,Seattle SuperSonics,11,6,5,0.545,528.0,108.1,109.7,108.1,111.5,-0.1,-1.8,0.456,1.17,13.3,0.358,0.649,0.506,0.154,0.489,0.547,92.0,89.86,74.89,988,0.497,7,5,10,5,7,6,10,7,16,15,16,1,14,4,10,7,4,10,5,2004-05
1610612764,Washington Wizards,10,4,6,0.4,480.0,102.2,105.2,105.2,107.4,-3.0,-2.2,0.49,1.26,13.3,0.332,0.661,0.492,0.144,0.459,0.515,98.0,95.6,79.67,954,0.484,8,8,11,10,8,10,6,9,13,12,15,7,10,10,9,13,11,2,8,2004-05
1610612741,Chicago Bulls,6,2,4,0.333,288.0,101.7,103.7,105.2,106.3,-3.5,-2.6,0.539,1.16,14.8,0.245,0.687,0.469,0.167,0.497,0.548,96.5,95.08,79.24,569,0.474,10,10,1,10,12,12,8,9,7,11,8,15,10,13,13,6,5,1,10,2005-06
1610612739,Cleveland Cavaliers,13,7,6,0.538,634.0,100.7,102.7,104.4,106.6,-3.7,-3.9,0.481,1.12,13.5,0.346,0.684,0.516,0.164,0.465,0.515,88.2,86.5,72.08,1144,0.475,5,5,10,5,6,13,9,10,11,15,13,1,11,5,12,15,15,14,9,2005-06
1610612742,Dallas Mavericks,23,14,9,0.609,1124.0,107.2,108.7,103.5,104.4,3.7,4.4,0.422,1.19,12.6,0.322,0.742,0.525,0.14,0.481,0.54,91.1,90.06,75.05,2110,0.517,1,2,15,2,1,5,4,2,16,9,16,3,2,3,5,11,9,9,5,2005-06
1610612743,Denver Nuggets,5,1,4,0.2,240.0,91.8,93.8,99.9,102.6,-8.1,-8.8,0.607,1.68,15.3,0.325,0.729,0.5,0.127,0.397,0.449,95.1,92.9,77.42,466,0.427,14,14,1,14,14,16,3,13,2,3,7,2,5,8,2,16,16,4,13,2005-06
1610612765,Detroit Pistons,18,10,8,0.556,864.0,104.9,106.5,101.8,102.6,3.1,3.9,0.581,1.57,15.7,0.317,0.697,0.5,0.138,0.478,0.528,87.1,86.19,71.83,1550,0.518,4,3,14,4,4,8,2,3,4,5,5,4,9,9,4,13,14,15,4,2005-06
1610612754,Indiana Pacers,6,2,4,0.333,288.0,99.5,102.1,105.6,106.3,-6.1,-4.2,0.572,1.13,15.4,0.281,0.714,0.504,0.181,0.491,0.543,88.9,87.5,72.92,525,0.455,10,10,1,10,12,14,7,11,5,13,6,11,8,7,15,8,8,13,11,2005-06
1610612746,Los Angeles Clippers,12,7,5,0.583,586.0,108.9,110.2,104.4,105.7,4.5,4.5,0.523,1.34,16.1,0.306,0.72,0.531,0.162,0.519,0.571,95.6,94.53,78.77,1151,0.528,7,5,9,3,7,3,5,1,8,7,4,6,7,2,11,4,3,2,3,2005-06
1610612747,Los Angeles Lakers,7,3,4,0.429,346.0,103.1,105.2,111.5,112.9,-8.4,-7.7,0.455,1.14,13.7,0.304,0.803,0.538,0.157,0.497,0.538,94.1,92.53,77.11,669,0.442,9,9,1,9,9,10,14,12,14,12,12,7,1,1,10,7,11,5,12,2005-06
1610612763,Memphis Grizzlies,4,0,4,0.0,197.0,97.2,97.1,111.8,112.9,-14.6,-15.8,0.467,0.88,12.7,0.248,0.618,0.44,0.184,0.479,0.534,85.1,84.67,70.56,347,0.387,16,16,1,16,16,15,13,16,13,16,15,14,16,16,16,12,13,16,16,2005-06
1610612748,Miami Heat,23,16,7,0.696,1109.0,104.6,104.6,99.4,101.1,5.2,3.5,0.502,1.13,14.5,0.284,0.735,0.52,0.169,0.525,0.559,92.1,91.35,76.12,2117,0.541,1,1,13,1,2,11,1,4,9,14,10,10,4,4,14,3,4,6,1,2005-06
1610612749,Milwaukee Bucks,5,1,4,0.2,240.0,105.8,108.4,119.4,118.3,-13.6,-9.9,0.556,1.59,17.0,0.296,0.673,0.48,0.147,0.504,0.545,91.0,90.3,75.25,450,0.422,14,14,1,14,14,6,16,15,6,4,3,9,13,12,9,5,7,7,14,2005-06
1610612751,New Jersey Nets,11,5,6,0.455,528.0,104.3,105.3,104.9,105.9,-0.5,-0.6,0.645,1.74,17.9,0.275,0.737,0.497,0.142,0.487,0.538,90.5,89.64,74.7,984,0.501,8,8,10,8,8,9,6,8,1,2,2,12,3,10,6,10,10,11,8,2005-06
1610612756,Phoenix Suns,20,10,10,0.5,980.0,111.2,112.4,109.5,111.1,1.7,1.3,0.584,2.03,18.2,0.231,0.67,0.455,0.121,0.538,0.579,94.7,93.43,77.86,1907,0.516,3,3,16,7,3,1,12,6,3,1,1,16,14,15,1,1,2,3,6,2005-06
1610612758,Sacramento Kings,6,2,4,0.333,293.0,106.4,107.2,116.3,117.0,-9.9,-9.8,0.442,1.18,12.7,0.317,0.729,0.505,0.143,0.477,0.536,90.1,89.53,74.61,545,0.41,10,10,1,10,11,7,15,14,15,10,14,5,6,6,7,14,12,12,15,2005-06
1610612759,San Antonio Spurs,13,7,6,0.538,639.0,110.9,112.0,108.8,109.6,2.2,2.4,0.479,1.31,14.7,0.254,0.684,0.481,0.145,0.533,0.587,90.6,89.84,74.87,1196,0.539,5,5,10,5,5,2,11,5,12,8,9,13,12,11,8,2,1,10,2,2005-06
1610612764,Washington Wizards,6,2,4,0.333,298.0,107.4,108.9,104.9,108.6,2.5,0.4,0.495,1.36,14.0,0.301,0.629,0.464,0.138,0.488,0.545,92.5,90.28,75.23,560,0.506,10,10,1,10,10,4,10,7,10,6,11,8,15,14,3,9,6,8,7,2005-06
1610612741,Chicago Bulls,10,6,4,0.6,480.0,100.1,102.6,99.6,100.9,0.6,1.7,0.634,1.35,16.4,0.328,0.703,0.517,0.17,0.469,0.522,92.0,90.3,75.25,901,0.523,8,5,1,3,8,9,4,7,2,7,5,4,5,3,11,10,9,8,5,2006-07
1610612739,Cleveland Cavaliers,20,12,8,0.6,970.0,99.9,101.1,97.2,99.3,2.8,1.8,0.545,1.35,14.7,0.317,0.73,0.522,0.148,0.456,0.506,88.1,86.62,72.19,1756,0.514,1,2,15,3,1,11,2,6,9,8,11,7,4,2,3,14,14,15,6,2006-07
1610612742,Dallas Mavericks,6,2,4,0.333,288.0,102.2,103.7,110.4,111.1,-8.2,-7.4,0.522,1.09,13.8,0.35,0.695,0.516,0.172,0.466,0.524,95.8,94.83,79.03,570,0.475,10,10,1,10,10,6,13,12,12,15,14,2,8,4,13,12,7,3,10,2006-07
1610612743,Denver Nuggets,5,1,4,0.2,240.0,97.1,99.5,104.3,106.3,-7.2,-6.8,0.524,1.16,14.4,0.342,0.686,0.512,0.172,0.452,0.498,90.6,88.6,73.83,443,0.452,12,12,1,12,12,13,10,11,11,12,12,3,11,5,12,15,15,13,12,2006-07
1610612765,Detroit Pistons,16,10,6,0.625,778.0,102.6,104.0,98.6,100.8,4.0,3.2,0.616,1.51,16.5,0.318,0.672,0.494,0.151,0.468,0.522,88.2,86.68,72.24,1406,0.529,4,3,12,2,4,5,3,3,3,3,4,6,14,10,4,11,8,14,3,2006-07
1610612744,Golden State Warriors,11,5,6,0.455,533.0,108.7,109.2,105.4,107.1,3.3,2.2,0.47,1.15,13.4,0.28,0.612,0.444,0.153,0.518,0.563,97.9,96.9,80.75,1074,0.482,6,8,12,8,6,2,11,5,15,13,15,11,16,15,5,2,1,1,8,2006-07
1610612745,Houston Rockets,7,3,4,0.429,336.0,98.1,97.9,99.6,101.6,-1.6,-3.7,0.611,1.22,15.3,0.274,0.698,0.489,0.167,0.46,0.52,89.9,89.07,74.23,624,0.481,9,9,1,9,9,15,5,9,4,9,9,12,6,12,10,13,10,12,9,2006-07
1610612747,Los Angeles Lakers,5,1,4,0.2,240.0,101.6,102.7,110.4,113.4,-8.8,-10.7,0.379,0.95,11.4,0.327,0.69,0.5,0.159,0.479,0.513,97.4,95.5,79.58,477,0.392,12,12,1,12,12,7,16,15,16,16,16,5,10,9,7,8,12,2,16,2006-07
1610612748,Miami Heat,4,0,4,0.0,192.0,94.9,96.7,105.6,108.7,-10.6,-12.0,0.534,1.2,14.9,0.232,0.682,0.452,0.161,0.482,0.512,94.0,91.75,76.46,367,0.395,14,14,1,14,14,16,12,16,10,11,10,15,13,14,9,7,13,6,15,2006-07
1610612751,New Jersey Nets,12,6,6,0.5,576.0,99.0,100.4,97.8,98.0,1.2,2.4,0.706,1.43,18.6,0.26,0.74,0.505,0.179,0.497,0.539,90.7,90.0,75.0,1078,0.525,5,5,12,7,5,12,1,4,1,4,1,13,1,7,16,4,4,9,4,2006-07
1610612753,Orlando Magic,4,0,4,0.0,192.0,99.7,102.6,112.8,111.8,-13.1,-9.2,0.522,1.22,15.3,0.316,0.693,0.506,0.172,0.495,0.519,87.1,86.25,71.87,343,0.418,14,14,1,14,14,8,15,14,13,10,8,8,9,6,15,5,11,16,13,2006-07
1610612756,Phoenix Suns,11,6,5,0.545,528.0,107.1,109.8,103.3,104.6,3.9,5.2,0.599,1.69,17.9,0.292,0.697,0.501,0.146,0.52,0.562,96.6,94.77,78.98,1043,0.556,6,5,11,5,7,1,8,1,6,2,2,9,7,8,2,1,2,4,1,2006-07
1610612759,San Antonio Spurs,20,16,4,0.8,960.0,105.3,106.5,100.0,102.2,5.3,4.3,0.563,1.43,16.3,0.29,0.684,0.492,0.155,0.508,0.547,91.3,89.75,74.79,1796,0.531,1,1,1,1,2,3,6,2,7,5,6,10,12,11,6,3,3,10,2,2006-07
1610612761,Toronto Raptors,6,2,4,0.333,288.0,98.7,99.5,105.0,105.5,-6.3,-6.0,0.497,1.1,13.9,0.228,0.734,0.479,0.161,0.478,0.536,91.8,91.25,76.04,548,0.454,10,10,1,10,10,14,9,10,14,14,13,16,2,13,8,9,5,7,11,2006-07
1610612762,Utah Jazz,17,9,8,0.529,821.0,103.5,105.2,104.0,104.2,-0.6,0.9,0.609,1.39,16.9,0.355,0.731,0.542,0.172,0.486,0.534,93.3,92.49,77.08,1582,0.514,3,4,15,6,3,4,7,8,5,6,3,1,3,1,14,6,6,5,7,2006-07
1610612764,Washington Wizards,4,0,4,0.0,192.0,100.5,102.5,110.4,111.4,-9.9,-8.9,0.547,2.14,15.7,0.239,0.638,0.424,0.098,0.45,0.494,90.9,89.63,74.69,357,0.416,14,14,1,14,14,10,14,13,8,1,7,14,15,16,1,16,16,11,14,2006-07
1610612737,Atlanta Hawks,7,3,4,0.429,336.0,97.5,100.2,111.6,114.0,-14.1,-13.8,0.595,1.1,14.6,0.354,0.632,0.494,0.182,0.439,0.512,89.1,87.0,72.5,609,0.417,9,9,1,9,9,15,13,16,6,15,11,3,16,10,16,15,12,14,15,2007-08
1610612738,Boston Celtics,26,16,10,0.615,1248.0,106.2,107.7,99.8,101.7,6.4,5.9,0.64,1.68,17.6,0.335,0.699,0.519,0.147,0.487,0.541,88.7,87.29,72.74,2270,0.548,1,1,16,2,1,6,2,1,3,3,2,7,8,5,11,6,3,13,1,2007-08
1610612739,Cleveland Cavaliers,13,7,6,0.538,624.0,101.0,102.9,99.5,100.5,1.5,2.4,0.649,1.46,16.6,0.326,0.711,0.514,0.158,0.465,0.517,88.6,87.35,72.79,1136,0.512,5,5,11,5,5,12,1,5,1,10,6,8,5,6,13,11,11,12,5,2007-08
1610612742,Dallas Mavericks,5,1,4,0.2,240.0,105.4,105.9,114.9,116.0,-9.5,-10.2,0.614,1.67,15.5,0.348,0.727,0.526,0.131,0.447,0.511,89.4,88.7,73.92,444,0.441,13,13,1,13,14,8,16,14,4,4,9,4,3,1,5,13,13,9,13,2007-08
1610612743,Denver Nuggets,4,0,4,0.0,192.0,102.3,102.3,113.2,115.6,-11.0,-13.4,0.49,1.28,13.7,0.34,0.716,0.519,0.146,0.452,0.501,100.3,99.25,82.71,397,0.412,16,16,1,16,16,13,15,15,14,12,13,6,4,4,10,12,14,1,16,2007-08
1610612765,Detroit Pistons,17,10,7,0.588,816.0,104.7,105.9,102.1,102.7,2.6,3.2,0.606,1.59,17.1,0.307,0.645,0.476,0.15,0.485,0.538,87.3,86.53,72.11,1467,0.526,3,3,13,3,4,7,3,3,5,7,3,10,14,14,12,7,4,15,3,2007-08
1610612745,Houston Rockets,6,2,4,0.333,288.0,100.0,101.9,104.9,105.2,-4.9,-3.3,0.482,1.43,13.2,0.342,0.673,0.499,0.125,0.446,0.488,87.2,86.17,71.81,518,0.466,10,10,1,10,10,14,5,10,16,11,15,5,11,8,3,14,16,16,11,2007-08
1610612747,Los Angeles Lakers,21,14,7,0.667,1013.0,106.8,108.8,104.8,106.2,2.0,2.6,0.565,1.56,16.4,0.267,0.681,0.482,0.141,0.512,0.56,95.3,93.82,78.18,1977,0.516,2,2,13,1,2,4,8,4,9,8,7,14,10,13,8,2,2,2,4,2007-08
1610612740,New Orleans Hornets,12,7,5,0.583,576.0,109.1,110.3,104.8,105.5,4.3,4.8,0.512,2.18,16.2,0.272,0.705,0.492,0.101,0.499,0.537,88.6,87.83,73.19,1051,0.53,6,5,9,4,7,1,6,2,10,2,8,13,7,11,1,3,5,10,2,2007-08
1610612753,Orlando Magic,10,5,5,0.5,480.0,109.2,109.5,105.1,107.3,4.1,2.2,0.492,1.2,14.6,0.317,0.709,0.522,0.163,0.529,0.564,89.9,88.85,74.04,887,0.494,8,8,9,7,8,2,11,6,13,14,12,9,6,2,14,1,1,8,8,2007-08
1610612755,Philadelphia 76ers,6,2,4,0.333,288.0,96.2,97.2,104.9,106.3,-8.6,-9.1,0.508,1.07,13.1,0.391,0.643,0.508,0.168,0.43,0.488,88.9,87.83,73.19,530,0.439,10,10,1,10,10,16,9,13,11,16,16,1,15,7,15,16,15,10,14,2007-08
1610612756,Phoenix Suns,5,1,4,0.2,250.0,101.6,103.1,103.6,105.8,-1.9,-2.7,0.495,1.52,14.7,0.262,0.732,0.495,0.127,0.492,0.524,94.9,93.22,77.68,487,0.503,13,13,1,13,13,10,7,9,12,9,10,15,2,9,4,5,9,3,6,2007-08
1610612759,San Antonio Spurs,17,9,8,0.529,826.0,101.6,103.0,102.6,104.1,-1.1,-1.1,0.573,1.59,16.6,0.242,0.737,0.491,0.14,0.493,0.529,91.4,90.13,75.11,1552,0.487,3,4,15,6,3,11,4,8,8,6,4,16,1,12,7,4,6,6,9,2007-08
1610612761,Toronto Raptors,5,1,4,0.2,240.0,105.5,109.2,114.3,114.8,-8.8,-5.6,0.645,2.4,18.8,0.291,0.667,0.472,0.11,0.484,0.528,92.6,90.8,75.67,455,0.474,13,13,1,13,14,3,14,12,2,1,1,11,12,16,2,8,7,4,10,2007-08
1610612762,Utah Jazz,12,6,6,0.5,581.0,107.4,108.3,106.8,109.0,0.6,-0.7,0.588,1.66,16.6,0.364,0.687,0.522,0.141,0.481,0.528,91.7,90.38,75.32,1096,0.5,6,7,11,7,6,5,12,7,7,5,5,2,9,3,9,9,8,5,7,2007-08
1610612764,Washington Wizards,6,2,4,0.333,288.0,101.7,103.2,105.3,107.1,-3.6,-3.9,0.49,1.27,13.4,0.286,0.656,0.474,0.138,0.466,0.524,90.6,89.25,74.37,536,0.462,10,10,1,10,10,9,10,11,15,13,14,12,13,15,6,10,10,7,12,2007-08
1610612737,Atlanta Hawks,11,4,7,0.364,528.0,98.3,100.5,107.9,108.9,-9.6,-8.4,0.562,1.4,14.9,0.298,0.667,0.469,0.145,0.45,0.499,84.9,83.59,69.66,919,0.432,7,8,13,10,7,13,9,13,5,9,9,6,16,16,9,14,15,15,14,2008-09
1610612738,Boston Celtics,14,7,7,0.5,707.0,103.9,105.5,102.9,105.7,1.1,-0.2,0.613,1.68,17.2,0.292,0.721,0.504,0.141,0.485,0.535,93.9,91.93,76.61,1355,0.51,4,5,13,6,4,6,6,6,2,3,3,8,4,6,6,10,8,5,6,2008-09
1610612741,Chicago Bulls,7,3,4,0.429,371.0,102.2,105.0,107.6,109.4,-5.4,-4.5,0.517,1.23,14.5,0.303,0.699,0.507,0.157,0.483,0.54,95.4,93.28,77.74,722,0.476,9,9,1,8,9,7,11,9,11,12,11,3,12,4,12,12,7,3,9,2008-09
1610612739,Cleveland Cavaliers,14,10,4,0.714,677.0,108.3,112.4,100.4,102.8,7.9,9.6,0.55,1.55,16.0,0.333,0.734,0.536,0.142,0.507,0.556,88.7,86.07,71.73,1215,0.562,4,3,1,1,5,2,2,1,6,4,4,1,3,1,8,5,3,12,1,2008-09
1610612742,Dallas Mavericks,10,5,5,0.5,480.0,110.4,111.0,111.4,112.1,-0.9,-1.1,0.508,1.39,15.0,0.278,0.745,0.517,0.142,0.518,0.576,92.0,91.45,76.21,915,0.503,8,7,10,6,8,3,14,7,12,10,8,11,2,2,7,2,2,6,7,2008-09
1610612743,Denver Nuggets,16,10,6,0.625,768.0,114.1,115.5,104.5,106.5,9.6,9.0,0.607,1.87,17.6,0.3,0.711,0.505,0.13,0.526,0.579,94.8,93.34,77.79,1495,0.555,3,3,11,3,3,1,7,2,3,1,2,5,8,5,2,1,1,2,2,2008-09
1610612765,Detroit Pistons,4,0,4,0.0,192.0,89.5,94.3,110.5,112.7,-20.9,-18.4,0.524,1.47,14.8,0.288,0.681,0.473,0.136,0.429,0.468,85.9,82.88,69.06,331,0.35,16,16,1,16,16,15,15,15,9,6,10,9,15,14,4,16,16,16,15,2008-09
1610612745,Houston Rockets,13,7,6,0.538,624.0,101.3,103.3,104.6,105.2,-3.3,-1.9,0.5,1.19,14.4,0.298,0.713,0.508,0.161,0.49,0.533,89.5,88.42,73.69,1151,0.49,6,5,11,5,6,9,5,8,13,14,12,7,7,3,14,9,9,10,8,2008-09
1610612747,Los Angeles Lakers,23,16,7,0.696,1114.0,108.3,110.4,100.7,102.2,7.6,8.2,0.518,1.49,15.4,0.303,0.692,0.501,0.141,0.508,0.553,93.7,92.12,76.77,2134,0.54,2,1,13,2,2,4,1,3,10,5,6,4,13,8,5,4,6,4,3,2008-09
1610612748,Miami Heat,7,3,4,0.429,336.0,104.8,104.9,101.7,104.1,3.1,0.8,0.479,1.12,13.7,0.279,0.688,0.498,0.16,0.501,0.554,84.9,83.93,69.94,588,0.523,9,9,1,8,10,8,3,5,14,15,14,10,14,9,13,6,5,14,4,2008-09
1610612740,New Orleans Hornets,5,1,4,0.2,240.0,91.8,92.5,117.8,119.1,-26.0,-26.6,0.568,0.86,13.4,0.259,0.701,0.472,0.202,0.439,0.51,91.9,91.0,75.83,455,0.332,13,13,1,13,13,16,16,16,4,16,15,14,11,15,16,15,14,7,16,2008-09
1610612753,Orlando Magic,24,13,11,0.542,1167.0,105.2,106.8,101.9,104.9,3.3,2.0,0.547,1.43,15.7,0.264,0.718,0.494,0.145,0.513,0.555,91.6,89.56,74.64,2178,0.517,1,2,16,4,1,5,4,4,7,8,5,12,5,10,10,3,4,8,5,2008-09
1610612755,Philadelphia 76ers,6,2,4,0.333,288.0,97.5,99.6,107.2,107.9,-9.7,-8.2,0.525,1.22,15.3,0.259,0.715,0.487,0.165,0.492,0.526,90.2,89.0,74.17,533,0.444,11,11,1,11,11,14,8,12,8,13,7,15,6,11,15,8,11,9,12,2008-09
1610612757,Portland Trail Blazers,6,2,4,0.333,288.0,103.0,102.5,106.3,109.0,-3.3,-6.5,0.44,1.29,13.3,0.263,0.702,0.477,0.133,0.484,0.524,85.8,84.92,70.76,510,0.456,11,11,1,11,11,12,10,10,16,11,16,13,10,13,3,11,12,13,11,2008-09
1610612759,San Antonio Spurs,5,1,4,0.2,240.0,102.9,103.2,110.6,110.0,-7.7,-6.8,0.457,1.45,14.1,0.243,0.746,0.485,0.126,0.495,0.528,87.5,87.6,73.0,438,0.433,13,13,1,13,13,10,12,11,15,7,13,16,1,12,1,7,10,11,13,2008-09
1610612762,Utah Jazz,5,1,4,0.2,240.0,101.8,102.7,111.1,111.5,-9.3,-8.8,0.726,1.74,18.7,0.325,0.703,0.503,0.154,0.463,0.517,95.8,95.2,79.33,474,0.469,13,13,1,13,13,11,13,14,1,2,1,2,9,7,11,13,13,1,10,2008-09
1610612737,Atlanta Hawks,11,4,7,0.364,528.0,101.6,103.5,108.3,110.9,-6.7,-7.4,0.484,1.4,13.9,0.335,0.668,0.495,0.136,0.453,0.501,88.5,86.64,72.2,951,0.453,5,6,14,9,5,10,11,12,15,11,14,2,14,10,3,15,16,15,12,2009-10
1610612738,Boston Celtics,24,15,9,0.625,1157.0,101.9,103.9,99.3,101.3,2.6,2.7,0.616,1.52,17.2,0.282,0.706,0.497,0.154,0.491,0.539,91.5,89.78,74.81,2168,0.535,1,2,16,3,1,9,2,4,3,6,3,13,8,9,12,8,7,10,2,2009-10
1610612766,Charlotte Bobcats,4,0,4,0.0,192.0,96.4,100.3,109.6,109.9,-13.2,-9.6,0.648,1.31,17.2,0.3,0.713,0.507,0.182,0.477,0.523,87.6,85.75,71.46,341,0.447,16,16,1,16,16,15,10,15,1,13,2,10,7,5,15,10,9,16,13,2009-10
1610612741,Chicago Bulls,5,1,4,0.2,240.0,101.6,103.0,112.7,112.3,-11.1,-9.3,0.503,1.9,15.0,0.281,0.76,0.504,0.106,0.457,0.504,94.8,94.4,78.67,471,0.442,14,14,1,14,14,13,13,14,14,1,10,14,1,8,1,14,15,3,15,2009-10
1610612739,Cleveland Cavaliers,11,6,5,0.545,528.0,106.0,106.8,103.7,105.4,2.3,1.4,0.604,1.41,16.9,0.245,0.715,0.491,0.159,0.517,0.568,94.9,93.82,78.18,1032,0.515,5,5,10,5,5,6,6,5,4,9,4,16,5,11,14,4,5,4,5,2009-10
1610612742,Dallas Mavericks,6,2,4,0.333,288.0,102.5,103.3,103.4,104.7,-0.9,-1.3,0.544,1.42,15.2,0.319,0.721,0.516,0.145,0.468,0.518,90.4,89.5,74.58,539,0.499,10,10,1,10,10,12,4,8,7,8,9,6,4,2,11,12,11,11,6,2009-10
1610612743,Denver Nuggets,6,2,4,0.333,288.0,111.5,112.3,112.3,113.5,-0.8,-1.2,0.513,1.4,14.8,0.307,0.727,0.511,0.14,0.517,0.577,98.2,97.33,81.11,584,0.479,10,10,1,10,10,2,14,6,13,10,11,7,3,4,9,5,2,1,10,2009-10
1610612747,Los Angeles Lakers,23,16,7,0.696,1104.0,109.5,111.3,105.1,107.0,4.4,4.3,0.526,1.57,15.6,0.347,0.684,0.516,0.137,0.502,0.546,92.4,90.85,75.71,2089,0.523,2,1,14,2,2,4,7,3,10,5,8,1,10,1,6,6,6,8,3,2009-10
1610612748,Miami Heat,5,1,4,0.2,240.0,93.4,96.7,103.7,105.3,-10.3,-8.6,0.524,0.99,14.6,0.29,0.75,0.506,0.196,0.479,0.513,93.1,90.8,75.67,453,0.402,14,14,1,14,14,16,5,13,11,16,12,12,2,7,16,9,12,9,16,2009-10
1610612749,Milwaukee Bucks,7,3,4,0.429,336.0,100.5,103.4,106.7,107.9,-6.2,-4.4,0.483,1.31,13.8,0.33,0.64,0.483,0.143,0.465,0.51,88.7,86.93,72.44,609,0.455,9,9,1,6,9,11,8,11,16,12,15,3,15,15,10,13,13,13,11,2009-10
1610612760,Oklahoma City Thunder,6,2,4,0.333,288.0,100.3,102.7,102.3,104.0,-2.0,-1.3,0.527,1.29,13.2,0.306,0.682,0.49,0.137,0.426,0.506,93.5,91.58,76.32,548,0.485,10,10,1,10,10,14,3,7,9,14,16,8,11,12,4,16,14,7,9,2009-10
1610612753,Orlando Magic,14,10,4,0.714,677.0,109.1,110.0,97.5,100.7,11.6,9.4,0.514,1.23,14.5,0.293,0.715,0.512,0.156,0.533,0.574,88.6,86.92,72.44,1229,0.56,4,3,1,1,4,5,1,1,12,15,13,11,6,3,13,2,3,14,1,2009-10
1610612756,Phoenix Suns,16,10,6,0.625,768.0,114.1,116.9,110.0,111.9,4.1,5.0,0.548,1.66,16.5,0.325,0.68,0.506,0.137,0.536,0.582,93.5,91.63,76.35,1466,0.515,3,3,11,3,3,1,12,2,6,4,5,4,12,6,5,1,1,6,4,2009-10
1610612757,Portland Trail Blazers,6,2,4,0.333,288.0,104.1,105.9,113.4,117.9,-9.3,-12.0,0.591,1.77,16.1,0.321,0.635,0.472,0.125,0.471,0.522,90.2,87.75,73.12,527,0.447,10,10,1,10,10,7,16,16,5,3,6,5,16,16,2,11,10,12,14,2009-10
1610612759,San Antonio Spurs,10,4,6,0.4,480.0,103.6,104.8,106.8,108.0,-3.3,-3.2,0.527,1.51,15.7,0.266,0.695,0.484,0.138,0.494,0.533,93.0,91.9,76.58,917,0.49,7,6,11,7,7,8,9,10,8,7,7,15,9,14,8,7,8,5,8,2009-10
1610612762,Utah Jazz,10,4,6,0.4,480.0,110.9,112.1,114.0,114.5,-3.0,-2.3,0.625,1.8,18.0,0.303,0.672,0.487,0.138,0.52,0.568,96.2,95.5,79.58,955,0.49,7,6,11,7,7,3,15,9,2,2,1,9,13,13,7,3,4,2,7,2009-10
1610612737,Atlanta Hawks,12,6,6,0.5,576.0,97.0,100.3,102.5,104.9,-5.5,-4.6,0.549,1.46,15.6,0.285,0.658,0.475,0.144,0.464,0.505,88.7,86.21,71.84,1032,0.47,6,6,11,7,6,13,6,11,6,7,7,12,12,13,6,10,12,15,11,2010-11
1610612738,Boston Celtics,9,5,4,0.556,437.0,102.3,104.5,100.5,103.6,1.8,1.0,0.587,1.34,17.1,0.295,0.671,0.493,0.173,0.514,0.552,91.6,89.3,74.42,815,0.529,8,7,1,4,8,6,4,6,4,10,2,11,11,9,16,2,2,7,2,2010-11
1610612741,Chicago Bulls,16,9,7,0.563,773.0,101.6,104.8,98.2,100.4,3.4,4.5,0.592,1.48,16.1,0.371,0.719,0.538,0.154,0.461,0.51,89.8,87.52,72.94,1412,0.524,4,3,14,3,4,5,1,2,3,6,5,1,3,1,10,11,11,10,4,2010-11
1610612742,Dallas Mavericks,21,16,5,0.762,1013.0,110.1,110.7,103.4,104.7,6.7,6.0,0.584,1.56,16.7,0.296,0.683,0.494,0.145,0.519,0.571,88.9,88.06,73.39,1863,0.536,1,1,10,1,2,1,5,1,5,3,4,10,8,8,7,1,1,8,1,2010-11
1610612743,Denver Nuggets,5,1,4,0.2,240.0,99.8,102.5,106.3,107.1,-6.6,-4.6,0.54,1.44,14.3,0.237,0.679,0.458,0.128,0.468,0.525,96.9,95.2,79.33,475,0.457,13,13,1,13,13,10,11,10,8,8,11,16,9,14,2,9,9,1,12,2010-11
1610612754,Indiana Pacers,5,1,4,0.2,240.0,96.8,99.8,103.3,107.0,-6.5,-7.2,0.488,1.05,13.1,0.324,0.578,0.449,0.168,0.445,0.496,93.8,90.8,75.67,452,0.427,13,13,1,13,13,15,10,13,15,16,15,7,16,16,15,15,14,6,15,2010-11
1610612747,Los Angeles Lakers,10,4,6,0.4,480.0,105.3,106.6,106.0,107.6,-0.7,-1.0,0.545,1.51,15.7,0.33,0.74,0.524,0.143,0.477,0.526,88.8,87.6,73.0,874,0.486,7,8,11,8,7,3,12,8,7,4,6,6,1,2,5,7,7,9,8,2010-11
1610612763,Memphis Grizzlies,13,7,6,0.538,649.0,101.7,104.2,104.0,105.0,-2.3,-0.7,0.514,1.44,14.5,0.334,0.683,0.503,0.138,0.46,0.512,92.6,90.97,75.81,1230,0.493,5,5,11,5,5,7,7,7,11,9,9,5,7,6,4,12,10,5,7,2010-11
1610612748,Miami Heat,21,14,7,0.667,1018.0,104.0,105.5,100.3,102.5,3.6,3.0,0.505,1.19,14.1,0.304,0.7,0.508,0.158,0.485,0.542,88.6,87.02,72.51,1846,0.526,1,2,14,2,1,4,3,3,13,12,12,9,5,5,12,5,4,11,3,2010-11
1610612740,New Orleans Hornets,6,2,4,0.333,288.0,101.1,103.1,110.8,111.6,-9.7,-8.5,0.614,1.57,17.3,0.262,0.651,0.458,0.148,0.488,0.537,87.7,86.58,72.15,520,0.452,9,9,1,9,10,9,16,14,1,2,1,15,14,15,9,3,5,13,13,2010-11
1610612752,New York Knicks,4,0,4,0.0,192.0,95.9,99.5,104.2,108.2,-8.3,-8.7,0.523,1.1,13.2,0.361,0.622,0.48,0.167,0.435,0.483,94.9,91.5,76.25,365,0.406,16,16,1,16,16,16,13,16,10,15,14,2,15,11,14,16,16,3,16,2010-11
1610612760,Oklahoma City Thunder,17,9,8,0.529,841.0,106.9,107.9,103.3,105.6,3.6,2.3,0.5,1.15,13.8,0.34,0.686,0.519,0.162,0.482,0.548,93.7,92.32,76.93,1615,0.516,3,3,16,6,3,2,9,4,14,13,13,4,6,4,13,6,3,2,5,2010-11
1610612753,Orlando Magic,6,2,4,0.333,288.0,99.5,101.7,96.6,100.4,2.9,1.3,0.468,1.13,12.5,0.341,0.709,0.521,0.147,0.449,0.503,89.5,86.83,72.36,523,0.51,9,9,1,9,10,11,2,5,16,14,16,3,4,3,8,14,13,12,6,2010-11
1610612755,Philadelphia 76ers,5,1,4,0.2,240.0,97.0,100.2,107.7,108.8,-10.7,-8.6,0.604,1.92,16.8,0.311,0.658,0.48,0.123,0.453,0.485,88.3,86.4,72.0,432,0.445,13,13,1,13,13,14,14,15,2,1,3,8,13,12,1,13,15,14,14,2010-11
1610612757,Portland Trail Blazers,6,2,4,0.333,288.0,103.8,104.1,109.8,109.8,-6.1,-5.7,0.513,1.48,15.1,0.277,0.678,0.481,0.136,0.487,0.534,85.0,84.83,70.69,508,0.477,9,9,1,9,10,8,15,12,12,5,8,14,10,10,3,4,6,16,10,2010-11
1610612759,San Antonio Spurs,6,2,4,0.333,293.0,100.5,101.6,103.1,105.0,-2.6,-3.4,0.53,1.24,14.5,0.28,0.72,0.497,0.154,0.471,0.526,92.6,91.25,76.04,557,0.485,9,9,1,9,9,12,8,9,9,11,10,13,2,7,11,8,8,4,9,2010-11
1610612737,Atlanta Hawks,6,2,4,0.333,293.0,89.5,91.3,95.0,96.1,-5.5,-4.8,0.55,1.14,14.6,0.265,0.78,0.511,0.17,0.438,0.475,90.0,88.63,73.86,540,0.43,11,11,1,11,11,16,1,11,6,12,9,12,3,7,14,14,14,10,13,2011-12
1610612738,Boston Celtics,20,11,9,0.55,975.0,97.6,99.5,97.1,98.4,0.5,1.1,0.586,1.52,16.5,0.253,0.716,0.491,0.145,0.468,0.516,90.0,88.57,73.81,1799,0.521,2,3,16,4,2,10,4,5,3,6,3,15,7,13,6,5,6,12,4,2011-12
1610612741,Chicago Bulls,6,2,4,0.333,288.0,92.0,94.8,96.5,97.4,-4.5,-2.6,0.662,1.57,17.7,0.329,0.761,0.545,0.161,0.448,0.475,90.4,88.67,73.89,534,0.498,11,11,1,11,12,14,3,9,1,4,2,7,4,1,11,13,15,9,7,2011-12
1610612742,Dallas Mavericks,4,0,4,0.0,192.0,99.4,100.5,107.8,108.1,-8.3,-7.6,0.492,1.07,12.7,0.28,0.794,0.521,0.156,0.455,0.519,93.2,92.5,77.08,371,0.446,15,15,1,15,15,8,14,13,13,14,15,10,1,5,9,8,5,3,12,2011-12
1610612743,Denver Nuggets,7,3,4,0.429,336.0,103.0,105.8,103.9,106.0,-1.0,-0.2,0.543,1.87,15.9,0.373,0.64,0.508,0.122,0.46,0.492,93.3,91.14,75.95,640,0.496,9,9,1,7,10,4,11,7,7,1,4,1,15,8,1,7,11,5,8,2011-12
1610612754,Indiana Pacers,11,6,5,0.545,533.0,98.5,102.5,98.8,100.5,-0.3,1.9,0.482,1.08,13.4,0.356,0.703,0.528,0.17,0.461,0.507,90.6,88.08,73.4,976,0.505,7,6,10,5,7,6,5,4,15,13,12,4,10,4,13,6,8,14,5,2011-12
1610612746,Los Angeles Clippers,11,4,7,0.364,533.0,99.1,100.5,103.5,105.7,-4.4,-5.2,0.501,1.17,14.5,0.267,0.669,0.469,0.163,0.499,0.53,91.1,89.56,74.63,995,0.464,7,8,12,10,7,9,10,12,10,11,11,11,13,15,12,4,4,7,11,2011-12
1610612747,Los Angeles Lakers,12,5,7,0.417,576.0,102.3,104.0,106.5,108.1,-4.2,-4.1,0.536,1.51,14.9,0.339,0.663,0.499,0.138,0.454,0.502,92.1,90.63,75.52,1085,0.476,6,7,12,9,6,5,13,10,8,7,6,5,14,10,4,9,9,6,10,2011-12
1610612763,Memphis Grizzlies,7,3,4,0.429,341.0,99.6,102.1,99.3,101.1,0.3,1.0,0.5,1.06,13.3,0.367,0.709,0.533,0.172,0.449,0.509,90.3,88.33,73.61,627,0.505,9,9,1,7,9,7,6,6,11,15,13,2,8,3,15,12,7,13,6,2011-12
1610612748,Miami Heat,23,16,7,0.696,1114.0,106.9,108.6,98.5,101.2,8.4,7.4,0.5,1.34,14.6,0.3,0.689,0.5,0.145,0.505,0.552,90.5,88.59,73.82,2061,0.562,1,1,12,2,1,3,7,1,11,8,8,8,12,9,7,3,3,11,1,2011-12
1610612752,New York Knicks,5,1,4,0.2,240.0,93.0,95.0,108.2,110.8,-15.1,-15.8,0.412,0.68,11.0,0.338,0.696,0.511,0.211,0.451,0.499,89.2,87.3,72.75,436,0.364,13,13,1,13,14,13,16,15,16,16,16,6,11,6,16,11,10,15,16,2011-12
1610612760,Oklahoma City Thunder,20,13,7,0.65,960.0,108.9,110.2,104.3,105.6,4.6,4.5,0.484,1.56,14.8,0.264,0.719,0.494,0.126,0.508,0.558,93.1,91.98,76.65,1838,0.533,2,2,12,3,3,1,9,3,14,5,7,13,5,11,2,2,2,4,2,2011-12
1610612753,Orlando Magic,5,1,4,0.2,245.0,92.7,95.2,103.1,107.3,-10.4,-12.0,0.555,1.23,14.6,0.286,0.619,0.451,0.159,0.452,0.486,89.2,86.3,71.92,440,0.423,13,13,1,13,13,12,12,14,5,10,10,9,16,16,10,10,12,16,14,2011-12
1610612755,Philadelphia 76ers,13,7,6,0.538,624.0,95.7,96.1,94.7,97.2,1.0,-1.0,0.566,1.57,15.2,0.262,0.709,0.479,0.129,0.436,0.482,90.7,89.31,74.42,1159,0.479,5,5,11,6,5,11,2,8,4,3,5,14,9,14,3,15,13,8,9,2011-12
1610612759,San Antonio Spurs,14,10,4,0.714,672.0,107.9,109.3,101.6,102.8,6.3,6.5,0.603,1.6,18.0,0.249,0.717,0.493,0.153,0.541,0.574,94.6,93.36,77.8,1306,0.529,4,4,1,1,4,2,8,2,2,2,1,16,6,12,8,1,1,1,3,2011-12
1610612762,Utah Jazz,4,0,4,0.0,192.0,91.0,92.2,108.9,109.9,-17.9,-17.7,0.511,1.24,13.0,0.357,0.781,0.543,0.144,0.395,0.443,94.4,93.25,77.71,374,0.387,15,15,1,15,15,15,15,16,9,9,14,3,2,2,5,16,16,2,15,2011-12
1610612737,Atlanta Hawks,6,2,4,0.333,288.0,96.4,96.2,100.1,101.6,-3.7,-5.4,0.587,1.58,15.8,0.207,0.676,0.443,0.131,0.462,0.503,93.6,92.92,77.43,557,0.457,10,10,1,10,11,13,4,11,3,4,5,15,13,16,3,14,12,5,11,2012-13
1610612738,Boston Celtics,6,2,4,0.333,293.0,90.8,92.0,96.9,98.1,-6.0,-6.1,0.591,0.97,14.8,0.198,0.736,0.488,0.194,0.463,0.525,89.0,87.89,73.24,537,0.486,10,10,1,10,10,16,2,13,2,16,12,16,1,9,16,13,9,15,9,2012-13
1610612751,Brooklyn Nets,7,3,4,0.429,351.0,104.9,106.9,102.3,104.6,2.6,2.3,0.537,1.72,15.7,0.301,0.689,0.49,0.124,0.479,0.524,90.9,89.09,74.24,651,0.506,9,9,1,8,9,4,9,4,11,2,8,6,11,8,2,8,10,9,5,2012-13
1610612741,Chicago Bulls,12,5,7,0.417,591.0,99.4,101.9,106.8,109.1,-7.4,-7.2,0.557,1.37,15.7,0.325,0.709,0.511,0.158,0.472,0.511,90.1,87.96,73.3,1082,0.45,5,7,13,9,5,11,11,14,8,7,7,2,9,3,10,12,11,14,12,2012-13
1610612743,Denver Nuggets,6,2,4,0.333,288.0,102.4,104.7,107.7,109.4,-5.2,-4.6,0.57,1.46,15.8,0.308,0.681,0.478,0.147,0.479,0.526,100.0,98.17,81.81,590,0.448,10,10,1,10,11,6,12,9,6,6,6,5,12,14,8,7,8,1,13,2012-13
1610612744,Golden State Warriors,12,6,6,0.5,591.0,103.7,104.7,103.4,104.9,0.3,-0.2,0.556,1.31,16.2,0.314,0.715,0.52,0.168,0.513,0.546,96.5,95.43,79.53,1177,0.506,5,5,9,5,5,7,10,8,9,10,3,3,7,2,12,2,4,3,6,2012-13
1610612745,Houston Rockets,6,2,4,0.333,288.0,101.9,105.1,109.2,110.4,-7.4,-5.4,0.524,1.14,14.1,0.291,0.73,0.504,0.166,0.496,0.537,97.5,95.5,79.58,571,0.446,10,10,1,10,11,5,14,10,13,13,15,7,4,5,11,5,5,2,14,2012-13
1610612754,Indiana Pacers,19,11,8,0.579,917.0,101.3,103.1,101.6,102.9,-0.3,0.2,0.542,1.06,14.4,0.35,0.733,0.545,0.184,0.475,0.528,89.9,88.57,73.81,1692,0.518,3,3,16,3,3,10,6,7,10,15,14,1,2,1,15,9,7,11,3,2012-13
1610612746,Los Angeles Clippers,6,2,4,0.333,288.0,104.9,107.8,109.7,113.6,-4.8,-5.8,0.512,1.35,15.3,0.287,0.667,0.482,0.152,0.506,0.552,90.8,88.0,73.33,527,0.459,10,10,1,10,11,2,16,12,15,8,10,9,15,12,9,4,2,13,10,2012-13
1610612747,Los Angeles Lakers,4,0,4,0.0,192.0,90.6,92.9,111.0,112.7,-20.4,-19.8,0.536,1.12,15.3,0.249,0.728,0.48,0.18,0.474,0.495,93.9,92.0,76.67,367,0.378,15,15,1,15,15,15,15,16,12,14,11,14,5,13,14,10,16,6,16,2012-13
1610612763,Memphis Grizzlies,15,8,7,0.533,735.0,101.4,104.6,101.4,103.9,0.1,0.7,0.568,1.8,15.4,0.312,0.733,0.51,0.119,0.447,0.502,91.2,88.69,73.9,1358,0.504,4,4,13,4,4,9,8,6,7,1,9,4,3,4,1,16,13,10,7,2012-13
1610612748,Miami Heat,23,16,7,0.696,1114.0,107.7,109.0,99.8,102.2,7.9,6.8,0.574,1.57,16.9,0.289,0.672,0.487,0.147,0.518,0.559,89.8,88.16,73.46,2050,0.552,1,1,13,2,1,1,5,2,5,5,2,8,14,10,7,1,1,12,2,2012-13
1610612749,Milwaukee Bucks,4,0,4,0.0,192.0,91.5,93.9,108.6,110.2,-17.1,-16.3,0.594,1.22,16.1,0.274,0.665,0.455,0.179,0.472,0.498,92.6,90.75,75.62,363,0.395,15,15,1,15,15,14,13,15,1,12,4,12,16,15,13,11,15,7,15,2012-13
1610612752,New York Knicks,12,6,6,0.5,581.0,98.6,100.7,95.6,97.5,3.0,3.1,0.454,1.3,13.0,0.28,0.714,0.484,0.132,0.46,0.498,89.1,87.28,72.74,1056,0.488,5,5,9,5,7,12,1,3,16,11,16,10,8,11,4,15,14,16,8,2012-13
1610612760,Oklahoma City Thunder,11,5,6,0.455,533.0,102.5,104.6,100.2,103.8,2.3,0.8,0.52,1.33,14.5,0.27,0.719,0.499,0.145,0.479,0.534,95.6,92.94,77.45,1035,0.511,8,7,9,7,8,8,7,5,14,9,13,13,6,7,6,6,6,4,4,2012-13
1610612759,San Antonio Spurs,21,15,6,0.714,1038.0,105.9,107.6,98.8,99.7,7.0,7.9,0.574,1.7,17.2,0.277,0.708,0.502,0.138,0.511,0.547,91.9,90.73,75.61,1958,0.552,2,2,9,1,2,3,3,1,4,3,1,11,10,6,5,3,3,8,1,2012-13
1610612737,Atlanta Hawks,7,3,4,0.429,336.0,98.2,101.4,101.6,101.2,-3.3,0.2,0.557,1.24,14.1,0.25,0.726,0.476,0.149,0.456,0.515,93.0,91.71,76.43,638,0.451,9,9,1,8,10,13,2,5,9,15,14,15,7,14,10,15,13,8,15,2013-14
1610612751,Brooklyn Nets,12,5,7,0.417,576.0,108.2,108.5,109.1,109.7,-0.9,-1.2,0.528,1.5,15.5,0.279,0.737,0.502,0.139,0.514,0.555,88.5,88.13,73.44,1056,0.487,6,7,11,13,6,6,10,7,11,8,10,11,4,9,5,5,4,14,7,2013-14
1610612766,Charlotte Bobcats,4,0,4,0.0,192.0,99.6,101.1,109.8,112.4,-10.1,-11.3,0.585,1.32,16.2,0.254,0.797,0.521,0.165,0.5,0.537,92.5,90.75,75.62,364,0.438,16,16,1,16,16,14,13,16,5,12,6,13,1,4,14,7,9,10,16,2013-14
1610612741,Chicago Bulls,5,1,4,0.2,245.0,100.4,102.3,104.8,106.5,-4.4,-4.3,0.608,1.53,16.4,0.308,0.694,0.503,0.15,0.463,0.508,88.1,86.6,72.16,440,0.459,15,15,1,15,15,12,6,12,2,5,4,4,11,8,11,14,14,16,14,2013-14
1610612742,Dallas Mavericks,7,3,4,0.429,336.0,106.8,108.3,110.2,110.4,-3.4,-2.1,0.489,1.68,15.1,0.295,0.735,0.493,0.122,0.5,0.532,94.2,93.43,77.86,654,0.47,9,9,1,8,10,7,11,10,14,4,11,8,5,11,2,7,11,6,11,2013-14
1610612744,Golden State Warriors,7,3,4,0.429,336.0,106.9,109.7,111.7,114.3,-4.8,-4.6,0.638,1.41,17.6,0.364,0.682,0.521,0.178,0.518,0.558,99.4,97.0,80.83,679,0.465,9,9,1,8,10,5,16,13,1,9,2,2,13,5,16,3,3,1,12,2013-14
1610612745,Houston Rockets,6,2,4,0.333,303.0,109.8,113.7,111.8,114.1,-1.9,-0.4,0.449,1.33,13.3,0.418,0.683,0.545,0.14,0.49,0.534,95.9,93.31,77.76,591,0.479,14,14,1,14,14,1,15,6,16,11,16,1,12,1,7,10,10,7,9,2013-14
1610612754,Indiana Pacers,19,10,9,0.526,912.0,101.6,102.4,102.1,104.3,-0.5,-2.0,0.559,1.38,15.8,0.254,0.732,0.496,0.152,0.5,0.54,90.4,89.11,74.25,1700,0.505,3,3,15,4,4,11,4,9,8,10,9,14,6,10,12,6,8,12,5,2013-14
1610612746,Los Angeles Clippers,13,6,7,0.462,624.0,109.7,113.2,108.6,110.7,1.1,2.5,0.605,1.89,17.8,0.303,0.661,0.475,0.131,0.515,0.555,98.7,96.27,80.22,1249,0.505,5,5,11,6,5,3,12,2,3,2,1,7,15,15,3,4,5,2,4,2013-14
1610612763,Memphis Grizzlies,7,3,4,0.429,356.0,98.9,100.9,105.7,105.8,-6.8,-4.9,0.591,1.95,16.3,0.293,0.673,0.473,0.116,0.442,0.486,91.8,90.81,75.67,671,0.475,9,9,1,8,9,16,5,14,4,1,5,9,14,16,1,16,16,9,10,2013-14
1610612748,Miami Heat,20,13,7,0.65,960.0,110.5,112.0,108.7,109.6,1.8,2.3,0.516,1.5,16.1,0.223,0.718,0.476,0.14,0.555,0.594,88.0,86.98,72.48,1737,0.509,2,2,11,2,2,4,9,3,13,7,7,16,9,13,6,1,1,15,3,2013-14
1610612760,Oklahoma City Thunder,19,10,9,0.526,937.0,105.6,106.1,105.5,108.0,0.2,-1.9,0.527,1.28,15.0,0.292,0.714,0.513,0.156,0.496,0.551,95.0,93.67,78.06,1835,0.499,3,3,15,4,3,9,7,8,12,13,12,10,10,6,13,9,7,4,6,2013-14
1610612757,Portland Trail Blazers,11,5,6,0.455,543.0,103.6,107.2,110.9,113.3,-7.3,-6.1,0.457,1.27,13.4,0.322,0.655,0.488,0.142,0.482,0.529,97.4,94.72,78.93,1070,0.464,7,7,10,7,7,8,14,15,15,14,15,3,16,12,8,12,12,3,13,2013-14
1610612759,San Antonio Spurs,23,16,7,0.696,1109.0,112.7,113.3,101.1,103.1,11.6,10.2,0.559,1.77,17.5,0.263,0.723,0.505,0.134,0.546,0.583,94.8,93.55,77.96,2159,0.572,1,1,11,1,1,2,3,1,7,3,3,12,8,7,4,2,2,5,1,2013-14
1610612761,Toronto Raptors,7,3,4,0.429,336.0,104.5,106.0,108.3,108.6,-3.8,-2.6,0.541,1.16,14.6,0.306,0.747,0.527,0.169,0.486,0.553,91.1,90.36,75.3,635,0.484,9,9,1,8,10,10,8,11,10,16,13,5,3,2,15,11,6,11,8,2013-14
1610612764,Washington Wizards,11,6,5,0.545,533.0,99.5,101.0,98.2,100.0,1.3,1.0,0.567,1.52,15.9,0.305,0.749,0.522,0.143,0.468,0.504,90.1,88.62,73.85,984,0.515,7,5,9,3,8,15,1,4,6,6,8,6,2,3,9,13,15,13,2,2013-14
1610612737,Atlanta Hawks,16,8,8,0.5,778.0,101.0,102.8,101.0,102.9,0.0,-0.2,0.646,1.88,18.1,0.263,0.711,0.489,0.133,0.484,0.521,95.9,94.15,78.46,1526,0.514,4,4,15,6,4,10,5,7,1,2,3,14,8,11,6,9,10,11,5,2014-15
1610612738,Boston Celtics,4,0,4,0.0,192.0,97.2,100.5,110.2,108.9,-13.0,-8.4,0.576,1.48,15.7,0.26,0.696,0.471,0.143,0.453,0.504,95.9,94.88,79.06,377,0.427,14,14,1,14,16,13,12,14,10,13,11,15,14,15,11,14,12,7,14,2014-15
1610612751,Brooklyn Nets,6,2,4,0.333,293.0,99.1,100.2,103.6,105.9,-4.5,-5.7,0.599,1.51,16.8,0.242,0.72,0.482,0.149,0.486,0.522,96.0,94.53,78.77,577,0.458,10,10,1,10,11,14,8,11,7,11,7,16,4,13,12,8,9,10,12,2014-15
1610612741,Chicago Bulls,12,6,6,0.5,586.0,100.5,104.2,98.1,101.1,2.4,3.1,0.632,1.58,17.0,0.337,0.707,0.525,0.152,0.474,0.515,93.4,90.31,75.26,1106,0.526,6,6,12,6,6,8,3,4,3,9,6,1,10,2,16,11,11,16,3,2014-15
1610612739,Cleveland Cavaliers,20,14,6,0.7,975.0,104.0,106.6,100.3,102.2,3.6,4.4,0.519,1.39,14.2,0.327,0.728,0.527,0.139,0.479,0.524,93.5,91.47,76.23,1857,0.519,2,2,12,2,2,5,4,2,14,16,15,2,2,1,10,10,8,15,4,2014-15
1610612742,Dallas Mavericks,5,1,4,0.2,240.0,106.1,107.0,108.6,111.3,-2.5,-4.3,0.51,1.49,15.2,0.309,0.709,0.507,0.138,0.493,0.534,104.4,102.7,85.58,514,0.476,12,12,1,12,12,4,14,10,15,12,13,3,9,4,8,6,6,1,10,2014-15
1610612744,Golden State Warriors,21,16,5,0.762,1023.0,106.4,107.1,97.4,98.8,9.0,8.2,0.642,1.68,18.3,0.285,0.707,0.501,0.152,0.521,0.55,96.1,95.13,79.28,2026,0.547,1,1,10,1,1,3,1,1,2,6,1,6,11,6,14,1,1,5,1,2014-15
1610612745,Houston Rockets,17,9,8,0.529,816.0,103.9,106.0,106.9,108.4,-2.9,-2.4,0.586,1.41,15.8,0.291,0.707,0.498,0.152,0.505,0.544,103.8,102.06,85.05,1735,0.485,3,3,15,5,3,6,11,9,9,15,10,5,12,8,15,4,3,2,9,2014-15
1610612746,Los Angeles Clippers,14,7,7,0.5,677.0,105.9,107.9,105.3,106.7,0.6,1.1,0.57,1.71,16.7,0.265,0.705,0.489,0.132,0.515,0.548,100.7,99.08,82.57,1399,0.513,5,5,14,6,5,1,10,5,12,5,8,13,13,10,5,2,2,3,6,2014-15
1610612763,Memphis Grizzlies,11,6,5,0.545,528.0,100.2,101.7,102.0,103.1,-1.8,-1.5,0.57,1.85,16.0,0.279,0.738,0.502,0.118,0.451,0.503,94.3,93.14,77.61,1025,0.508,7,6,10,4,7,11,6,8,11,3,9,8,1,5,1,15,14,12,7,2014-15
1610612749,Milwaukee Bucks,6,2,4,0.333,298.0,90.0,92.0,101.0,104.5,-11.0,-12.5,0.595,1.54,15.5,0.267,0.674,0.457,0.137,0.419,0.455,95.7,93.1,77.58,577,0.416,10,10,1,10,10,16,7,15,8,10,12,11,16,16,7,16,16,13,15,2014-15
1610612740,New Orleans Pelicans,4,0,4,0.0,197.0,104.1,103.6,111.6,111.8,-7.6,-8.2,0.612,1.72,17.5,0.266,0.694,0.487,0.139,0.491,0.536,94.6,94.78,78.98,389,0.464,14,14,1,14,14,9,15,13,6,4,4,12,15,12,9,7,5,9,11,2014-15
1610612757,Portland Trail Blazers,5,1,4,0.2,240.0,99.0,101.5,106.1,109.1,-7.1,-7.6,0.497,1.43,13.7,0.271,0.719,0.491,0.126,0.455,0.504,94.7,92.3,76.92,462,0.436,12,12,1,12,12,12,13,12,16,14,16,9,6,9,3,13,13,14,13,2014-15
1610612759,San Antonio Spurs,7,3,4,0.429,341.0,106.7,107.7,104.4,106.7,2.3,1.1,0.631,1.99,18.1,0.281,0.726,0.5,0.126,0.505,0.536,96.3,94.87,79.06,672,0.493,9,9,1,9,9,2,9,6,4,1,2,7,3,7,4,3,4,8,8,2014-15
1610612761,Toronto Raptors,4,0,4,0.0,197.0,95.4,98.5,112.5,113.4,-17.0,-14.9,0.531,1.63,15.0,0.268,0.719,0.474,0.123,0.459,0.493,96.9,95.03,79.19,391,0.382,14,14,1,14,14,15,16,16,13,7,14,10,5,14,2,12,15,6,16,2014-15
1610612764,Washington Wizards,10,6,4,0.6,485.0,103.3,105.0,98.4,101.0,5.0,3.9,0.619,1.59,17.3,0.298,0.716,0.513,0.151,0.497,0.533,97.3,95.26,79.38,963,0.53,8,6,1,3,8,7,2,3,5,8,5,4,7,3,13,5,7,4,2,2014-15
1610612737,Atlanta Hawks,10,4,6,0.4,485.0,100.8,103.2,101.6,104.0,-0.8,-0.8,0.617,1.57,17.2,0.255,0.705,0.49,0.148,0.494,0.533,98.4,96.1,80.08,970,0.516,7,8,11,10,7,9,6,8,2,8,3,14,10,9,13,8,8,5,7,2015-16
1610612738,Boston Celtics,6,2,4,0.333,293.0,91.3,94.3,97.7,101.2,-6.3,-6.9,0.612,1.43,15.5,0.27,0.748,0.496,0.147,0.432,0.475,101.1,97.72,81.43,597,0.436,11,11,1,11,11,14,2,11,3,11,9,8,1,7,12,13,14,4,12,2015-16
1610612766,Charlotte Hornets,7,3,4,0.429,336.0,96.4,98.8,106.5,108.1,-10.1,-9.3,0.426,1.44,11.8,0.221,0.724,0.461,0.103,0.432,0.494,93.4,91.57,76.31,640,0.431,9,9,1,8,9,13,11,12,16,10,16,16,9,14,2,14,13,10,13,2015-16
1610612739,Cleveland Cavaliers,21,16,5,0.762,1008.0,112.5,114.6,103.5,105.2,9.0,9.5,0.554,1.7,16.8,0.307,0.745,0.528,0.137,0.544,0.573,93.0,91.4,76.17,1919,0.551,2,1,10,1,2,1,8,1,7,6,5,3,2,2,7,1,1,11,2,2015-16
1610612742,Dallas Mavericks,5,1,4,0.2,240.0,99.3,101.7,117.7,120.4,-18.4,-18.7,0.582,1.75,16.5,0.263,0.627,0.443,0.128,0.474,0.511,94.8,92.6,77.17,461,0.39,13,13,1,13,13,11,16,14,5,4,6,13,15,16,5,10,10,9,14,2015-16
1610612765,Detroit Pistons,4,0,4,0.0,192.0,107.4,109.2,115.8,119.3,-8.4,-10.1,0.604,2.07,18.4,0.243,0.701,0.481,0.121,0.537,0.559,88.9,86.88,72.4,348,0.474,15,15,1,15,15,5,15,13,4,1,1,15,11,12,3,2,3,16,9,2015-16
1610612744,Golden State Warriors,24,15,9,0.625,1157.0,108.4,109.7,102.1,105.1,6.3,4.5,0.624,1.74,17.9,0.275,0.676,0.482,0.143,0.529,0.562,99.8,97.83,81.52,2357,0.535,1,2,15,2,1,4,7,4,1,5,2,7,14,11,10,3,2,3,5,2015-16
1610612745,Houston Rockets,5,1,4,0.2,240.0,89.2,91.4,110.1,110.7,-20.9,-19.3,0.545,0.95,13.3,0.332,0.742,0.516,0.19,0.43,0.467,101.1,99.6,83.0,499,0.344,13,13,1,13,13,15,13,15,10,16,14,2,3,3,16,15,15,1,15,2015-16
1610612754,Indiana Pacers,7,3,4,0.429,336.0,103.4,103.8,99.0,101.9,4.4,1.9,0.55,1.26,15.2,0.268,0.62,0.46,0.16,0.495,0.549,92.0,90.43,75.36,632,0.538,9,9,1,8,9,8,4,6,9,12,10,11,16,15,14,7,6,14,3,2015-16
1610612746,LA Clippers,6,2,4,0.333,288.0,102.2,102.6,101.8,101.9,0.4,0.7,0.489,1.88,14.3,0.265,0.693,0.479,0.101,0.471,0.502,95.9,95.67,79.72,575,0.511,11,11,1,11,12,10,5,7,13,2,11,12,12,13,1,11,12,6,8,2015-16
1610612763,Memphis Grizzlies,4,0,4,0.0,192.0,89.3,89.3,111.9,113.2,-22.6,-23.9,0.516,1.06,13.5,0.3,0.733,0.492,0.171,0.423,0.455,91.4,90.88,75.73,363,0.328,15,15,1,15,15,16,14,16,12,15,13,6,7,8,15,16,16,12,16,2015-16
1610612748,Miami Heat,14,7,7,0.5,687.0,103.1,104.4,98.2,101.3,5.0,3.1,0.444,1.24,13.6,0.27,0.74,0.516,0.142,0.5,0.539,92.6,90.62,75.52,1299,0.538,5,5,13,5,5,7,3,5,15,13,12,10,4,4,9,6,7,13,4,2015-16
1610612760,Oklahoma City Thunder,18,11,7,0.611,864.0,108.5,111.3,103.2,105.8,5.3,5.5,0.536,1.48,15.5,0.339,0.727,0.535,0.145,0.501,0.551,98.0,95.61,79.68,1721,0.533,4,3,13,3,4,2,9,3,11,9,8,1,8,1,11,5,5,7,6,2015-16
1610612757,Portland Trail Blazers,11,5,6,0.455,533.0,104.5,106.3,108.7,108.5,-4.2,-2.3,0.581,1.65,15.8,0.303,0.734,0.513,0.132,0.483,0.523,98.8,98.03,81.69,1087,0.466,6,7,11,7,6,6,12,9,6,7,7,5,6,5,6,9,9,2,10,2015-16
1610612759,San Antonio Spurs,10,6,4,0.6,480.0,107.1,109.8,99.5,100.5,7.6,9.3,0.55,1.84,17.0,0.27,0.686,0.485,0.125,0.519,0.557,94.3,92.65,77.21,929,0.568,7,6,1,4,8,3,1,2,8,3,4,9,13,10,4,4,4,8,1,2015-16
1610612761,Toronto Raptors,20,10,10,0.5,975.0,99.0,101.7,105.6,106.4,-6.6,-4.7,0.458,1.21,12.9,0.307,0.737,0.507,0.142,0.463,0.507,92.0,90.39,75.32,1837,0.446,3,4,16,5,3,12,10,10,14,14,15,4,5,6,8,12,11,15,11,2015-16
1610612737,Atlanta Hawks,6,2,4,0.333,288.0,103.5,107.3,106.0,107.7,-2.5,-0.5,0.596,1.4,16.4,0.322,0.731,0.526,0.163,0.493,0.542,101.3,98.67,82.22,590,0.487,10,10,2,10,11,10,3,7,4,14,7,3,9,2,15,12,11,4,6,2016-17
1610612738,Boston Celtics,18,9,9,0.5,869.0,108.5,110.4,111.3,113.5,-2.8,-3.1,0.702,2.0,20.1,0.261,0.682,0.468,0.141,0.532,0.566,96.5,94.76,78.96,1716,0.482,1,3,16,5,1,5,12,9,1,2,1,11,15,15,11,3,3,9,9,2016-17
1610612741,Chicago Bulls,6,2,4,0.333,288.0,102.6,103.6,108.9,110.5,-6.3,-6.9,0.55,1.3,15.7,0.316,0.747,0.532,0.165,0.483,0.529,94.5,93.33,77.78,559,0.467,10,10,2,10,11,14,9,13,9,15,12,4,4,1,16,15,14,11,14,2016-17
1610612739,Cleveland Cavaliers,18,13,5,0.722,864.0,118.1,119.9,108.3,111.8,9.7,8.1,0.539,1.69,16.9,0.269,0.704,0.497,0.135,0.579,0.614,99.2,96.89,80.74,1745,0.538,1,2,10,2,2,1,11,2,11,4,4,9,12,9,6,1,1,7,2,2016-17
1610612744,Golden State Warriors,17,16,1,0.941,816.0,116.3,118.2,102.8,105.3,13.6,12.9,0.658,2.07,20.0,0.278,0.732,0.522,0.135,0.567,0.608,102.7,100.68,83.9,1716,0.588,3,1,1,1,3,2,2,1,2,1,2,8,8,4,7,2,2,2,1,2016-17
1610612745,Houston Rockets,11,6,5,0.545,533.0,107.2,110.1,107.1,108.9,0.2,1.2,0.524,1.4,14.9,0.282,0.679,0.483,0.143,0.514,0.559,99.0,96.9,80.75,1076,0.484,6,6,10,3,6,7,4,3,13,13,14,7,16,11,12,7,6,6,7,2016-17
1610612754,Indiana Pacers,4,0,4,0.0,192.0,111.0,114.5,115.9,119.0,-4.9,-4.5,0.556,1.7,16.9,0.338,0.711,0.519,0.139,0.53,0.564,97.6,94.88,79.06,380,0.483,15,15,2,15,15,3,15,10,6,3,5,1,11,5,9,4,4,8,8,2016-17
1610612746,LA Clippers,7,3,4,0.429,336.0,106.2,107.9,108.0,109.0,-1.8,-1.1,0.506,1.52,15.5,0.247,0.782,0.508,0.134,0.526,0.558,91.8,90.64,75.54,634,0.481,9,9,2,7,9,9,5,8,15,12,13,12,1,7,4,5,7,14,10,2016-17
1610612763,Memphis Grizzlies,6,2,4,0.333,293.0,107.3,109.9,116.8,119.2,-9.5,-9.3,0.543,1.66,16.2,0.246,0.692,0.466,0.129,0.51,0.559,88.2,86.25,71.88,526,0.458,10,10,2,10,10,8,16,15,10,6,10,13,13,16,2,9,5,16,15,2016-17
1610612749,Milwaukee Bucks,6,2,4,0.333,288.0,100.7,103.3,101.5,103.7,-0.8,-0.4,0.608,1.59,17.4,0.243,0.74,0.482,0.148,0.503,0.533,92.5,90.33,75.28,541,0.49,10,10,2,10,11,15,1,6,3,9,3,14,5,12,13,11,13,15,5,2016-17
1610612760,Oklahoma City Thunder,5,1,4,0.2,240.0,104.3,105.0,109.7,113.7,-5.4,-8.7,0.513,1.55,14.8,0.293,0.686,0.481,0.129,0.49,0.525,101.3,99.2,82.67,496,0.477,14,14,2,14,14,12,13,14,14,10,15,6,14,13,1,14,15,3,11,2016-17
1610612757,Portland Trail Blazers,4,0,4,0.0,192.0,96.3,100.0,114.6,116.9,-18.3,-16.9,0.444,1.03,12.0,0.264,0.736,0.481,0.15,0.458,0.507,104.9,101.88,84.9,406,0.368,15,15,2,15,15,16,14,16,16,16,16,10,7,14,14,16,16,1,16,2016-17
1610612759,San Antonio Spurs,16,8,8,0.5,778.0,110.3,112.8,109.5,111.6,0.7,1.2,0.533,1.67,16.2,0.327,0.737,0.526,0.134,0.512,0.551,95.7,93.72,78.1,1518,0.507,4,4,15,5,4,4,10,4,12,5,8,2,6,3,5,8,9,10,3,2016-17
1610612761,Toronto Raptors,10,4,6,0.4,480.0,101.3,104.2,107.9,110.1,-6.6,-5.9,0.555,1.52,16.0,0.241,0.759,0.499,0.139,0.493,0.541,95.2,92.9,77.42,928,0.47,8,7,12,8,8,13,6,12,7,11,11,15,3,8,8,13,12,13,12,2016-17
1610612762,Utah Jazz,11,4,7,0.364,528.0,104.1,105.2,109.2,110.4,-5.1,-5.2,0.554,1.63,16.2,0.206,0.769,0.485,0.13,0.515,0.552,94.0,92.95,77.46,1023,0.469,6,7,14,9,7,11,7,11,8,8,9,16,2,10,3,6,8,12,13,2016-17
1610612764,Washington Wizards,13,7,6,0.538,629.0,106.9,110.2,108.2,110.5,-1.3,-0.3,0.568,1.65,16.8,0.315,0.719,0.513,0.14,0.505,0.549,99.7,97.18,80.99,1275,0.501,5,5,12,4,5,6,8,5,5,7,6,5,10,6,10,10,10,5,4,2016-17
1610612738,Boston Celtics,19,11,8,0.579,922.0,105.1,107.1,104.6,106.2,0.5,0.9,0.582,1.82,16.5,0.256,0.747,0.494,0.123,0.5,0.541,95.3,93.74,78.11,1799,0.499,3,3,15,3,3,9,5,5,7,3,10,8,6,11,2,13,12,13,6,2017-18
1610612739,Cleveland Cavaliers,22,12,10,0.545,1066.0,106.5,108.3,108.5,111.1,-2.0,-2.8,0.522,1.52,15.3,0.289,0.744,0.513,0.136,0.512,0.55,94.0,92.13,76.77,2055,0.483,1,2,16,5,1,8,11,10,13,12,12,2,8,2,6,11,8,15,10,2017-18
1610612744,Golden State Warriors,21,16,5,0.762,1013.0,111.9,112.7,100.5,102.0,11.4,10.7,0.632,2.03,19.2,0.255,0.732,0.508,0.131,0.545,0.581,98.8,97.73,81.44,2058,0.572,2,1,10,1,2,1,1,1,3,1,1,9,11,3,4,2,2,8,1,2017-18
1610612745,Houston Rockets,17,11,6,0.647,816.0,106.7,108.5,106.1,107.0,0.6,1.6,0.506,1.56,14.7,0.251,0.755,0.494,0.125,0.514,0.552,97.8,96.56,80.47,1644,0.497,4,3,12,2,4,7,7,4,14,10,14,11,4,12,3,8,7,9,8,2017-18
1610612754,Indiana Pacers,7,3,4,0.429,336.0,107.4,110.3,103.0,103.4,4.4,6.9,0.548,1.61,17.1,0.274,0.735,0.507,0.144,0.542,0.567,92.8,91.43,76.19,638,0.545,9,9,1,8,10,3,2,2,11,9,8,4,10,4,11,3,4,16,2,2017-18
1610612748,Miami Heat,5,1,4,0.2,240.0,101.6,101.8,109.6,112.2,-8.0,-10.4,0.65,1.49,17.3,0.235,0.655,0.449,0.157,0.507,0.542,103.0,101.7,84.75,508,0.429,13,13,1,13,13,16,13,16,2,13,7,13,16,16,15,12,11,2,14,2017-18
1610612749,Milwaukee Bucks,7,3,4,0.429,341.0,107.7,108.7,106.1,108.8,1.6,-0.1,0.562,1.67,17.8,0.19,0.698,0.466,0.14,0.561,0.585,94.2,92.55,77.13,656,0.509,9,9,1,8,9,6,9,6,8,8,4,16,15,14,9,1,1,14,4,2017-18
1610612750,Minnesota Timberwolves,5,1,4,0.2,240.0,105.1,106.9,113.3,116.0,-8.2,-9.0,0.589,1.78,17.4,0.245,0.745,0.506,0.133,0.515,0.548,97.0,95.1,79.25,475,0.475,13,13,1,13,13,10,15,14,5,4,6,12,7,6,5,7,10,11,11,2017-18
1610612740,New Orleans Pelicans,9,5,4,0.556,432.0,105.4,105.5,105.7,107.0,-0.3,-1.4,0.627,1.86,19.0,0.215,0.762,0.497,0.139,0.533,0.562,104.6,103.89,86.57,938,0.504,8,5,1,4,8,11,8,8,4,2,2,15,3,9,8,5,5,1,5,2017-18
1610612760,Oklahoma City Thunder,6,2,4,0.333,288.0,100.7,102.9,106.1,106.9,-5.4,-4.0,0.439,1.17,12.8,0.261,0.713,0.485,0.142,0.49,0.528,100.0,98.5,82.08,590,0.469,11,11,1,11,11,14,6,11,16,16,16,7,13,13,10,15,15,5,12,2017-18
1610612755,Philadelphia 76ers,10,5,5,0.5,485.0,106.5,108.9,104.7,105.0,1.8,3.9,0.667,1.77,18.0,0.333,0.769,0.543,0.146,0.493,0.539,100.1,98.87,82.39,999,0.532,6,5,10,6,6,5,3,3,1,5,3,1,2,1,14,14,13,4,3,2017-18
1610612757,Portland Trail Blazers,4,0,4,0.0,192.0,104.3,105.5,114.7,113.9,-10.4,-8.4,0.461,1.31,14.3,0.267,0.781,0.499,0.145,0.512,0.539,100.5,100.25,83.54,400,0.426,16,16,1,16,16,12,14,13,15,14,15,6,1,8,12,10,14,3,15,2017-18
1610612759,San Antonio Spurs,5,1,4,0.2,240.0,100.3,102.1,111.2,111.9,-10.9,-9.8,0.549,1.73,15.2,0.233,0.709,0.456,0.116,0.463,0.515,95.7,94.6,78.83,474,0.418,13,13,1,13,13,15,12,15,10,7,13,14,14,15,1,16,16,12,16,2017-18
1610612761,Toronto Raptors,10,4,6,0.4,485.0,110.1,111.4,112.5,116.4,-2.4,-4.9,0.56,1.56,16.8,0.272,0.719,0.496,0.145,0.536,0.578,97.3,95.16,79.3,963,0.469,6,8,12,10,6,2,16,12,9,11,9,5,12,10,13,4,3,10,13,2017-18
1610612762,Utah Jazz,11,5,6,0.455,528.0,102.9,104.3,104.4,106.1,-1.5,-1.8,0.537,1.3,15.5,0.255,0.754,0.507,0.158,0.52,0.549,99.8,98.36,81.97,1080,0.488,5,5,12,7,5,13,4,9,12,15,11,10,5,5,16,6,9,6,9,2017-18
1610612764,Washington Wizards,6,2,4,0.333,288.0,106.7,109.7,110.2,110.8,-3.5,-1.1,0.588,1.73,17.5,0.279,0.736,0.504,0.138,0.513,0.561,99.8,98.08,81.74,586,0.498,11,11,1,11,11,4,10,7,6,6,5,3,9,7,7,9,6,7,7,2017-18
1610612738,Boston Celtics,9,5,4,0.556,432.0,100.0,101.4,101.8,103.0,-1.8,-1.5,0.601,1.45,16.1,0.229,0.783,0.514,0.147,0.491,0.539,101.9,100.61,83.84,906,0.502,8,8,1,5,8,12,2,8,8,13,12,15,2,4,10,11,10,5,6,2018-19
1610612751,Brooklyn Nets,5,1,4,0.2,240.0,103.9,105.7,113.3,115.9,-9.4,-10.2,0.5,1.35,13.8,0.258,0.643,0.441,0.135,0.48,0.534,107.6,105.5,87.92,527,0.413,11,11,1,11,11,10,14,14,15,14,16,12,16,16,8,12,12,1,14,2018-19
1610612743,Denver Nuggets,14,7,7,0.5,692.0,111.3,113.3,109.5,111.1,1.8,2.2,0.601,2.45,17.6,0.311,0.703,0.505,0.102,0.496,0.539,95.1,93.68,78.06,1349,0.518,5,5,13,7,5,2,10,6,9,2,4,2,12,6,2,10,11,15,5,2018-19
1610612765,Detroit Pistons,4,0,4,0.0,192.0,94.4,96.8,117.8,120.5,-23.4,-23.8,0.613,2.19,16.5,0.248,0.727,0.452,0.104,0.444,0.471,103.5,101.13,84.27,405,0.354,15,15,1,15,15,14,16,16,7,3,10,13,7,14,3,16,16,3,16,2018-19
1610612744,Golden State Warriors,22,14,8,0.636,1066.0,112.3,114.6,108.6,111.5,3.7,3.1,0.691,1.91,20.0,0.301,0.714,0.513,0.15,0.548,0.589,100.9,98.57,82.14,2192,0.536,2,2,14,3,2,1,11,4,1,5,1,4,11,5,11,1,1,9,3,2018-19
1610612745,Houston Rockets,11,6,5,0.545,533.0,107.8,110.5,104.4,107.4,3.4,3.0,0.491,1.16,14.1,0.287,0.687,0.491,0.161,0.537,0.574,99.8,97.26,81.05,1081,0.497,7,7,10,6,7,6,6,5,16,16,15,7,15,9,14,2,2,10,7,2018-19
1610612754,Indiana Pacers,4,0,4,0.0,192.0,95.1,95.8,101.2,103.9,-6.1,-8.1,0.619,1.73,16.4,0.196,0.737,0.451,0.125,0.461,0.496,97.3,95.63,79.69,383,0.454,15,15,1,15,15,16,3,11,6,7,11,16,6,15,5,13,15,14,12,2018-19
1610612746,LA Clippers,6,2,4,0.333,288.0,107.3,111.5,119.3,120.5,-12.0,-9.0,0.636,1.69,17.7,0.293,0.714,0.49,0.146,0.511,0.563,105.6,103.08,85.9,617,0.431,10,10,1,10,10,3,15,12,3,8,3,6,10,11,9,6,3,2,13,2018-19
1610612749,Milwaukee Bucks,15,10,5,0.667,730.0,109.0,110.7,100.2,101.9,8.8,8.8,0.628,1.92,17.8,0.259,0.776,0.526,0.128,0.523,0.56,102.2,100.57,83.81,1528,0.555,4,3,10,1,4,4,1,1,4,4,2,11,3,2,6,3,5,6,1,2018-19
1610612760,Oklahoma City Thunder,5,1,4,0.2,240.0,103.0,104.4,107.6,109.9,-4.6,-5.5,0.598,1.49,16.6,0.264,0.701,0.482,0.151,0.5,0.541,102.7,100.9,84.08,504,0.482,11,11,1,11,11,11,8,10,11,11,9,9,13,13,12,9,8,4,9,2018-19
1610612753,Orlando Magic,5,1,4,0.2,240.0,93.1,95.8,110.1,111.5,-17.0,-15.7,0.59,1.22,14.7,0.26,0.796,0.505,0.163,0.451,0.496,97.7,95.7,79.75,480,0.399,11,11,1,11,11,15,12,15,12,15,13,10,1,7,15,15,14,13,15,2018-19
1610612755,Philadelphia 76ers,12,7,5,0.583,576.0,106.2,109.1,104.5,106.0,1.8,3.1,0.619,1.48,17.5,0.319,0.752,0.541,0.166,0.514,0.559,101.7,99.63,83.02,1195,0.538,6,5,10,4,6,9,5,3,5,12,5,1,4,1,16,5,6,7,2,2018-19
1610612757,Portland Trail Blazers,16,8,8,0.5,793.0,106.7,109.5,109.7,110.6,-3.0,-1.1,0.501,1.53,14.6,0.298,0.691,0.491,0.129,0.501,0.541,98.8,97.15,80.96,1603,0.471,3,4,14,7,3,8,9,7,14,9,14,5,14,10,7,8,9,11,11,2018-19
1610612759,San Antonio Spurs,7,3,4,0.429,336.0,111.1,110.7,110.8,113.1,0.3,-2.3,0.536,2.51,16.6,0.264,0.726,0.499,0.09,0.503,0.542,93.9,93.14,77.62,653,0.493,9,9,1,9,9,5,13,9,13,1,8,8,8,8,1,7,7,16,8,2018-19
1610612761,Toronto Raptors,24,16,8,0.667,1162.0,107.9,109.8,101.4,104.2,6.5,5.6,0.598,1.87,17.2,0.239,0.719,0.483,0.124,0.515,0.561,98.4,96.25,80.21,2330,0.524,1,1,14,1,1,7,4,2,10,6,6,14,9,12,4,4,4,12,4,2018-19
1610612762,Utah Jazz,5,1,4,0.2,240.0,96.8,99.2,105.4,108.5,-8.6,-9.3,0.665,1.51,16.7,0.305,0.742,0.516,0.154,0.455,0.501,101.3,98.6,82.17,493,0.473,11,11,1,11,11,13,7,13,2,10,7,3,5,3,13,14,13,8,10,2018-19
1610612738,Boston Celtics,17,10,7,0.588,831.0,108.5,111.6,103.5,106.3,5.0,5.3,0.587,1.62,17.0,0.261,0.747,0.514,0.142,0.527,0.572,99.0,96.32,80.26,1666,0.531,4,3,13,4,4,7,2,2,8,10,9,6,9,3,10,10,7,13,2,2019-20
1610612751,Brooklyn Nets,4,0,4,0.0,192.0,98.6,102.4,121.3,122.9,-22.7,-20.4,0.71,1.78,17.9,0.264,0.764,0.488,0.14,0.482,0.518,105.7,103.0,85.83,413,0.388,14,14,1,14,14,14,16,16,1,4,4,5,5,12,9,15,15,2,16,2019-20
1610612742,Dallas Mavericks,6,2,4,0.333,293.0,110.6,112.1,119.9,121.4,-9.4,-9.3,0.51,1.7,15.8,0.216,0.779,0.492,0.121,0.549,0.58,103.9,102.55,85.46,626,0.463,11,11,1,11,11,6,15,12,14,5,13,13,4,9,1,3,6,3,11,2019-20
1610612743,Denver Nuggets,19,9,10,0.474,917.0,111.2,112.6,113.0,115.0,-1.8,-2.4,0.58,1.62,17.3,0.279,0.722,0.502,0.146,0.545,0.584,96.3,94.87,79.06,1813,0.491,3,4,16,7,3,5,12,9,9,11,7,3,13,7,11,4,5,15,8,2019-20
1610612745,Houston Rockets,12,5,7,0.417,581.0,106.2,107.7,105.2,106.8,1.1,0.8,0.57,1.59,16.3,0.189,0.733,0.452,0.134,0.535,0.569,100.7,99.18,82.65,1200,0.48,6,7,13,10,6,10,3,8,10,12,11,14,10,15,6,8,8,7,10,2019-20
1610612754,Indiana Pacers,4,0,4,0.0,192.0,102.1,103.9,112.6,112.7,-10.4,-8.8,0.616,1.48,17.6,0.185,0.71,0.447,0.157,0.53,0.565,98.8,97.88,81.56,388,0.434,14,14,1,14,14,13,10,11,6,13,6,15,15,16,14,9,10,10,14,2019-20
1610612746,LA Clippers,13,7,6,0.538,629.0,112.9,114.4,109.1,110.1,3.8,4.2,0.517,1.63,16.0,0.253,0.762,0.505,0.13,0.544,0.585,100.0,98.9,82.42,1296,0.513,5,5,12,5,5,3,7,3,13,9,12,8,6,6,5,5,4,8,6,2019-20
1610612747,Los Angeles Lakers,21,16,5,0.762,1008.0,113.2,115.6,106.4,108.7,6.9,6.9,0.624,1.67,18.7,0.304,0.76,0.534,0.158,0.561,0.595,99.6,97.52,81.27,2049,0.548,1,1,10,1,2,2,6,1,5,6,1,2,7,2,15,2,2,11,1,2019-20
1610612748,Miami Heat,21,14,7,0.667,1018.0,111.0,112.7,108.8,110.8,2.2,1.9,0.66,1.89,18.7,0.243,0.731,0.493,0.135,0.537,0.587,98.2,96.57,80.47,2049,0.521,1,2,13,2,1,4,8,6,2,2,2,10,11,8,7,6,3,12,3,2019-20
1610612749,Milwaukee Bucks,10,5,5,0.5,485.0,107.6,109.1,106.4,107.3,1.1,1.8,0.606,1.63,17.7,0.23,0.791,0.506,0.146,0.537,0.568,102.2,101.05,84.21,1018,0.502,8,7,10,6,8,8,4,7,7,7,5,11,2,5,12,7,9,5,7,2019-20
1610612760,Oklahoma City Thunder,7,3,4,0.429,341.0,100.0,101.7,107.0,108.3,-7.0,-6.6,0.486,1.05,13.5,0.253,0.816,0.538,0.166,0.5,0.542,102.1,100.65,83.87,716,0.482,9,9,1,8,9,16,5,10,15,16,14,9,1,1,16,13,13,6,9,2019-20
1610612753,Orlando Magic,5,1,4,0.2,240.0,101.1,101.9,109.4,111.5,-8.3,-9.6,0.64,1.63,17.3,0.172,0.78,0.464,0.139,0.505,0.547,106.0,104.6,87.17,525,0.446,12,12,1,12,12,15,9,13,3,8,8,16,3,14,8,12,12,1,12,2019-20
1610612755,Philadelphia 76ers,4,0,4,0.0,192.0,102.7,105.0,113.5,117.2,-10.8,-12.3,0.526,1.46,13.5,0.316,0.725,0.513,0.125,0.443,0.512,98.4,95.75,79.79,383,0.446,14,14,1,14,14,11,14,15,12,14,15,1,12,4,2,16,16,14,13,2019-20
1610612757,Portland Trail Blazers,5,1,4,0.2,240.0,101.1,104.1,113.4,114.5,-12.3,-10.4,0.473,1.11,13.2,0.277,0.704,0.484,0.156,0.492,0.537,104.4,102.4,85.33,512,0.415,12,12,1,12,12,12,11,14,16,15,16,4,16,13,13,14,14,4,15,2019-20
1610612761,Toronto Raptors,11,7,4,0.636,538.0,106.5,108.7,101.5,104.9,4.9,3.8,0.635,1.9,18.2,0.226,0.759,0.492,0.13,0.525,0.559,101.3,98.63,82.19,1107,0.515,7,5,1,3,7,9,1,4,4,1,3,12,8,10,4,11,11,9,5,2019-20
1610612762,Utah Jazz,7,3,4,0.429,341.0,119.6,120.3,115.7,116.8,4.0,3.5,0.538,1.79,16.8,0.26,0.712,0.491,0.127,0.583,0.616,93.6,92.83,77.36,660,0.517,9,9,1,8,9,1,13,5,11,3,10,7,14,11,3,1,1,16,4,2019-20
1610612737,Atlanta Hawks,18,10,8,0.556,864.0,107.0,108.8,108.6,110.5,-1.6,-1.8,0.519,1.63,15.5,0.256,0.711,0.486,0.127,0.516,0.554,99.3,97.61,81.34,1759,0.483,4,3,14,5,4,12,7,8,14,11,12,12,12,13,8,11,11,5,8,2020-21
1610612738,Boston Celtics,5,1,4,0.2,240.0,111.5,115.9,126.4,128.0,-14.9,-12.1,0.547,1.62,15.5,0.355,0.699,0.513,0.134,0.508,0.56,99.2,96.6,80.5,484,0.439,12,12,1,12,12,5,16,14,8,12,13,1,13,4,13,12,8,8,14,2020-21
1610612751,Brooklyn Nets,12,7,5,0.583,581.0,114.3,115.9,105.8,109.3,8.5,6.6,0.555,1.95,17.3,0.242,0.698,0.484,0.119,0.551,0.592,98.5,96.29,80.24,1165,0.539,5,5,9,3,5,6,4,2,6,4,4,14,14,15,5,5,4,10,2,2020-21
1610612742,Dallas Mavericks,7,3,4,0.429,336.0,111.0,114.2,120.2,119.7,-9.2,-5.5,0.529,1.88,16.2,0.29,0.753,0.503,0.118,0.534,0.559,94.0,92.86,77.38,650,0.448,9,9,1,8,9,9,10,10,13,8,9,5,4,7,4,8,9,16,11,2020-21
1610612743,Denver Nuggets,10,4,6,0.4,490.0,113.8,116.8,119.5,122.1,-5.7,-5.3,0.591,2.22,18.0,0.295,0.738,0.501,0.114,0.536,0.566,98.7,96.39,80.33,983,0.469,8,8,12,9,8,4,13,9,2,1,2,3,5,8,2,7,7,9,9,2020-21
1610612746,LA Clippers,19,10,9,0.526,912.0,118.3,119.2,112.3,114.5,6.1,4.8,0.532,1.95,16.6,0.247,0.719,0.492,0.114,0.562,0.604,95.0,93.76,78.14,1778,0.534,3,3,16,7,3,3,8,4,12,5,7,13,10,11,3,3,3,15,4,2020-21
1610612747,Los Angeles Lakers,6,2,4,0.333,288.0,100.4,102.6,109.0,109.3,-8.6,-6.7,0.563,1.4,15.0,0.277,0.781,0.517,0.146,0.473,0.52,96.3,95.08,79.24,570,0.442,10,10,1,10,11,14,5,11,5,16,15,9,1,3,16,14,14,12,13,2020-21
1610612763,Memphis Grizzlies,5,1,4,0.2,240.0,112.1,115.0,121.3,123.4,-9.2,-8.4,0.498,2.12,16.2,0.279,0.729,0.489,0.104,0.523,0.556,102.2,100.0,83.33,500,0.459,12,12,1,12,12,8,15,13,15,2,8,8,8,12,1,10,10,4,10,2020-21
1610612748,Miami Heat,4,0,4,0.0,197.0,95.0,95.4,113.9,115.0,-18.9,-19.7,0.61,1.54,15.8,0.212,0.664,0.43,0.136,0.462,0.499,101.0,100.26,83.55,411,0.389,16,16,1,16,16,16,9,16,1,13,11,16,16,16,14,15,16,3,16,2020-21
1610612749,Milwaukee Bucks,23,16,7,0.696,1114.0,110.1,112.2,105.3,106.8,4.8,5.3,0.542,1.79,16.7,0.31,0.765,0.531,0.13,0.524,0.55,99.1,97.51,81.26,2262,0.531,1,1,13,1,1,11,1,3,10,9,6,2,3,1,11,9,12,6,5,2020-21
1610612752,New York Knicks,5,1,4,0.2,240.0,100.6,102.1,108.3,109.7,-7.6,-7.6,0.541,1.52,14.4,0.289,0.781,0.521,0.128,0.458,0.505,96.2,94.9,79.08,475,0.448,12,12,1,12,12,15,6,12,11,14,16,6,2,2,10,16,15,13,12,2020-21
1610612755,Philadelphia 76ers,12,7,5,0.583,576.0,113.4,115.6,106.2,107.5,7.3,8.1,0.586,1.94,18.1,0.26,0.734,0.505,0.128,0.561,0.589,102.5,100.88,84.06,1207,0.552,5,5,9,3,6,7,2,1,3,6,1,11,7,6,9,4,5,2,1,2020-21
1610612756,Phoenix Suns,22,14,8,0.636,1056.0,112.2,113.2,107.4,109.0,4.8,4.2,0.568,1.95,17.9,0.234,0.725,0.494,0.124,0.547,0.585,97.3,96.09,80.08,2118,0.536,2,2,14,2,2,10,3,5,4,3,3,15,9,10,7,6,6,11,3,2020-21
1610612757,Portland Trail Blazers,6,2,4,0.333,298.0,118.5,122.1,119.2,122.9,-0.7,-0.7,0.544,1.93,17.1,0.277,0.68,0.484,0.121,0.567,0.608,97.7,94.79,78.99,587,0.484,10,10,1,10,10,1,14,6,9,7,5,10,15,14,6,2,2,14,7,2020-21
1610612762,Utah Jazz,11,6,5,0.545,528.0,118.1,120.1,119.3,121.7,-1.1,-1.6,0.494,1.46,15.1,0.283,0.735,0.512,0.138,0.579,0.616,98.8,97.05,80.87,1071,0.485,7,7,9,6,7,2,12,7,16,15,14,7,6,5,15,1,1,7,6,2020-21
1610612764,Washington Wizards,5,1,4,0.2,240.0,105.6,107.0,118.2,121.1,-12.6,-14.1,0.552,1.67,16.0,0.29,0.717,0.496,0.13,0.498,0.543,104.5,102.6,85.5,514,0.426,12,12,1,12,12,13,11,15,7,10,10,4,11,9,12,13,13,1,15,2020-21
1610612737,Atlanta Hawks,5,1,4,0.2,240.0,101.8,104.1,109.5,115.9,-7.7,-11.8,0.541,1.13,15.1,0.246,0.695,0.473,0.175,0.513,0.554,97.8,94.0,78.33,468,0.43,13,13,1,13,13,14,12,15,13,16,15,13,13,11,16,10,10,11,16,2021-22
1610612738,Boston Celtics,24,14,10,0.583,1152.0,108.1,110.3,103.9,106.3,4.2,3.9,0.667,1.67,18.5,0.271,0.713,0.5,0.154,0.533,0.574,97.9,95.79,79.83,2297,0.529,1,2,16,3,1,9,2,2,1,8,3,10,10,7,11,7,8,7,2,2021-22
1610612751,Brooklyn Nets,4,0,4,0.0,192.0,113.4,115.0,116.7,119.2,-3.3,-4.1,0.567,1.46,17.3,0.29,0.642,0.471,0.161,0.577,0.61,96.7,95.0,79.17,379,0.468,16,16,1,16,16,2,14,10,10,14,6,5,16,13,13,1,1,8,11,2021-22
1610612741,Chicago Bulls,5,1,4,0.2,240.0,93.9,94.4,107.1,108.3,-13.1,-13.8,0.632,1.77,17.2,0.185,0.776,0.463,0.129,0.461,0.493,101.9,101.1,84.25,504,0.433,13,13,1,13,13,16,5,16,5,6,8,16,3,15,4,16,16,3,15,2021-22
1610612742,Dallas Mavericks,18,9,9,0.5,864.0,112.1,113.9,111.8,113.3,0.3,0.6,0.528,1.88,15.7,0.207,0.706,0.451,0.109,0.546,0.584,94.6,93.31,77.75,1681,0.48,3,4,15,6,3,6,9,7,15,3,13,15,11,16,2,4,6,13,9,2021-22
1610612743,Denver Nuggets,5,1,4,0.2,240.0,111.0,113.9,118.7,121.9,-7.7,-8.0,0.635,1.52,18.2,0.339,0.755,0.54,0.17,0.543,0.586,99.2,96.7,80.58,483,0.455,13,13,1,13,13,5,16,13,3,9,4,2,5,3,14,6,5,6,13,2021-22
1610612744,Golden State Warriors,22,16,6,0.727,1056.0,112.4,114.5,107.3,109.6,5.1,4.9,0.653,1.86,19.6,0.283,0.731,0.515,0.149,0.561,0.59,99.6,97.61,81.34,2150,0.53,2,1,10,1,2,4,6,1,2,4,1,7,7,6,9,2,4,5,1,2021-22
1610612763,Memphis Grizzlies,12,6,6,0.5,576.0,107.3,109.8,104.9,107.1,2.4,2.7,0.633,1.8,17.5,0.29,0.725,0.496,0.137,0.507,0.545,104.9,102.67,85.56,1230,0.51,6,7,10,6,7,10,4,4,4,5,5,4,8,8,5,12,13,2,5,2021-22
1610612748,Miami Heat,18,11,7,0.611,864.0,106.4,110.7,104.9,107.0,1.5,3.8,0.576,1.69,16.8,0.303,0.748,0.516,0.138,0.509,0.55,96.8,93.97,78.31,1694,0.515,3,3,14,2,3,8,3,3,9,7,9,3,6,5,6,11,11,12,4,2021-22
1610612749,Milwaukee Bucks,12,7,5,0.583,576.0,101.6,103.4,101.4,102.7,0.2,0.6,0.541,1.52,15.6,0.264,0.804,0.535,0.138,0.498,0.529,100.5,99.0,82.5,1193,0.507,6,5,9,3,7,15,1,6,12,10,14,11,1,4,7,14,15,4,6,2021-22
1610612750,Minnesota Timberwolves,6,2,4,0.333,288.0,104.0,105.8,108.6,111.7,-4.6,-5.9,0.628,1.29,16.7,0.234,0.688,0.47,0.171,0.527,0.579,105.3,102.92,85.76,619,0.47,9,9,1,9,10,13,8,11,6,15,10,14,14,14,15,8,7,1,10,2021-22
1610612740,New Orleans Pelicans,6,2,4,0.333,288.0,114.0,115.6,117.1,117.8,-3.1,-2.2,0.547,1.47,15.9,0.387,0.77,0.563,0.153,0.518,0.566,95.7,94.75,78.96,570,0.467,9,9,1,9,10,1,13,9,11,13,12,1,4,1,10,9,9,9,12,2021-22
1610612755,Philadelphia 76ers,12,6,6,0.5,581.0,109.6,112.3,108.6,111.3,1.0,1.0,0.597,1.47,17.3,0.259,0.702,0.493,0.158,0.545,0.592,94.8,92.53,77.11,1117,0.506,6,7,10,6,6,7,7,5,8,11,7,12,12,9,12,5,2,14,7,2021-22
1610612756,Phoenix Suns,13,7,6,0.538,624.0,113.3,114.9,113.3,114.9,0.0,0.0,0.624,1.93,19.6,0.278,0.686,0.491,0.142,0.557,0.591,95.4,94.12,78.43,1218,0.523,5,5,10,5,5,3,11,8,7,2,2,8,15,10,8,3,3,10,3,2021-22
1610612761,Toronto Raptors,6,2,4,0.333,293.0,108.3,109.6,116.8,119.5,-8.5,-9.9,0.539,2.07,16.1,0.272,0.714,0.473,0.106,0.503,0.542,93.7,92.15,76.79,565,0.443,9,9,1,9,9,11,15,14,14,1,11,9,9,12,1,13,14,15,14,2021-22
1610612762,Utah Jazz,6,2,4,0.333,288.0,106.5,108.4,112.4,114.8,-6.0,-6.4,0.49,1.47,14.1,0.284,0.804,0.544,0.128,0.495,0.546,93.0,91.25,76.04,548,0.481,9,9,1,9,10,12,10,12,16,12,16,6,2,2,3,15,12,16,8,2021-22
1610612737,Atlanta Hawks,6,2,4,0.333,288.0,110.9,114.3,119.3,118.8,-8.4,-4.5,0.557,1.91,17.3,0.297,0.764,0.511,0.127,0.529,0.558,103.0,101.67,84.72,608,0.458,10,10,1,10,11,6,14,10,12,7,11,6,3,6,5,6,9,4,13,2022-23
1610612738,Boston Celtics,20,11,9,0.55,965.0,115.1,116.1,110.1,112.9,5.1,3.2,0.591,1.95,18.2,0.266,0.716,0.497,0.129,0.56,0.594,97.5,95.83,79.85,1929,0.526,1,3,16,4,1,4,10,3,10,6,5,13,5,9,7,2,2,9,3,2022-23
1610612751,Brooklyn Nets,4,0,4,0.0,192.0,100.8,102.5,112.5,114.3,-11.7,-11.8,0.654,1.82,18.5,0.173,0.632,0.405,0.136,0.513,0.542,92.0,90.5,75.42,361,0.446,16,16,1,16,16,15,11,16,2,9,4,16,15,16,10,11,13,16,14,2022-23
1610612739,Cleveland Cavaliers,5,1,4,0.2,240.0,101.1,101.9,104.6,107.3,-3.6,-5.4,0.625,1.39,17.5,0.276,0.606,0.451,0.171,0.513,0.544,94.2,92.6,77.17,462,0.474,12,12,1,12,14,16,1,12,3,15,9,9,16,15,16,12,12,14,10,2022-23
1610612743,Denver Nuggets,17,13,4,0.765,821.0,117.8,119.5,110.0,112.0,7.8,7.5,0.605,2.26,19.1,0.298,0.764,0.534,0.119,0.561,0.597,97.1,95.56,79.63,1639,0.544,3,1,1,1,3,1,7,1,7,1,2,5,4,1,1,1,1,10,1,2022-23
1610612744,Golden State Warriors,13,6,7,0.462,624.0,108.6,110.9,109.1,111.1,-0.5,-0.2,0.672,1.96,19.2,0.304,0.708,0.504,0.141,0.525,0.553,104.0,101.92,84.94,1325,0.498,5,6,13,8,5,9,5,6,1,5,1,4,8,7,14,10,11,3,6,2022-23
1610612746,LA Clippers,5,1,4,0.2,240.0,112.9,116.3,120.9,122.5,-8.1,-6.2,0.529,1.54,15.8,0.323,0.682,0.49,0.141,0.529,0.577,101.6,99.5,82.92,497,0.437,12,12,1,12,14,2,16,13,15,14,13,3,13,11,13,8,6,6,15,2022-23
1610612747,Los Angeles Lakers,16,8,8,0.5,773.0,111.3,112.7,108.0,110.3,3.3,2.4,0.607,2.09,18.2,0.261,0.709,0.498,0.12,0.529,0.573,100.7,99.04,82.54,1595,0.532,4,4,15,7,4,8,4,4,6,2,7,14,7,8,2,6,7,7,2,2022-23
1610612763,Memphis Grizzlies,6,2,4,0.333,293.0,101.0,102.8,108.2,110.0,-7.1,-7.2,0.609,1.79,16.5,0.281,0.696,0.474,0.128,0.465,0.504,101.9,100.18,83.48,611,0.436,10,10,1,10,10,14,3,14,5,10,12,8,11,13,6,16,16,5,16,2022-23
1610612748,Miami Heat,20,13,7,0.65,965.0,112.6,115.9,110.3,112.1,2.3,3.8,0.592,1.99,18.2,0.275,0.711,0.494,0.127,0.546,0.58,97.3,95.15,79.3,1911,0.513,1,1,13,2,1,5,8,2,9,4,8,10,6,10,4,5,5,11,4,2022-23
1610612749,Milwaukee Bucks,5,1,4,0.2,245.0,111.8,114.2,116.7,119.0,-4.8,-4.8,0.609,1.86,18.6,0.273,0.787,0.516,0.138,0.559,0.582,104.1,101.98,84.98,520,0.478,12,12,1,12,12,7,15,11,4,8,3,11,1,4,12,3,4,2,9,2022-23
1610612750,Minnesota Timberwolves,5,1,4,0.2,245.0,107.9,109.6,115.1,117.2,-7.2,-7.7,0.598,1.77,17.4,0.229,0.693,0.462,0.133,0.525,0.565,96.4,94.82,79.02,481,0.459,12,12,1,12,12,11,12,15,8,11,10,15,12,14,9,9,8,12,12,2022-23
1610612752,New York Knicks,11,6,5,0.545,528.0,105.4,107.7,105.1,107.8,0.3,0.0,0.531,1.28,14.6,0.348,0.707,0.525,0.158,0.492,0.537,94.9,92.73,77.27,1022,0.5,6,6,11,5,7,13,2,5,14,16,16,1,9,3,15,15,14,13,5,2022-23
1610612755,Philadelphia 76ers,11,7,4,0.636,533.0,108.2,110.2,110.2,112.1,-2.0,-2.0,0.52,1.54,15.2,0.296,0.766,0.527,0.133,0.51,0.555,93.7,92.08,76.74,1024,0.483,6,5,1,3,6,10,9,7,16,13,14,7,2,2,8,13,10,15,8,2022-23
1610612756,Phoenix Suns,11,6,5,0.545,528.0,114.2,116.1,115.9,118.3,-1.7,-2.2,0.57,2.03,18.2,0.27,0.681,0.481,0.123,0.55,0.588,100.2,98.41,82.01,1082,0.495,6,6,11,5,7,3,13,8,11,3,6,12,14,12,3,4,3,8,7,2022-23
1610612758,Sacramento Kings,7,3,4,0.429,336.0,106.2,109.3,109.8,111.6,-3.6,-2.2,0.537,1.56,15.1,0.339,0.7,0.513,0.136,0.493,0.532,106.3,103.93,86.61,728,0.467,9,9,1,9,9,12,6,9,13,12,15,2,10,5,11,14,15,1,11,2022-23
