TEAM_ID,TEAM_NAME,GP,W,L,W_PCT,MIN,EFG_PCT,FTA_RATE,TM_TOV_PCT,OREB_PCT,OPP_EFG_PCT,OPP_FTA_RATE,OPP_TOV_PCT,OPP_OREB_PCT,GP_RANK,W_RANK,L_RANK,W_PCT_RANK,MIN_RANK,EFG_PCT_RANK,FTA_RATE_RANK,TM_TOV_PCT_RANK,OREB_PCT_RANK,OPP_EFG_PCT_RANK,OPP_FTA_RATE_RANK,OPP_TOV_PCT_RANK,OPP_OREB_PCT_RANK,SEASON
1610612737,Atlanta Hawks,10,4,6,0.4,480.0,0.485,0.369,0.187,0.323,0.484,0.251,0.127,0.319,6,7,12,8,6,7,8,15,7,7,2,16,7,1996-97
1610612766,Charlotte Hornets,3,0,3,0.0,144.0,0.492,0.257,0.149,0.355,0.629,0.235,0.165,0.252,13,13,1,13,13,5,15,7,2,16,1,6,1,1996-97
1610612741,Chicago Bulls,19,15,4,0.789,912.0,0.47,0.289,0.142,0.358,0.469,0.389,0.186,0.307,2,1,9,1,2,14,13,4,1,3,12,2,3,1996-97
1610612765,Detroit Pistons,5,2,3,0.4,240.0,0.471,0.265,0.114,0.237,0.496,0.338,0.19,0.317,9,9,1,8,10,13,14,2,16,11,8,1,6,1996-97
1610612745,Houston Rockets,16,9,7,0.563,773.0,0.516,0.369,0.167,0.348,0.483,0.314,0.136,0.333,4,3,14,4,4,1,7,11,3,6,5,15,9,1996-97
1610612746,Los Angeles Clippers,3,0,3,0.0,144.0,0.476,0.382,0.136,0.268,0.552,0.502,0.155,0.365,13,13,1,13,13,12,4,3,14,14,15,10,14,1996-97
1610612747,Los Angeles Lakers,9,4,5,0.444,437.0,0.481,0.485,0.149,0.317,0.468,0.445,0.166,0.328,8,7,11,7,8,9,1,8,8,2,14,5,8,1996-97
1610612748,Miami Heat,17,8,9,0.471,816.0,0.467,0.371,0.185,0.316,0.442,0.331,0.163,0.307,3,4,16,6,3,15,6,14,10,1,7,7,4,1996-97
1610612750,Minnesota Timberwolves,3,0,3,0.0,144.0,0.487,0.203,0.104,0.316,0.574,0.39,0.159,0.364,13,13,1,13,13,6,16,1,9,15,13,9,13,1996-97
1610612752,New York Knicks,10,6,4,0.6,480.0,0.504,0.302,0.176,0.269,0.474,0.37,0.173,0.316,6,5,9,3,6,3,12,12,13,4,10,4,5,1996-97
1610612753,Orlando Magic,5,2,3,0.4,240.0,0.448,0.345,0.145,0.265,0.495,0.288,0.16,0.373,9,9,1,8,10,16,9,6,15,10,4,8,15,1996-97
1610612756,Phoenix Suns,5,2,3,0.4,245.0,0.478,0.337,0.164,0.279,0.516,0.327,0.141,0.333,9,9,1,8,9,11,11,10,12,13,6,14,9,1996-97
1610612757,Portland Trail Blazers,4,1,3,0.25,192.0,0.479,0.373,0.177,0.299,0.496,0.554,0.145,0.335,12,12,1,12,12,10,5,13,11,12,16,12,11,1996-97
1610612760,Seattle SuperSonics,12,6,6,0.5,586.0,0.494,0.344,0.143,0.334,0.491,0.341,0.174,0.342,5,5,12,5,5,4,10,5,5,8,9,3,12,1996-97
1610612762,Utah Jazz,20,13,7,0.65,965.0,0.485,0.408,0.152,0.335,0.483,0.377,0.146,0.286,1,2,14,2,1,8,2,9,4,5,11,11,2,1996-97
1610612764,Washington Bullets,3,0,3,0.0,144.0,0.505,0.405,0.207,0.328,0.492,0.285,0.144,0.396,13,13,1,13,13,2,3,16,6,9,3,13,16,1996-97
1610612737,Atlanta Hawks,4,1,3,0.25,192.0,0.495,0.305,0.15,0.291,0.511,0.313,0.157,0.238,12,12,1,12,12,4,12,7,12,10,4,8,1,1997-98
1610612766,Charlotte Hornets,9,4,5,0.444,432.0,0.479,0.261,0.164,0.277,0.48,0.303,0.143,0.324,7,5,9,5,8,9,14,11,14,7,3,14,10,1997-98
1610612741,Chicago Bulls,21,15,6,0.714,1018.0,0.472,0.367,0.146,0.37,0.476,0.322,0.177,0.318,1,1,11,1,1,11,7,4,1,5,5,2,9,1997-98
1610612739,Cleveland Cavaliers,4,1,3,0.25,192.0,0.449,0.573,0.219,0.344,0.514,0.33,0.175,0.297,12,12,1,12,12,15,1,16,6,12,7,3,6,1997-98
1610612745,Houston Rockets,5,2,3,0.4,240.0,0.416,0.395,0.145,0.277,0.48,0.408,0.152,0.267,9,9,1,7,9,16,6,3,13,6,12,12,3,1997-98
1610612754,Indiana Pacers,16,10,6,0.625,773.0,0.499,0.422,0.168,0.297,0.467,0.407,0.178,0.365,3,3,11,3,3,2,5,13,11,4,11,1,14,1997-98
1610612747,Los Angeles Lakers,13,7,6,0.538,624.0,0.514,0.471,0.144,0.363,0.501,0.36,0.16,0.358,4,4,11,4,4,1,2,2,2,9,8,6,13,1997-98
1610612748,Miami Heat,5,2,3,0.4,240.0,0.483,0.425,0.155,0.239,0.465,0.408,0.167,0.303,9,9,1,7,9,8,4,8,16,3,13,4,7,1997-98
1610612750,Minnesota Timberwolves,5,2,3,0.4,240.0,0.462,0.256,0.159,0.335,0.512,0.295,0.157,0.33,9,9,1,7,9,13,15,9,7,11,2,10,12,1997-98
1610612751,New Jersey Nets,3,0,3,0.0,149.0,0.485,0.314,0.148,0.349,0.515,0.403,0.159,0.38,16,16,1,16,16,7,11,6,5,13,10,7,16,1997-98
1610612752,New York Knicks,10,4,6,0.4,485.0,0.472,0.335,0.18,0.311,0.481,0.433,0.157,0.26,5,5,11,7,5,12,10,15,8,8,14,9,2,1997-98
1610612756,Phoenix Suns,4,1,3,0.25,192.0,0.459,0.249,0.119,0.263,0.53,0.443,0.155,0.282,12,12,1,12,12,14,16,1,15,15,15,11,5,1997-98
1610612757,Portland Trail Blazers,4,1,3,0.25,192.0,0.489,0.358,0.177,0.363,0.531,0.555,0.127,0.304,12,12,1,12,12,6,8,14,3,16,16,15,8,1997-98
1610612759,San Antonio Spurs,9,4,5,0.444,437.0,0.489,0.427,0.163,0.304,0.453,0.28,0.121,0.273,7,5,9,5,7,5,3,10,9,2,1,16,4,1997-98
1610612760,Seattle SuperSonics,10,4,6,0.4,480.0,0.497,0.295,0.146,0.357,0.516,0.323,0.161,0.37,5,5,11,7,6,3,13,5,4,14,6,5,15,1997-98
1610612762,Utah Jazz,20,13,7,0.65,970.0,0.477,0.347,0.165,0.297,0.441,0.397,0.15,0.324,2,2,16,2,2,10,9,12,10,1,9,13,11,1997-98
1610612737,Atlanta Hawks,9,3,6,0.333,432.0,0.415,0.31,0.171,0.342,0.461,0.251,0.158,0.297,6,6,13,11,6,15,12,10,4,9,1,12,7,1998-99
1610612765,Detroit Pistons,5,2,3,0.4,240.0,0.452,0.192,0.147,0.306,0.484,0.276,0.181,0.338,9,9,2,6,10,7,16,2,10,13,2,3,12,1998-99
1610612745,Houston Rockets,4,1,3,0.25,192.0,0.463,0.351,0.142,0.342,0.508,0.342,0.141,0.285,12,12,2,12,12,6,9,1,5,14,7,16,2,1998-99
1610612754,Indiana Pacers,13,9,4,0.692,629.0,0.485,0.38,0.178,0.336,0.453,0.347,0.147,0.321,3,3,10,2,3,1,6,14,6,6,8,15,11,1998-99
1610612747,Los Angeles Lakers,8,3,5,0.375,384.0,0.473,0.367,0.152,0.306,0.481,0.417,0.163,0.314,7,6,11,9,7,5,8,5,11,12,14,8,9,1998-99
1610612748,Miami Heat,5,2,3,0.4,240.0,0.441,0.397,0.153,0.279,0.471,0.295,0.153,0.286,9,9,2,6,10,12,4,6,14,11,4,13,3,1998-99
1610612749,Milwaukee Bucks,3,0,3,0.0,149.0,0.484,0.391,0.176,0.308,0.508,0.377,0.179,0.379,15,15,2,15,15,2,5,13,9,15,11,4,15,1998-99
1610612750,Minnesota Timberwolves,4,1,3,0.25,192.0,0.412,0.226,0.167,0.348,0.459,0.375,0.149,0.282,12,12,2,12,12,16,15,9,3,7,10,14,1,1998-99
1610612752,New York Knicks,20,12,8,0.6,960.0,0.451,0.322,0.154,0.291,0.437,0.39,0.171,0.293,1,2,16,3,1,10,11,7,12,3,12,7,5,1998-99
1610612753,Orlando Magic,4,1,3,0.25,192.0,0.422,0.437,0.208,0.363,0.452,0.335,0.179,0.41,12,12,2,12,12,14,2,16,2,5,6,5,16,1998-99
1610612755,Philadelphia 76ers,8,3,5,0.375,384.0,0.437,0.298,0.149,0.382,0.451,0.401,0.19,0.358,7,6,11,9,7,13,13,3,1,4,13,2,14,1998-99
1610612756,Phoenix Suns,3,0,3,0.0,144.0,0.473,0.269,0.151,0.264,0.558,0.573,0.197,0.299,15,15,2,15,16,4,14,4,16,16,16,1,8,1998-99
1610612757,Portland Trail Blazers,13,7,6,0.538,624.0,0.451,0.452,0.163,0.288,0.463,0.367,0.162,0.293,3,4,13,4,4,9,1,8,13,10,9,9,6,1998-99
1610612758,Sacramento Kings,5,2,3,0.4,250.0,0.446,0.332,0.189,0.324,0.46,0.306,0.176,0.35,9,9,2,6,9,11,10,15,8,8,5,6,13,1998-99
1610612759,San Antonio Spurs,17,15,2,0.882,816.0,0.48,0.406,0.171,0.274,0.417,0.293,0.162,0.32,2,1,1,1,2,3,3,11,15,1,3,10,10,1998-99
1610612762,Utah Jazz,11,5,6,0.455,538.0,0.451,0.377,0.172,0.325,0.435,0.419,0.161,0.29,5,5,13,5,5,8,7,12,7,2,15,11,4,1998-99
1610612766,Charlotte Hornets,4,1,3,0.25,197.0,0.46,0.36,0.175,0.357,0.466,0.316,0.144,0.338,12,12,1,12,12,9,8,14,1,6,5,11,14,1999-00
1610612765,Detroit Pistons,3,0,3,0.0,144.0,0.435,0.389,0.186,0.213,0.512,0.34,0.185,0.252,15,15,1,15,15,14,4,16,16,16,10,1,3,1999-00
1610612754,Indiana Pacers,23,13,10,0.565,1109.0,0.488,0.322,0.129,0.293,0.481,0.32,0.128,0.306,1,2,16,4,1,2,10,2,13,10,7,14,6,1999-00
1610612747,Los Angeles Lakers,23,15,8,0.652,1109.0,0.498,0.393,0.132,0.331,0.476,0.37,0.138,0.298,1,1,15,1,2,1,3,4,5,8,14,13,5,1999-00
1610612748,Miami Heat,10,6,4,0.6,485.0,0.451,0.328,0.161,0.304,0.431,0.352,0.148,0.234,5,5,9,3,5,12,9,9,9,2,11,10,1,1999-00
1610612749,Milwaukee Bucks,5,2,3,0.4,240.0,0.479,0.266,0.129,0.318,0.446,0.336,0.128,0.32,9,9,1,8,9,5,15,3,7,5,9,15,12,1999-00
1610612750,Minnesota Timberwolves,4,1,3,0.25,192.0,0.467,0.229,0.141,0.316,0.476,0.317,0.152,0.325,12,12,1,12,13,7,16,6,8,7,6,7,13,1999-00
1610612752,New York Knicks,16,9,7,0.563,773.0,0.462,0.318,0.137,0.238,0.442,0.328,0.144,0.317,3,4,14,5,3,8,11,5,15,4,8,12,11,1999-00
1610612755,Philadelphia 76ers,10,5,5,0.5,485.0,0.452,0.369,0.142,0.35,0.49,0.31,0.149,0.311,5,6,10,6,5,11,7,7,2,13,4,9,9,1999-00
1610612756,Phoenix Suns,9,4,5,0.444,432.0,0.435,0.274,0.166,0.335,0.436,0.444,0.155,0.341,8,7,10,7,8,13,14,12,4,3,16,6,15,1999-00
1610612757,Portland Trail Blazers,16,10,6,0.625,768.0,0.481,0.386,0.146,0.296,0.478,0.366,0.151,0.289,3,3,12,2,4,4,5,8,12,9,13,8,4,1999-00
1610612758,Sacramento Kings,5,2,3,0.4,240.0,0.456,0.37,0.128,0.29,0.488,0.305,0.12,0.381,9,9,1,8,9,10,6,1,14,12,3,16,16,1999-00
1610612759,San Antonio Spurs,4,1,3,0.25,192.0,0.391,0.401,0.178,0.304,0.421,0.215,0.166,0.31,12,12,1,12,13,16,2,15,10,1,1,4,8,1999-00
1610612760,Seattle SuperSonics,5,2,3,0.4,240.0,0.481,0.291,0.162,0.321,0.508,0.273,0.176,0.309,9,9,1,8,9,3,13,11,6,15,2,3,7,1999-00
1610612761,Toronto Raptors,3,0,3,0.0,144.0,0.403,0.419,0.161,0.34,0.493,0.433,0.182,0.246,15,15,1,15,15,15,1,10,3,14,15,2,2,1999-00
1610612762,Utah Jazz,10,4,6,0.4,480.0,0.475,0.318,0.168,0.298,0.483,0.36,0.16,0.315,5,7,12,8,7,6,12,13,11,11,12,5,10,1999-00
1610612766,Charlotte Hornets,10,6,4,0.6,480.0,0.462,0.402,0.134,0.325,0.47,0.275,0.165,0.305,6,5,10,2,6,7,1,3,5,11,3,2,4,2000-01
1610612742,Dallas Mavericks,10,4,6,0.4,480.0,0.436,0.317,0.13,0.306,0.491,0.354,0.151,0.318,6,7,12,7,6,12,9,2,8,15,11,8,8,2000-01
1610612754,Indiana Pacers,4,1,3,0.25,192.0,0.436,0.228,0.142,0.302,0.444,0.352,0.125,0.369,11,11,2,11,12,13,16,7,11,4,10,14,14,2000-01
1610612747,Los Angeles Lakers,16,15,1,0.938,773.0,0.505,0.375,0.149,0.356,0.433,0.325,0.149,0.282,3,1,1,1,3,1,2,10,1,1,5,9,2,2000-01
1610612748,Miami Heat,3,0,3,0.0,144.0,0.447,0.267,0.202,0.233,0.496,0.457,0.153,0.313,15,15,2,15,15,10,13,16,15,16,16,6,7,2000-01
1610612749,Milwaukee Bucks,18,10,8,0.556,869.0,0.476,0.294,0.144,0.329,0.447,0.332,0.128,0.334,2,3,15,3,2,5,10,8,4,5,7,13,11,2000-01
1610612750,Minnesota Timberwolves,4,1,3,0.25,192.0,0.406,0.27,0.144,0.305,0.47,0.355,0.158,0.27,11,11,2,11,12,15,12,9,9,10,12,3,1,2000-01
1610612752,New York Knicks,5,2,3,0.4,240.0,0.496,0.328,0.163,0.234,0.462,0.316,0.157,0.341,9,9,2,7,9,2,8,14,14,8,4,4,12,2000-01
1610612753,Orlando Magic,4,1,3,0.25,197.0,0.479,0.273,0.116,0.29,0.453,0.429,0.123,0.383,11,11,2,11,11,4,11,1,12,7,15,16,16,2000-01
1610612755,Philadelphia 76ers,23,12,11,0.522,1109.0,0.445,0.332,0.14,0.352,0.486,0.261,0.152,0.307,1,2,16,5,1,11,6,5,2,13,1,7,5,2000-01
1610612756,Phoenix Suns,4,1,3,0.25,192.0,0.404,0.254,0.14,0.303,0.434,0.352,0.179,0.361,11,11,2,11,12,16,15,4,10,2,9,1,13,2000-01
1610612757,Portland Trail Blazers,3,0,3,0.0,144.0,0.454,0.341,0.162,0.231,0.486,0.335,0.125,0.376,15,15,2,15,15,8,4,13,16,14,8,15,15,2000-01
1610612758,Sacramento Kings,8,3,5,0.375,384.0,0.432,0.333,0.169,0.344,0.448,0.365,0.149,0.319,8,8,11,10,8,14,5,15,3,6,13,10,9,2000-01
1610612759,San Antonio Spurs,13,7,6,0.538,624.0,0.475,0.353,0.154,0.273,0.442,0.266,0.131,0.33,4,4,12,4,4,6,3,11,13,3,2,12,10,2000-01
1610612761,Toronto Raptors,12,6,6,0.5,576.0,0.481,0.262,0.154,0.321,0.477,0.331,0.156,0.307,5,5,12,6,5,3,14,12,6,12,6,5,6,2000-01
1610612762,Utah Jazz,5,2,3,0.4,240.0,0.447,0.332,0.14,0.312,0.468,0.386,0.148,0.291,9,9,2,7,9,9,7,6,7,9,14,11,3,2000-01
1610612738,Boston Celtics,16,9,7,0.563,768.0,0.469,0.292,0.155,0.277,0.45,0.35,0.161,0.277,3,4,15,3,4,6,13,8,13,5,8,5,4,2001-02
1610612766,Charlotte Hornets,9,4,5,0.444,442.0,0.449,0.399,0.157,0.36,0.454,0.386,0.141,0.303,7,5,11,6,7,12,3,9,3,6,13,12,8,2001-02
1610612742,Dallas Mavericks,8,4,4,0.5,389.0,0.499,0.287,0.126,0.281,0.493,0.379,0.15,0.344,8,5,9,5,8,1,14,3,12,13,11,10,15,2001-02
1610612765,Detroit Pistons,10,4,6,0.4,480.0,0.454,0.304,0.168,0.265,0.446,0.258,0.18,0.334,5,5,12,7,5,10,11,13,14,3,3,2,13,2001-02
1610612754,Indiana Pacers,5,2,3,0.4,250.0,0.489,0.297,0.192,0.239,0.448,0.284,0.154,0.289,9,9,1,7,9,2,12,16,16,4,4,6,5,2001-02
1610612747,Los Angeles Lakers,19,15,4,0.789,917.0,0.482,0.349,0.148,0.319,0.455,0.324,0.14,0.317,2,1,9,1,2,3,6,5,6,7,7,13,10,2001-02
1610612750,Minnesota Timberwolves,3,0,3,0.0,144.0,0.475,0.428,0.161,0.327,0.521,0.316,0.11,0.238,15,15,1,15,15,5,2,11,5,15,6,16,1,2001-02
1610612751,New Jersey Nets,20,11,9,0.55,970.0,0.457,0.324,0.15,0.314,0.472,0.383,0.164,0.302,1,2,16,4,1,9,10,6,9,11,12,4,7,2001-02
1610612753,Orlando Magic,4,1,3,0.25,202.0,0.451,0.395,0.126,0.24,0.445,0.407,0.15,0.367,13,13,1,13,13,11,4,2,15,2,15,9,16,2001-02
1610612755,Philadelphia 76ers,5,2,3,0.4,240.0,0.44,0.435,0.161,0.315,0.541,0.223,0.152,0.245,9,9,1,7,10,14,1,12,8,16,1,7,3,2001-02
1610612757,Portland Trail Blazers,3,0,3,0.0,144.0,0.423,0.337,0.159,0.352,0.487,0.444,0.145,0.239,15,15,1,15,15,16,9,10,4,12,16,11,2,2001-02
1610612758,Sacramento Kings,16,10,6,0.625,778.0,0.478,0.363,0.153,0.318,0.46,0.299,0.151,0.335,3,3,12,2,3,4,5,7,7,8,5,8,14,2001-02
1610612759,San Antonio Spurs,10,4,6,0.4,480.0,0.465,0.349,0.128,0.302,0.466,0.256,0.131,0.319,5,5,12,7,5,7,7,4,11,9,2,14,12,2001-02
1610612760,Seattle SuperSonics,5,2,3,0.4,240.0,0.46,0.239,0.124,0.303,0.503,0.353,0.114,0.306,9,9,1,7,10,8,16,1,10,14,9,15,9,2001-02
1610612761,Toronto Raptors,5,2,3,0.4,240.0,0.444,0.267,0.184,0.379,0.468,0.365,0.173,0.289,9,9,1,7,10,13,15,15,2,10,10,3,6,2001-02
1610612762,Utah Jazz,4,1,3,0.25,192.0,0.437,0.34,0.182,0.382,0.436,0.407,0.191,0.317,13,13,1,13,14,15,8,14,1,1,14,1,11,2001-02
1610612738,Boston Celtics,10,4,6,0.4,495.0,0.477,0.303,0.157,0.238,0.449,0.404,0.16,0.318,8,8,10,10,8,8,14,8,16,3,14,7,9,2002-03
1610612742,Dallas Mavericks,20,10,10,0.5,970.0,0.503,0.245,0.131,0.279,0.494,0.38,0.143,0.322,2,3,16,4,3,1,16,1,12,11,12,13,10,2002-03
1610612765,Detroit Pistons,17,8,9,0.471,826.0,0.455,0.416,0.15,0.285,0.459,0.327,0.168,0.316,4,4,15,7,4,12,2,5,11,4,6,3,8,2002-03
1610612754,Indiana Pacers,6,2,4,0.333,293.0,0.422,0.418,0.155,0.342,0.492,0.312,0.138,0.245,11,11,1,11,11,15,1,7,4,9,5,14,1,2002-03
1610612747,Los Angeles Lakers,12,6,6,0.5,581.0,0.491,0.313,0.144,0.3,0.5,0.33,0.145,0.269,5,6,10,4,7,6,12,4,10,14,7,12,3,2002-03
1610612749,Milwaukee Bucks,6,2,4,0.333,293.0,0.499,0.312,0.143,0.26,0.494,0.397,0.171,0.374,11,11,1,11,11,3,13,3,15,10,13,2,16,2002-03
1610612750,Minnesota Timberwolves,6,2,4,0.333,293.0,0.492,0.319,0.162,0.278,0.498,0.305,0.123,0.31,11,11,1,11,11,5,11,9,13,13,4,16,7,2002-03
1610612751,New Jersey Nets,20,14,6,0.7,975.0,0.453,0.336,0.164,0.339,0.464,0.342,0.165,0.268,2,2,10,1,2,13,9,10,5,6,8,4,2,2002-03
1610612740,New Orleans Hornets,6,2,4,0.333,288.0,0.479,0.328,0.164,0.338,0.471,0.374,0.161,0.348,11,11,1,11,15,7,10,12,6,7,11,5,13,2002-03
1610612753,Orlando Magic,7,3,4,0.429,336.0,0.459,0.357,0.171,0.273,0.462,0.443,0.152,0.348,9,9,1,8,9,11,6,14,14,5,16,9,12,2002-03
1610612755,Philadelphia 76ers,12,6,6,0.5,586.0,0.468,0.345,0.167,0.345,0.473,0.358,0.157,0.299,5,6,10,4,5,10,7,13,3,8,10,8,6,2002-03
1610612756,Phoenix Suns,6,2,4,0.333,293.0,0.414,0.265,0.172,0.303,0.438,0.432,0.197,0.36,11,11,1,11,11,16,15,15,9,1,15,1,15,2002-03
1610612757,Portland Trail Blazers,7,3,4,0.429,336.0,0.501,0.373,0.152,0.381,0.507,0.269,0.125,0.29,9,9,1,8,9,2,5,6,2,15,1,15,4,2002-03
1610612758,Sacramento Kings,12,7,5,0.583,586.0,0.499,0.341,0.137,0.319,0.495,0.281,0.146,0.335,5,5,9,3,5,4,8,2,7,12,3,11,11,2002-03
1610612759,San Antonio Spurs,24,16,8,0.667,1157.0,0.476,0.399,0.164,0.314,0.439,0.277,0.161,0.296,1,1,14,2,1,9,3,11,8,2,2,6,5,2002-03
1610612762,Utah Jazz,5,1,4,0.2,240.0,0.446,0.386,0.179,0.403,0.516,0.355,0.149,0.359,16,16,1,16,16,14,4,16,1,16,9,10,14,2002-03
1610612738,Boston Celtics,4,0,4,0.0,192.0,0.445,0.383,0.217,0.277,0.501,0.269,0.139,0.322,14,14,1,14,14,11,2,16,13,13,1,14,11,2003-04
1610612742,Dallas Mavericks,5,1,4,0.2,240.0,0.422,0.245,0.138,0.397,0.481,0.287,0.167,0.303,10,10,1,10,11,15,15,1,1,10,3,10,7,2003-04
1610612743,Denver Nuggets,5,1,4,0.2,240.0,0.452,0.193,0.155,0.341,0.503,0.348,0.179,0.288,10,10,1,10,11,7,16,4,2,14,12,4,3,2003-04
1610612765,Detroit Pistons,23,16,7,0.696,1124.0,0.439,0.359,0.167,0.335,0.423,0.315,0.174,0.294,1,1,13,1,1,12,4,9,3,3,5,6,4,2003-04
1610612745,Houston Rockets,5,1,4,0.2,245.0,0.458,0.306,0.186,0.274,0.458,0.355,0.114,0.258,10,10,1,10,10,5,10,13,15,8,14,16,2,2003-04
1610612754,Indiana Pacers,16,10,6,0.625,768.0,0.448,0.33,0.156,0.288,0.422,0.348,0.179,0.299,4,3,12,3,4,9,6,5,11,2,11,5,5,2003-04
1610612747,Los Angeles Lakers,22,13,9,0.591,1066.0,0.477,0.375,0.142,0.277,0.456,0.33,0.165,0.306,2,2,16,5,2,3,3,2,14,7,7,11,8,2003-04
1610612763,Memphis Grizzlies,4,0,4,0.0,192.0,0.45,0.324,0.162,0.249,0.561,0.351,0.185,0.327,14,14,1,14,14,8,7,7,16,16,13,2,13,2003-04
1610612748,Miami Heat,13,6,7,0.462,624.0,0.433,0.343,0.161,0.311,0.445,0.347,0.181,0.3,5,7,13,8,5,13,5,6,8,5,10,3,6,2003-04
1610612749,Milwaukee Bucks,5,1,4,0.2,240.0,0.447,0.278,0.181,0.307,0.494,0.315,0.155,0.365,10,10,1,10,11,10,13,12,9,12,6,13,16,2003-04
1610612750,Minnesota Timberwolves,18,10,8,0.556,869.0,0.479,0.302,0.165,0.281,0.463,0.307,0.139,0.307,3,3,15,7,3,2,11,8,12,9,4,15,9,2003-04
1610612751,New Jersey Nets,11,7,4,0.636,543.0,0.454,0.416,0.201,0.314,0.419,0.334,0.173,0.324,7,5,1,2,7,6,1,15,7,1,8,7,12,2003-04
1610612740,New Orleans Hornets,7,3,4,0.429,336.0,0.422,0.272,0.194,0.327,0.431,0.338,0.171,0.318,9,9,1,9,9,14,14,14,4,4,9,8,10,2003-04
1610612752,New York Knicks,4,0,4,0.0,192.0,0.411,0.316,0.177,0.319,0.505,0.448,0.207,0.337,14,14,1,14,14,16,8,11,6,15,16,1,14,2003-04
1610612758,Sacramento Kings,12,7,5,0.583,581.0,0.46,0.299,0.15,0.292,0.447,0.269,0.156,0.339,6,5,11,6,6,4,12,3,10,6,2,12,15,2003-04
1610612759,San Antonio Spurs,10,6,4,0.6,480.0,0.485,0.314,0.176,0.327,0.482,0.383,0.169,0.253,8,7,1,4,8,1,9,10,5,11,15,9,1,2003-04
1610612738,Boston Celtics,7,3,4,0.429,341.0,0.475,0.306,0.174,0.289,0.444,0.452,0.178,0.304,9,9,1,8,9,10,11,15,13,1,15,2,4,2004-05
1610612741,Chicago Bulls,6,2,4,0.333,288.0,0.472,0.368,0.157,0.337,0.472,0.436,0.146,0.347,11,11,1,11,11,11,6,11,5,6,14,12,12,2004-05
1610612742,Dallas Mavericks,13,6,7,0.462,629.0,0.492,0.338,0.139,0.346,0.525,0.324,0.148,0.327,5,5,13,6,5,6,10,5,4,14,6,10,9,2004-05
1610612743,Denver Nuggets,5,1,4,0.2,245.0,0.431,0.387,0.14,0.277,0.487,0.419,0.152,0.326,12,12,1,12,12,16,3,7,14,7,13,7,8,2004-05
1610612765,Detroit Pistons,25,15,10,0.6,1210.0,0.466,0.286,0.14,0.335,0.47,0.309,0.164,0.289,1,2,16,3,1,12,13,8,6,4,3,5,2,2004-05
1610612745,Houston Rockets,7,3,4,0.429,336.0,0.513,0.344,0.161,0.318,0.498,0.394,0.149,0.356,9,9,1,8,10,4,9,12,9,9,10,9,15,2004-05
1610612754,Indiana Pacers,13,6,7,0.462,629.0,0.434,0.361,0.174,0.305,0.463,0.312,0.165,0.312,5,5,13,6,5,14,8,16,11,3,4,4,5,2004-05
1610612763,Memphis Grizzlies,4,0,4,0.0,192.0,0.517,0.194,0.116,0.311,0.57,0.405,0.119,0.314,15,15,1,15,16,3,16,1,10,15,11,16,6,2004-05
1610612748,Miami Heat,15,11,4,0.733,730.0,0.533,0.409,0.165,0.27,0.449,0.339,0.129,0.303,3,3,1,1,3,2,1,14,15,2,7,14,3,2004-05
1610612751,New Jersey Nets,4,0,4,0.0,202.0,0.432,0.369,0.132,0.3,0.57,0.482,0.161,0.256,15,15,1,15,15,15,4,3,12,16,16,6,1,2004-05
1610612755,Philadelphia 76ers,5,1,4,0.2,245.0,0.479,0.256,0.14,0.256,0.512,0.319,0.18,0.349,12,12,1,12,12,9,15,6,16,13,5,1,13,2004-05
1610612756,Phoenix Suns,15,9,6,0.6,725.0,0.544,0.304,0.134,0.322,0.508,0.26,0.128,0.345,3,4,11,3,4,1,12,4,8,12,1,15,11,2004-05
1610612758,Sacramento Kings,5,1,4,0.2,240.0,0.479,0.285,0.121,0.351,0.508,0.406,0.15,0.377,12,12,1,12,14,8,14,2,3,11,12,8,16,2004-05
1610612759,San Antonio Spurs,23,16,7,0.696,1114.0,0.5,0.367,0.163,0.352,0.471,0.286,0.139,0.326,2,1,13,2,2,5,7,13,2,5,2,13,7,2004-05
1610612760,Seattle SuperSonics,11,6,5,0.545,528.0,0.489,0.369,0.154,0.358,0.493,0.375,0.147,0.351,7,5,10,5,7,7,5,10,1,8,9,11,14,2004-05
1610612764,Washington Wizards,10,4,6,0.4,480.0,0.459,0.409,0.144,0.332,0.505,0.37,0.168,0.339,8,8,11,10,8,13,2,9,7,10,8,3,10,2004-05
1610612741,Chicago Bulls,6,2,4,0.333,288.0,0.497,0.397,0.167,0.245,0.514,0.375,0.166,0.313,10,10,1,10,12,6,5,13,15,12,10,2,10,2005-06
1610612739,Cleveland Cavaliers,13,7,6,0.538,634.0,0.465,0.322,0.164,0.346,0.48,0.396,0.145,0.316,5,5,10,5,6,15,12,12,1,4,14,10,11,2005-06
1610612742,Dallas Mavericks,23,14,9,0.609,1124.0,0.481,0.35,0.14,0.322,0.506,0.393,0.157,0.258,1,2,15,2,1,11,10,5,3,10,13,6,2,2005-06
1610612743,Denver Nuggets,5,1,4,0.2,240.0,0.397,0.308,0.127,0.325,0.493,0.37,0.188,0.271,14,14,1,14,14,16,13,2,2,8,9,1,5,2005-06
1610612765,Detroit Pistons,18,10,8,0.556,864.0,0.478,0.382,0.138,0.317,0.494,0.312,0.165,0.303,4,3,14,4,4,13,7,4,4,9,4,4,9,2005-06
1610612754,Indiana Pacers,6,2,4,0.333,288.0,0.491,0.386,0.181,0.281,0.479,0.35,0.135,0.286,10,10,1,10,12,8,6,15,11,3,5,13,8,2005-06
1610612746,Los Angeles Clippers,12,7,5,0.583,586.0,0.519,0.331,0.162,0.306,0.479,0.279,0.115,0.28,7,5,9,3,7,4,11,11,6,2,1,16,7,2005-06
1610612747,Los Angeles Lakers,7,3,4,0.429,346.0,0.497,0.284,0.157,0.304,0.543,0.281,0.123,0.197,9,9,1,9,9,7,14,10,7,14,2,14,1,2005-06
1610612763,Memphis Grizzlies,4,0,4,0.0,197.0,0.479,0.425,0.184,0.248,0.487,0.358,0.147,0.382,16,16,1,16,16,12,2,16,14,6,8,8,16,2005-06
1610612748,Miami Heat,23,16,7,0.696,1109.0,0.525,0.427,0.169,0.284,0.47,0.354,0.156,0.265,1,1,13,1,2,3,1,14,10,1,7,7,4,2005-06
1610612749,Milwaukee Bucks,5,1,4,0.2,240.0,0.504,0.267,0.147,0.296,0.544,0.452,0.117,0.327,14,14,1,14,14,5,15,9,9,15,16,15,13,2005-06
1610612751,New Jersey Nets,11,5,6,0.455,528.0,0.487,0.351,0.142,0.275,0.517,0.434,0.165,0.263,8,8,10,8,8,10,9,6,12,13,15,5,3,2005-06
1610612756,Phoenix Suns,20,10,10,0.5,980.0,0.538,0.259,0.121,0.231,0.507,0.299,0.142,0.33,3,3,16,7,3,1,16,1,16,11,3,11,14,2005-06
1610612758,Sacramento Kings,6,2,4,0.333,293.0,0.477,0.369,0.143,0.317,0.566,0.376,0.146,0.271,10,10,1,10,11,14,8,7,5,16,11,9,6,2005-06
1610612759,San Antonio Spurs,13,7,6,0.538,639.0,0.533,0.42,0.145,0.254,0.486,0.388,0.136,0.316,5,5,10,5,5,2,4,8,13,5,12,12,12,2005-06
1610612764,Washington Wizards,6,2,4,0.333,298.0,0.488,0.424,0.138,0.301,0.489,0.352,0.166,0.371,10,10,1,10,10,9,3,3,8,7,6,3,15,2005-06
1610612741,Chicago Bulls,10,6,4,0.6,480.0,0.469,0.39,0.17,0.328,0.475,0.322,0.157,0.297,8,5,1,3,8,10,2,11,4,6,9,9,5,2006-07
1610612739,Cleveland Cavaliers,20,12,8,0.6,970.0,0.456,0.341,0.148,0.317,0.464,0.321,0.156,0.27,1,2,15,3,1,14,10,3,7,3,8,10,4,2006-07
1610612742,Dallas Mavericks,6,2,4,0.333,288.0,0.466,0.371,0.172,0.35,0.53,0.371,0.16,0.305,10,10,1,10,10,12,4,13,2,16,11,5,8,2006-07
1610612743,Denver Nuggets,5,1,4,0.2,240.0,0.452,0.264,0.172,0.342,0.493,0.195,0.138,0.314,12,12,1,12,12,15,14,12,3,10,1,13,11,2006-07
1610612765,Detroit Pistons,16,10,6,0.625,778.0,0.468,0.346,0.151,0.318,0.462,0.407,0.166,0.328,4,3,12,2,4,11,9,4,6,1,15,3,14,2006-07
1610612744,Golden State Warriors,11,5,6,0.455,533.0,0.518,0.376,0.153,0.28,0.493,0.396,0.198,0.388,6,8,12,8,6,2,3,5,11,9,14,1,16,2006-07
1610612745,Houston Rockets,7,3,4,0.429,336.0,0.46,0.363,0.167,0.274,0.467,0.26,0.135,0.302,9,9,1,9,9,13,6,10,12,4,2,14,6,2006-07
1610612747,Los Angeles Lakers,5,1,4,0.2,240.0,0.479,0.251,0.159,0.327,0.528,0.296,0.13,0.31,12,12,1,12,12,8,16,7,5,15,4,15,10,2006-07
1610612748,Miami Heat,4,0,4,0.0,192.0,0.482,0.365,0.161,0.232,0.505,0.317,0.158,0.318,14,14,1,14,14,7,5,9,15,13,7,7,13,2006-07
1610612751,New Jersey Nets,12,6,6,0.5,576.0,0.497,0.318,0.179,0.26,0.463,0.343,0.156,0.26,5,5,12,7,5,4,11,16,13,2,10,11,1,2006-07
1610612753,Orlando Magic,4,0,4,0.0,192.0,0.495,0.394,0.172,0.316,0.495,0.425,0.121,0.307,14,14,1,14,14,5,1,15,8,11,16,16,9,2006-07
1610612756,Phoenix Suns,11,6,5,0.545,528.0,0.52,0.298,0.146,0.292,0.492,0.291,0.157,0.303,6,5,11,5,7,1,13,2,9,8,3,8,7,2006-07
1610612759,San Antonio Spurs,20,16,4,0.8,960.0,0.508,0.317,0.155,0.29,0.471,0.302,0.159,0.316,1,1,1,1,2,3,12,6,10,5,6,6,12,2006-07
1610612761,Toronto Raptors,6,2,4,0.333,288.0,0.478,0.347,0.161,0.228,0.521,0.299,0.174,0.266,10,10,1,10,10,9,8,8,16,14,5,2,2,2006-07
1610612762,Utah Jazz,17,9,8,0.529,821.0,0.486,0.349,0.172,0.355,0.498,0.392,0.161,0.269,3,4,15,6,3,6,7,14,1,12,12,4,3,2006-07
1610612764,Washington Wizards,4,0,4,0.0,192.0,0.45,0.262,0.098,0.239,0.49,0.394,0.147,0.362,14,14,1,14,14,16,15,1,14,7,13,12,15,2006-07
1610612737,Atlanta Hawks,7,3,4,0.429,336.0,0.439,0.441,0.182,0.354,0.503,0.266,0.122,0.368,9,9,1,9,9,15,1,16,3,12,4,12,16,2007-08
1610612738,Boston Celtics,26,16,10,0.615,1248.0,0.487,0.354,0.147,0.335,0.463,0.411,0.163,0.301,1,1,16,2,1,6,8,11,7,2,15,3,8,2007-08
1610612739,Cleveland Cavaliers,13,7,6,0.538,624.0,0.465,0.395,0.158,0.326,0.46,0.37,0.151,0.289,5,5,11,5,5,11,3,13,8,1,12,6,5,2007-08
1610612742,Dallas Mavericks,5,1,4,0.2,240.0,0.447,0.381,0.131,0.348,0.527,0.265,0.095,0.273,13,13,1,13,14,13,5,5,4,14,3,16,3,2007-08
1610612743,Denver Nuggets,4,0,4,0.0,192.0,0.452,0.328,0.146,0.34,0.536,0.34,0.121,0.284,16,16,1,16,16,12,11,10,6,16,11,13,4,2007-08
1610612765,Detroit Pistons,17,10,7,0.588,816.0,0.485,0.32,0.15,0.307,0.478,0.376,0.168,0.355,3,3,13,3,4,7,13,12,10,5,13,2,14,2007-08
1610612745,Houston Rockets,6,2,4,0.333,288.0,0.446,0.333,0.125,0.342,0.482,0.335,0.143,0.327,10,10,1,10,10,14,9,3,5,6,9,7,11,2007-08
1610612747,Los Angeles Lakers,21,14,7,0.667,1013.0,0.512,0.371,0.141,0.267,0.477,0.329,0.141,0.319,2,2,13,1,2,2,6,8,14,4,8,8,10,2007-08
1610612740,New Orleans Hornets,12,7,5,0.583,576.0,0.499,0.25,0.101,0.272,0.483,0.31,0.14,0.295,6,5,9,4,7,3,15,1,13,7,7,9,7,2007-08
1610612753,Orlando Magic,10,5,5,0.5,480.0,0.529,0.322,0.163,0.317,0.464,0.262,0.101,0.291,8,8,9,7,8,1,12,14,9,3,2,15,6,2007-08
1610612755,Philadelphia 76ers,6,2,4,0.333,288.0,0.43,0.402,0.168,0.391,0.523,0.253,0.197,0.357,10,10,1,10,10,16,2,15,1,13,1,1,15,2007-08
1610612756,Phoenix Suns,5,1,4,0.2,250.0,0.492,0.369,0.127,0.262,0.493,0.284,0.134,0.268,13,13,1,13,13,5,7,4,15,11,6,11,2,2007-08
1610612759,San Antonio Spurs,17,9,8,0.529,826.0,0.493,0.261,0.14,0.242,0.486,0.275,0.121,0.263,3,4,15,6,3,4,14,7,16,9,5,14,1,2007-08
1610612761,Toronto Raptors,5,1,4,0.2,240.0,0.484,0.224,0.11,0.291,0.533,0.337,0.152,0.333,13,13,1,13,14,8,16,2,11,15,10,5,12,2007-08
1610612762,Utah Jazz,12,6,6,0.5,581.0,0.481,0.33,0.141,0.364,0.49,0.422,0.139,0.313,6,7,11,7,6,9,10,9,2,10,16,10,9,2007-08
1610612764,Washington Wizards,6,2,4,0.333,288.0,0.466,0.386,0.138,0.286,0.485,0.377,0.153,0.344,10,10,1,10,10,10,4,6,12,8,14,4,13,2007-08
1610612737,Atlanta Hawks,11,4,7,0.364,528.0,0.45,0.323,0.145,0.298,0.514,0.344,0.163,0.333,7,8,13,10,7,14,10,9,6,10,8,3,16,2008-09
1610612738,Boston Celtics,14,7,7,0.5,707.0,0.485,0.309,0.141,0.292,0.493,0.344,0.149,0.279,4,5,13,6,4,10,11,6,8,6,9,5,4,2008-09
1610612741,Chicago Bulls,7,3,4,0.429,371.0,0.483,0.343,0.157,0.303,0.495,0.315,0.132,0.301,9,9,1,8,9,12,7,12,3,8,5,14,12,2008-09
1610612739,Cleveland Cavaliers,14,10,4,0.714,677.0,0.507,0.383,0.142,0.333,0.48,0.305,0.14,0.266,4,3,1,1,5,5,3,8,1,3,3,10,3,2008-09
1610612742,Dallas Mavericks,10,5,5,0.5,480.0,0.518,0.375,0.142,0.278,0.525,0.367,0.121,0.255,8,7,10,6,8,2,4,7,11,14,12,16,2,2008-09
1610612743,Denver Nuggets,16,10,6,0.625,768.0,0.526,0.426,0.13,0.3,0.493,0.415,0.167,0.289,3,3,11,3,3,1,1,2,5,7,15,1,8,2008-09
1610612765,Detroit Pistons,4,0,4,0.0,192.0,0.429,0.188,0.136,0.288,0.498,0.446,0.133,0.319,16,16,1,16,16,16,16,4,9,9,16,12,15,2008-09
1610612745,Houston Rockets,13,7,6,0.538,624.0,0.49,0.288,0.161,0.298,0.487,0.282,0.132,0.287,6,5,11,5,6,9,12,14,7,4,1,15,7,2008-09
1610612747,Los Angeles Lakers,23,16,7,0.696,1114.0,0.508,0.342,0.141,0.303,0.471,0.361,0.155,0.308,2,1,13,2,2,4,8,5,4,2,11,4,13,2008-09
1610612748,Miami Heat,7,3,4,0.429,336.0,0.501,0.324,0.16,0.279,0.464,0.348,0.145,0.312,9,9,1,8,10,6,9,13,10,1,10,6,14,2008-09
1610612740,New Orleans Hornets,5,1,4,0.2,240.0,0.439,0.399,0.202,0.259,0.563,0.381,0.138,0.299,13,13,1,13,13,15,2,16,14,16,14,11,11,2008-09
1610612753,Orlando Magic,24,13,11,0.542,1167.0,0.513,0.36,0.145,0.264,0.488,0.305,0.143,0.282,1,2,16,4,1,3,6,10,12,5,4,9,5,2008-09
1610612755,Philadelphia 76ers,6,2,4,0.333,288.0,0.492,0.276,0.165,0.259,0.514,0.325,0.144,0.285,11,11,1,11,11,8,13,15,15,11,6,7,6,2008-09
1610612757,Portland Trail Blazers,6,2,4,0.333,288.0,0.484,0.264,0.133,0.263,0.517,0.294,0.143,0.298,11,11,1,11,11,11,15,3,13,13,2,8,10,2008-09
1610612759,San Antonio Spurs,5,1,4,0.2,240.0,0.495,0.269,0.126,0.243,0.516,0.325,0.132,0.254,13,13,1,13,13,7,14,1,16,12,7,13,1,2008-09
1610612762,Utah Jazz,5,1,4,0.2,240.0,0.463,0.373,0.154,0.325,0.546,0.371,0.163,0.297,13,13,1,13,13,13,5,11,2,15,13,2,9,2008-09
1610612737,Atlanta Hawks,11,4,7,0.364,528.0,0.453,0.276,0.136,0.335,0.515,0.302,0.14,0.332,5,6,14,9,5,15,13,3,2,10,3,10,14,2009-10
1610612738,Boston Celtics,24,15,9,0.625,1157.0,0.491,0.341,0.154,0.282,0.473,0.382,0.172,0.294,1,2,16,3,1,8,9,12,13,2,13,1,8,2009-10
1610612766,Charlotte Bobcats,4,0,4,0.0,192.0,0.477,0.362,0.182,0.3,0.522,0.469,0.148,0.287,16,16,1,16,16,10,7,15,10,11,15,5,7,2009-10
1610612741,Chicago Bulls,5,1,4,0.2,240.0,0.457,0.265,0.106,0.281,0.558,0.344,0.144,0.24,14,14,1,14,14,14,14,1,14,16,9,7,1,2009-10
1610612739,Cleveland Cavaliers,11,6,5,0.545,528.0,0.517,0.42,0.159,0.245,0.481,0.319,0.123,0.285,5,5,10,5,5,4,4,14,16,4,7,16,5,2009-10
1610612742,Dallas Mavericks,6,2,4,0.333,288.0,0.468,0.294,0.145,0.319,0.486,0.318,0.14,0.279,10,10,1,10,10,12,12,11,6,6,6,11,4,2009-10
1610612743,Denver Nuggets,6,2,4,0.333,288.0,0.517,0.469,0.14,0.307,0.548,0.5,0.149,0.273,10,10,1,10,10,5,1,9,7,15,16,4,3,2009-10
1610612747,Los Angeles Lakers,23,16,7,0.696,1104.0,0.502,0.32,0.137,0.347,0.475,0.351,0.137,0.316,2,1,14,2,2,6,11,6,1,3,11,13,10,2009-10
1610612748,Miami Heat,5,1,4,0.2,240.0,0.479,0.241,0.196,0.29,0.523,0.348,0.171,0.25,14,14,1,14,14,9,16,16,12,13,10,2,2,2009-10
1610612749,Milwaukee Bucks,7,3,4,0.429,336.0,0.465,0.25,0.143,0.33,0.482,0.258,0.14,0.36,9,9,1,6,9,13,15,10,3,5,1,12,15,2009-10
1610612760,Oklahoma City Thunder,6,2,4,0.333,288.0,0.426,0.412,0.137,0.306,0.488,0.284,0.142,0.318,10,10,1,10,10,16,5,4,8,7,2,9,11,2009-10
1610612753,Orlando Magic,14,10,4,0.714,677.0,0.533,0.426,0.156,0.293,0.458,0.354,0.155,0.285,4,3,1,1,4,2,2,13,11,1,12,3,6,2009-10
1610612756,Phoenix Suns,16,10,6,0.625,768.0,0.536,0.353,0.137,0.325,0.512,0.328,0.127,0.32,3,3,11,3,3,1,8,5,4,9,8,15,12,2009-10
1610612757,Portland Trail Blazers,6,2,4,0.333,288.0,0.471,0.364,0.125,0.321,0.536,0.317,0.144,0.365,10,10,1,10,10,11,6,2,5,14,5,6,16,2009-10
1610612759,San Antonio Spurs,10,4,6,0.4,480.0,0.494,0.339,0.138,0.266,0.499,0.314,0.143,0.305,7,6,11,7,7,7,10,8,15,8,4,8,9,2009-10
1610612762,Utah Jazz,10,4,6,0.4,480.0,0.52,0.421,0.138,0.303,0.522,0.425,0.136,0.328,7,6,11,7,7,3,3,7,9,12,14,14,13,2009-10
1610612737,Atlanta Hawks,12,6,6,0.5,576.0,0.464,0.289,0.144,0.285,0.47,0.306,0.144,0.342,6,6,11,7,6,10,13,6,12,8,4,12,12,2010-11
1610612738,Boston Celtics,9,5,4,0.556,437.0,0.514,0.262,0.173,0.295,0.466,0.362,0.165,0.329,8,7,1,4,8,2,15,16,11,6,11,3,11,2010-11
1610612741,Chicago Bulls,16,9,7,0.563,773.0,0.461,0.288,0.154,0.371,0.462,0.328,0.157,0.281,4,3,14,3,4,11,14,10,1,4,7,5,3,2010-11
1610612742,Dallas Mavericks,21,16,5,0.762,1013.0,0.519,0.339,0.145,0.296,0.482,0.319,0.154,0.317,1,1,10,1,2,1,7,7,10,10,5,6,8,2010-11
1610612743,Denver Nuggets,5,1,4,0.2,240.0,0.468,0.468,0.128,0.237,0.468,0.43,0.143,0.321,13,13,1,13,13,9,1,2,16,7,16,13,9,2010-11
1610612754,Indiana Pacers,5,1,4,0.2,240.0,0.445,0.304,0.168,0.324,0.461,0.358,0.178,0.422,13,13,1,13,13,15,10,15,7,2,10,2,16,2010-11
1610612747,Los Angeles Lakers,10,4,6,0.4,480.0,0.477,0.315,0.143,0.33,0.524,0.321,0.151,0.26,7,8,11,8,7,7,9,5,6,16,6,7,1,2010-11
1610612763,Memphis Grizzlies,13,7,6,0.538,649.0,0.46,0.335,0.138,0.334,0.482,0.366,0.162,0.317,5,5,11,5,5,12,8,4,5,11,12,4,7,2010-11
1610612748,Miami Heat,21,14,7,0.667,1018.0,0.485,0.379,0.158,0.304,0.475,0.282,0.148,0.3,1,2,14,2,1,5,3,12,9,9,2,10,5,2010-11
1610612740,New Orleans Hornets,6,2,4,0.333,288.0,0.488,0.36,0.148,0.262,0.5,0.369,0.148,0.349,9,9,1,9,10,3,6,9,15,13,13,9,14,2010-11
1610612752,New York Knicks,4,0,4,0.0,192.0,0.435,0.298,0.167,0.361,0.52,0.229,0.183,0.378,16,16,1,16,16,16,11,14,2,15,1,1,15,2010-11
1610612760,Oklahoma City Thunder,17,9,8,0.529,841.0,0.482,0.393,0.162,0.34,0.46,0.389,0.13,0.314,3,3,16,6,3,6,2,13,4,1,15,16,6,2010-11
1610612753,Orlando Magic,6,2,4,0.333,288.0,0.449,0.367,0.147,0.341,0.465,0.288,0.15,0.291,9,9,1,9,10,14,5,8,3,5,3,8,4,2010-11
1610612755,Philadelphia 76ers,5,1,4,0.2,240.0,0.453,0.213,0.123,0.311,0.462,0.376,0.132,0.342,13,13,1,13,13,13,16,1,8,3,14,15,13,2010-11
1610612757,Portland Trail Blazers,6,2,4,0.333,288.0,0.487,0.294,0.136,0.277,0.507,0.328,0.141,0.322,9,9,1,9,10,4,12,3,14,14,8,14,10,2010-11
1610612759,San Antonio Spurs,6,2,4,0.333,293.0,0.471,0.369,0.154,0.28,0.498,0.329,0.147,0.28,9,9,1,9,9,8,4,11,13,12,9,11,2,2010-11
1610612737,Atlanta Hawks,6,2,4,0.333,293.0,0.438,0.204,0.17,0.265,0.461,0.263,0.142,0.22,11,11,1,11,11,14,16,14,12,3,5,11,3,2011-12
1610612738,Boston Celtics,20,11,9,0.55,975.0,0.468,0.28,0.145,0.253,0.464,0.286,0.152,0.284,2,3,16,4,2,5,12,6,15,5,7,8,7,2011-12
1610612741,Chicago Bulls,6,2,4,0.333,288.0,0.448,0.229,0.161,0.329,0.428,0.33,0.111,0.239,11,11,1,11,12,13,14,11,7,1,13,16,4,2011-12
1610612742,Dallas Mavericks,4,0,4,0.0,192.0,0.455,0.343,0.156,0.28,0.52,0.314,0.138,0.206,15,15,1,15,15,8,3,9,10,15,11,12,1,2011-12
1610612743,Denver Nuggets,7,3,4,0.429,336.0,0.46,0.227,0.122,0.373,0.461,0.26,0.132,0.36,9,9,1,7,10,7,15,1,1,4,3,13,15,2011-12
1610612754,Indiana Pacers,11,6,5,0.545,533.0,0.461,0.289,0.17,0.356,0.469,0.302,0.15,0.297,7,6,10,5,7,6,10,13,4,7,10,9,10,2011-12
1610612746,Los Angeles Clippers,11,4,7,0.364,533.0,0.499,0.315,0.163,0.267,0.491,0.363,0.167,0.331,7,8,12,10,7,4,4,12,11,12,14,2,13,2011-12
1610612747,Los Angeles Lakers,12,5,7,0.417,576.0,0.454,0.285,0.138,0.339,0.474,0.258,0.113,0.337,6,7,12,9,6,9,11,4,5,8,2,15,14,2011-12
1610612763,Memphis Grizzlies,7,3,4,0.429,341.0,0.449,0.403,0.172,0.367,0.493,0.364,0.169,0.291,9,9,1,7,9,12,1,15,2,13,15,1,8,2011-12
1610612748,Miami Heat,23,16,7,0.696,1114.0,0.505,0.364,0.145,0.3,0.466,0.299,0.161,0.311,1,1,12,2,1,3,2,7,8,6,9,3,12,2011-12
1610612752,New York Knicks,5,1,4,0.2,240.0,0.451,0.297,0.211,0.338,0.511,0.417,0.156,0.304,13,13,1,13,14,11,8,16,6,14,16,6,11,2011-12
1610612760,Oklahoma City Thunder,20,13,7,0.65,960.0,0.508,0.306,0.126,0.264,0.491,0.326,0.154,0.281,2,2,12,3,3,2,7,2,13,11,12,7,5,2011-12
1610612753,Orlando Magic,5,1,4,0.2,245.0,0.452,0.244,0.159,0.286,0.48,0.254,0.159,0.381,13,13,1,13,13,10,13,10,9,10,1,5,16,2011-12
1610612755,Philadelphia 76ers,13,7,6,0.538,624.0,0.436,0.312,0.129,0.262,0.459,0.261,0.16,0.291,5,5,11,6,5,15,5,3,14,2,4,4,9,2011-12
1610612759,San Antonio Spurs,14,10,4,0.714,672.0,0.541,0.29,0.153,0.249,0.48,0.288,0.142,0.283,4,4,1,1,4,1,9,8,16,9,8,10,6,2011-12
1610612762,Utah Jazz,4,0,4,0.0,192.0,0.395,0.306,0.144,0.357,0.533,0.281,0.126,0.219,15,15,1,15,15,16,6,5,3,16,6,14,2,2011-12
1610612737,Atlanta Hawks,6,2,4,0.333,288.0,0.462,0.338,0.131,0.207,0.455,0.362,0.167,0.324,10,10,1,10,11,14,5,3,15,1,15,5,13,2012-13
1610612738,Boston Celtics,6,2,4,0.333,293.0,0.463,0.312,0.194,0.198,0.462,0.227,0.144,0.264,10,10,1,10,10,13,7,16,16,2,1,8,1,2012-13
1610612751,Brooklyn Nets,7,3,4,0.429,351.0,0.479,0.304,0.124,0.301,0.497,0.246,0.141,0.311,9,9,1,8,9,8,8,2,6,11,4,10,11,2012-13
1610612741,Chicago Bulls,12,5,7,0.417,591.0,0.472,0.287,0.158,0.325,0.501,0.335,0.135,0.291,5,7,13,9,5,12,11,10,2,12,11,12,9,2012-13
1610612743,Denver Nuggets,6,2,4,0.333,288.0,0.479,0.35,0.147,0.308,0.554,0.266,0.19,0.319,10,10,1,10,11,7,3,8,5,16,5,2,12,2012-13
1610612744,Golden State Warriors,12,6,6,0.5,591.0,0.513,0.258,0.168,0.314,0.483,0.32,0.135,0.285,5,5,9,5,5,2,14,12,3,8,9,11,7,2012-13
1610612745,Houston Rockets,6,2,4,0.333,288.0,0.496,0.342,0.166,0.291,0.511,0.304,0.134,0.27,10,10,1,10,11,5,4,11,7,13,8,13,4,2012-13
1610612754,Indiana Pacers,19,11,8,0.579,917.0,0.475,0.384,0.184,0.35,0.473,0.294,0.128,0.267,3,3,16,3,3,9,1,15,1,5,7,14,2,2012-13
1610612746,Los Angeles Clippers,6,2,4,0.333,288.0,0.506,0.314,0.152,0.287,0.486,0.451,0.117,0.333,10,10,1,10,11,4,6,9,9,9,16,15,15,2012-13
1610612747,Los Angeles Lakers,4,0,4,0.0,192.0,0.474,0.237,0.18,0.249,0.527,0.229,0.108,0.272,15,15,1,15,15,10,15,14,14,14,2,16,5,2012-13
1610612763,Memphis Grizzlies,15,8,7,0.533,735.0,0.447,0.357,0.119,0.312,0.493,0.275,0.155,0.267,4,4,13,4,4,16,2,1,4,10,6,6,3,2012-13
1610612748,Miami Heat,23,16,7,0.696,1114.0,0.518,0.303,0.147,0.289,0.48,0.324,0.18,0.328,1,1,13,2,1,1,9,7,8,7,10,4,14,2012-13
1610612749,Milwaukee Bucks,4,0,4,0.0,192.0,0.472,0.264,0.179,0.274,0.544,0.346,0.187,0.335,15,15,1,15,15,11,12,13,12,15,13,3,16,2012-13
1610612752,New York Knicks,12,6,6,0.5,581.0,0.46,0.222,0.132,0.28,0.47,0.36,0.191,0.286,5,5,9,5,7,15,16,4,10,4,14,1,8,2012-13
1610612760,Oklahoma City Thunder,11,5,6,0.455,533.0,0.479,0.295,0.145,0.27,0.468,0.343,0.143,0.281,8,7,9,7,8,6,10,6,13,3,12,9,6,2012-13
1610612759,San Antonio Spurs,21,15,6,0.714,1038.0,0.511,0.261,0.138,0.277,0.475,0.233,0.145,0.292,2,2,9,1,2,3,13,5,11,6,3,7,10,2012-13
1610612737,Atlanta Hawks,7,3,4,0.429,336.0,0.456,0.316,0.149,0.25,0.5,0.297,0.161,0.274,9,9,1,8,10,15,7,10,15,7,5,3,7,2013-14
1610612751,Brooklyn Nets,12,5,7,0.417,576.0,0.514,0.33,0.139,0.279,0.516,0.368,0.146,0.263,6,7,11,13,6,5,4,5,11,11,14,9,4,2013-14
1610612766,Charlotte Bobcats,4,0,4,0.0,192.0,0.5,0.312,0.165,0.254,0.539,0.342,0.116,0.203,16,16,1,16,16,7,9,14,13,15,12,16,1,2013-14
1610612741,Chicago Bulls,5,1,4,0.2,245.0,0.463,0.29,0.15,0.308,0.479,0.32,0.117,0.306,15,15,1,15,15,14,13,11,4,2,9,15,11,2013-14
1610612742,Dallas Mavericks,7,3,4,0.429,336.0,0.5,0.217,0.122,0.295,0.542,0.328,0.147,0.265,9,9,1,8,10,7,16,2,8,16,11,8,5,2013-14
1610612744,Golden State Warriors,7,3,4,0.429,336.0,0.518,0.335,0.178,0.364,0.529,0.389,0.147,0.318,9,9,1,8,10,3,2,16,2,13,15,7,13,2013-14
1610612745,Houston Rockets,6,2,4,0.333,303.0,0.49,0.325,0.14,0.418,0.507,0.321,0.121,0.317,14,14,1,14,14,10,6,7,1,9,10,13,12,2013-14
1610612754,Indiana Pacers,19,10,9,0.526,912.0,0.5,0.314,0.152,0.254,0.493,0.282,0.153,0.268,3,3,15,4,4,6,8,12,14,6,3,5,6,2013-14
1610612746,Los Angeles Clippers,13,6,7,0.462,624.0,0.515,0.334,0.131,0.303,0.521,0.351,0.17,0.339,5,5,11,6,5,4,3,3,7,12,13,1,15,2013-14
1610612763,Memphis Grizzlies,7,3,4,0.429,356.0,0.442,0.293,0.116,0.293,0.483,0.311,0.161,0.327,9,9,1,8,9,16,11,1,9,3,8,2,14,2013-14
1610612748,Miami Heat,20,13,7,0.65,960.0,0.555,0.305,0.14,0.223,0.539,0.304,0.158,0.282,2,2,11,2,2,1,10,6,16,14,6,4,9,2013-14
1610612760,Oklahoma City Thunder,19,10,9,0.526,937.0,0.496,0.327,0.156,0.292,0.485,0.282,0.12,0.286,3,3,15,4,3,9,5,13,10,4,4,14,10,2013-14
1610612757,Portland Trail Blazers,11,5,6,0.455,543.0,0.482,0.281,0.142,0.322,0.508,0.28,0.121,0.345,7,7,10,7,7,12,15,8,3,10,2,12,16,2013-14
1610612759,San Antonio Spurs,23,16,7,0.696,1109.0,0.546,0.291,0.134,0.263,0.492,0.257,0.151,0.277,1,1,11,1,1,2,12,4,12,5,1,6,8,2013-14
1610612761,Toronto Raptors,7,3,4,0.429,336.0,0.486,0.391,0.169,0.306,0.506,0.392,0.13,0.253,9,9,1,8,10,11,1,15,5,8,16,11,3,2013-14
1610612764,Washington Wizards,11,6,5,0.545,533.0,0.468,0.285,0.143,0.305,0.471,0.308,0.141,0.251,7,5,9,3,8,13,14,9,6,1,7,10,2,2013-14
1610612737,Atlanta Hawks,16,8,8,0.5,778.0,0.484,0.227,0.133,0.263,0.486,0.26,0.147,0.289,4,4,15,6,4,9,16,6,14,6,5,5,8,2014-15
1610612738,Boston Celtics,4,0,4,0.0,192.0,0.453,0.308,0.143,0.26,0.498,0.394,0.131,0.304,14,14,1,14,16,14,4,11,15,7,15,12,14,2014-15
1610612751,Brooklyn Nets,6,2,4,0.333,293.0,0.486,0.251,0.149,0.242,0.505,0.207,0.139,0.28,10,10,1,10,11,8,13,12,16,10,1,9,4,2014-15
1610612741,Chicago Bulls,12,6,6,0.5,586.0,0.474,0.257,0.152,0.337,0.452,0.259,0.136,0.293,6,6,12,6,6,11,12,16,1,1,4,11,10,2014-15
1610612739,Cleveland Cavaliers,20,14,6,0.7,975.0,0.479,0.325,0.139,0.327,0.467,0.275,0.125,0.272,2,2,12,2,2,10,3,10,2,4,6,15,2,2014-15
1610612742,Dallas Mavericks,5,1,4,0.2,240.0,0.493,0.274,0.138,0.309,0.52,0.429,0.14,0.291,12,12,1,12,12,6,7,8,3,15,16,8,9,2014-15
1610612744,Golden State Warriors,21,16,5,0.762,1023.0,0.521,0.263,0.152,0.285,0.458,0.313,0.148,0.293,1,1,10,1,1,1,10,14,6,2,11,4,11,2014-15
1610612745,Houston Rockets,17,9,8,0.529,816.0,0.505,0.44,0.152,0.291,0.514,0.298,0.141,0.293,3,3,15,5,3,4,1,15,5,13,8,6,12,2014-15
1610612746,Los Angeles Clippers,14,7,7,0.5,677.0,0.515,0.361,0.132,0.265,0.505,0.383,0.141,0.295,5,5,14,6,5,2,2,5,13,11,14,7,13,2014-15
1610612763,Memphis Grizzlies,11,6,5,0.545,528.0,0.451,0.27,0.118,0.279,0.501,0.247,0.157,0.262,7,6,10,4,7,15,8,1,8,8,3,2,1,2014-15
1610612749,Milwaukee Bucks,6,2,4,0.333,298.0,0.419,0.236,0.137,0.267,0.504,0.275,0.181,0.326,10,10,1,10,10,16,15,7,11,9,7,1,16,2014-15
1610612740,New Orleans Pelicans,4,0,4,0.0,197.0,0.491,0.264,0.139,0.266,0.516,0.303,0.126,0.306,14,14,1,14,14,7,9,9,12,14,10,14,15,2014-15
1610612757,Portland Trail Blazers,5,1,4,0.2,240.0,0.455,0.258,0.126,0.271,0.465,0.299,0.089,0.281,12,12,1,12,12,13,11,3,9,3,9,16,6,2014-15
1610612759,San Antonio Spurs,7,3,4,0.429,341.0,0.505,0.298,0.126,0.281,0.509,0.346,0.129,0.274,9,9,1,9,9,3,5,4,7,12,12,13,3,2014-15
1610612761,Toronto Raptors,4,0,4,0.0,197.0,0.459,0.241,0.123,0.268,0.547,0.348,0.149,0.281,14,14,1,14,14,12,14,2,10,16,13,3,5,2014-15
1610612764,Washington Wizards,10,6,4,0.6,485.0,0.497,0.28,0.151,0.298,0.47,0.232,0.138,0.284,8,6,1,3,8,5,6,13,4,5,2,10,7,2014-15
1610612737,Atlanta Hawks,10,4,6,0.4,485.0,0.494,0.242,0.148,0.255,0.487,0.239,0.145,0.295,7,8,11,10,7,8,14,13,14,7,2,7,10,2015-16
1610612738,Boston Celtics,6,2,4,0.333,293.0,0.432,0.235,0.147,0.27,0.481,0.245,0.149,0.252,11,11,1,11,11,13,15,12,8,5,3,6,1,2015-16
1610612766,Charlotte Hornets,7,3,4,0.429,336.0,0.432,0.309,0.103,0.221,0.517,0.253,0.132,0.276,9,9,1,8,9,14,5,2,16,12,4,12,9,2015-16
1610612739,Cleveland Cavaliers,21,16,5,0.762,1008.0,0.544,0.267,0.137,0.307,0.51,0.259,0.142,0.255,2,1,10,1,2,1,11,7,3,10,5,9,2,2015-16
1610612742,Dallas Mavericks,5,1,4,0.2,240.0,0.474,0.298,0.128,0.263,0.537,0.355,0.14,0.373,13,13,1,13,13,10,7,5,13,13,16,10,15,2015-16
1610612765,Detroit Pistons,4,0,4,0.0,192.0,0.537,0.292,0.121,0.243,0.546,0.201,0.098,0.299,15,15,1,15,15,2,8,3,15,14,1,16,11,2015-16
1610612744,Golden State Warriors,24,15,9,0.625,1157.0,0.529,0.272,0.143,0.275,0.481,0.311,0.151,0.324,1,2,15,2,1,3,10,10,7,6,13,4,14,2015-16
1610612745,Houston Rockets,5,1,4,0.2,240.0,0.43,0.32,0.19,0.332,0.552,0.299,0.143,0.258,13,13,1,13,13,15,3,16,2,15,11,8,3,2015-16
1610612754,Indiana Pacers,7,3,4,0.429,336.0,0.495,0.319,0.16,0.268,0.437,0.322,0.153,0.38,9,9,1,8,9,7,4,14,11,1,15,2,16,2015-16
1610612746,LA Clippers,6,2,4,0.333,288.0,0.471,0.345,0.101,0.265,0.467,0.266,0.138,0.307,11,11,1,11,12,11,1,1,12,3,7,11,12,2015-16
1610612763,Memphis Grizzlies,4,0,4,0.0,192.0,0.423,0.215,0.171,0.3,0.552,0.298,0.151,0.267,15,15,1,15,15,16,16,15,6,16,9,3,7,2015-16
1610612748,Miami Heat,14,7,7,0.5,687.0,0.5,0.264,0.142,0.27,0.451,0.31,0.117,0.26,5,5,13,5,5,6,12,9,10,2,12,14,4,2015-16
1610612760,Oklahoma City Thunder,18,11,7,0.611,864.0,0.501,0.326,0.145,0.339,0.499,0.261,0.13,0.273,4,3,13,3,4,5,2,11,1,8,6,13,8,2015-16
1610612757,Portland Trail Blazers,11,5,6,0.455,533.0,0.483,0.287,0.132,0.303,0.507,0.312,0.112,0.266,6,7,11,7,6,9,9,6,5,9,14,15,6,2015-16
1610612759,San Antonio Spurs,10,6,4,0.6,480.0,0.519,0.248,0.125,0.27,0.467,0.268,0.162,0.314,7,6,1,4,8,4,13,4,9,4,8,1,13,2015-16
1610612761,Toronto Raptors,20,10,10,0.5,975.0,0.463,0.301,0.142,0.307,0.514,0.298,0.15,0.263,3,4,16,5,3,12,6,8,4,11,10,5,5,2015-16
1610612737,Atlanta Hawks,6,2,4,0.333,288.0,0.493,0.343,0.163,0.322,0.502,0.279,0.131,0.269,10,10,2,10,11,12,1,15,3,3,6,12,9,2016-17
1610612738,Boston Celtics,18,9,9,0.5,869.0,0.532,0.242,0.141,0.261,0.531,0.284,0.149,0.318,1,3,16,5,1,3,15,11,11,8,7,4,15,2016-17
1610612741,Chicago Bulls,6,2,4,0.333,288.0,0.483,0.24,0.165,0.316,0.534,0.214,0.132,0.253,10,10,2,10,11,15,16,16,4,10,1,11,4,2016-17
1610612739,Cleveland Cavaliers,18,13,5,0.722,864.0,0.579,0.316,0.135,0.269,0.521,0.235,0.136,0.296,1,2,10,2,2,1,2,6,9,6,2,8,12,2016-17
1610612744,Golden State Warriors,17,16,1,0.941,816.0,0.567,0.292,0.135,0.278,0.487,0.277,0.139,0.268,3,1,1,1,3,2,7,7,8,1,5,7,8,2016-17
1610612745,Houston Rockets,11,6,5,0.545,533.0,0.514,0.304,0.143,0.282,0.502,0.267,0.128,0.321,6,6,10,3,6,7,5,12,7,4,4,14,16,2016-17
1610612754,Indiana Pacers,4,0,4,0.0,192.0,0.53,0.247,0.139,0.338,0.565,0.323,0.135,0.289,15,15,2,15,15,4,14,9,1,16,13,9,11,2016-17
1610612746,LA Clippers,7,3,4,0.429,336.0,0.526,0.312,0.134,0.247,0.542,0.308,0.134,0.218,9,9,2,7,9,5,3,4,12,13,10,10,1,2016-17
1610612763,Memphis Grizzlies,6,2,4,0.333,293.0,0.51,0.263,0.129,0.246,0.545,0.322,0.129,0.308,10,10,2,10,10,9,13,2,13,14,12,13,13,2016-17
1610612749,Milwaukee Bucks,6,2,4,0.333,288.0,0.503,0.267,0.148,0.243,0.494,0.347,0.158,0.26,10,10,2,10,11,11,12,13,14,2,15,1,5,2016-17
1610612760,Oklahoma City Thunder,5,1,4,0.2,240.0,0.49,0.309,0.129,0.293,0.513,0.401,0.149,0.314,14,14,2,14,14,14,4,1,6,5,16,3,14,2016-17
1610612757,Portland Trail Blazers,4,0,4,0.0,192.0,0.458,0.271,0.15,0.264,0.556,0.327,0.122,0.264,15,15,2,15,15,16,11,14,10,15,14,16,7,2016-17
1610612759,San Antonio Spurs,16,8,8,0.5,778.0,0.512,0.277,0.134,0.327,0.539,0.255,0.145,0.263,4,4,15,5,4,8,10,5,2,12,3,5,6,2016-17
1610612761,Toronto Raptors,10,4,6,0.4,480.0,0.493,0.283,0.139,0.241,0.539,0.295,0.145,0.241,8,7,12,8,8,13,8,8,15,11,8,6,3,2016-17
1610612762,Utah Jazz,11,4,7,0.364,528.0,0.515,0.298,0.13,0.206,0.533,0.296,0.124,0.231,6,7,14,9,7,6,6,3,16,9,9,15,2,2016-17
1610612764,Washington Wizards,13,7,6,0.538,629.0,0.505,0.281,0.14,0.315,0.525,0.317,0.149,0.281,5,5,12,4,5,10,9,10,5,7,11,2,10,2016-17
1610612738,Boston Celtics,19,11,8,0.579,922.0,0.5,0.283,0.123,0.256,0.518,0.275,0.142,0.253,3,3,15,3,3,13,5,2,8,8,10,7,6,2017-18
1610612739,Cleveland Cavaliers,22,12,10,0.545,1066.0,0.512,0.282,0.136,0.289,0.529,0.252,0.128,0.256,1,2,16,5,1,11,6,6,2,10,6,14,8,2017-18
1610612744,Golden State Warriors,21,16,5,0.762,1013.0,0.545,0.237,0.131,0.255,0.481,0.241,0.138,0.268,2,1,10,1,2,2,14,4,9,1,2,11,11,2017-18
1610612745,Houston Rockets,17,11,6,0.647,816.0,0.514,0.261,0.125,0.251,0.53,0.251,0.145,0.245,4,3,12,2,4,8,10,3,11,11,5,4,4,2017-18
1610612754,Indiana Pacers,7,3,4,0.429,336.0,0.542,0.241,0.144,0.274,0.503,0.313,0.157,0.265,9,9,1,8,10,3,13,11,4,2,14,1,10,2017-18
1610612748,Miami Heat,5,1,4,0.2,240.0,0.507,0.345,0.157,0.235,0.514,0.364,0.157,0.345,13,13,1,13,13,12,1,15,13,5,16,2,16,2017-18
1610612749,Milwaukee Bucks,7,3,4,0.429,341.0,0.561,0.254,0.14,0.19,0.503,0.291,0.138,0.302,9,9,1,8,9,1,11,9,16,3,11,10,15,2017-18
1610612750,Minnesota Timberwolves,5,1,4,0.2,240.0,0.515,0.276,0.133,0.245,0.531,0.259,0.088,0.255,13,13,1,13,13,7,7,5,12,12,7,16,7,2017-18
1610612740,New Orleans Pelicans,9,5,4,0.556,432.0,0.533,0.204,0.139,0.215,0.514,0.214,0.133,0.238,8,5,1,4,8,5,15,8,15,6,1,12,3,2017-18
1610612760,Oklahoma City Thunder,6,2,4,0.333,288.0,0.49,0.245,0.142,0.261,0.521,0.309,0.154,0.287,11,11,1,11,11,15,12,10,7,9,13,3,13,2017-18
1610612755,Philadelphia 76ers,10,5,5,0.5,485.0,0.493,0.32,0.146,0.333,0.514,0.321,0.138,0.231,6,5,10,6,6,14,2,14,1,6,15,9,2,2017-18
1610612757,Portland Trail Blazers,4,0,4,0.0,192.0,0.512,0.173,0.145,0.267,0.582,0.26,0.139,0.219,16,16,1,16,16,10,16,12,6,16,8,8,1,2017-18
1610612759,San Antonio Spurs,5,1,4,0.2,240.0,0.463,0.274,0.116,0.233,0.535,0.246,0.144,0.291,13,13,1,13,13,16,8,1,14,13,4,5,14,2017-18
1610612761,Toronto Raptors,10,4,6,0.4,485.0,0.536,0.29,0.145,0.272,0.541,0.266,0.118,0.281,6,8,12,10,6,4,3,13,5,15,9,15,12,2017-18
1610612762,Utah Jazz,11,5,6,0.455,528.0,0.52,0.284,0.158,0.255,0.505,0.243,0.128,0.246,5,5,12,7,5,6,4,16,10,4,3,13,5,2017-18
1610612764,Washington Wizards,6,2,4,0.333,288.0,0.513,0.274,0.138,0.279,0.539,0.3,0.144,0.264,11,11,1,11,11,9,9,7,3,14,12,6,9,2017-18
1610612738,Boston Celtics,9,5,4,0.556,432.0,0.491,0.288,0.147,0.229,0.492,0.279,0.122,0.217,8,8,1,5,8,11,8,10,15,4,6,13,2,2018-19
1610612751,Brooklyn Nets,5,1,4,0.2,240.0,0.48,0.319,0.135,0.258,0.542,0.298,0.155,0.357,11,11,1,11,11,12,2,8,12,13,12,3,16,2018-19
1610612743,Denver Nuggets,14,7,7,0.5,692.0,0.496,0.279,0.102,0.311,0.497,0.279,0.1,0.297,5,5,13,7,5,10,10,2,2,5,7,15,12,2018-19
1610612765,Detroit Pistons,4,0,4,0.0,192.0,0.444,0.171,0.104,0.248,0.583,0.325,0.144,0.273,15,15,1,15,15,16,16,3,13,16,16,7,7,2018-19
1610612744,Golden State Warriors,22,14,8,0.636,1066.0,0.548,0.282,0.15,0.301,0.522,0.3,0.148,0.286,2,2,14,3,2,1,9,11,4,11,13,5,11,2018-19
1610612745,Houston Rockets,11,6,5,0.545,533.0,0.537,0.29,0.161,0.287,0.499,0.285,0.147,0.313,7,7,10,6,7,2,7,14,7,6,8,6,15,2018-19
1610612754,Indiana Pacers,4,0,4,0.0,192.0,0.461,0.246,0.125,0.196,0.517,0.272,0.168,0.263,15,15,1,15,15,13,15,5,16,9,5,1,6,2018-19
1610612746,LA Clippers,6,2,4,0.333,288.0,0.511,0.323,0.146,0.293,0.574,0.29,0.139,0.286,10,10,1,10,10,6,1,9,6,15,10,9,10,2018-19
1610612749,Milwaukee Bucks,15,10,5,0.667,730.0,0.523,0.317,0.128,0.259,0.474,0.258,0.119,0.224,4,3,10,1,4,3,3,6,11,1,3,14,3,2018-19
1610612760,Oklahoma City Thunder,5,1,4,0.2,240.0,0.5,0.295,0.151,0.264,0.519,0.265,0.143,0.299,11,11,1,11,11,9,6,12,9,10,4,8,13,2018-19
1610612753,Orlando Magic,5,1,4,0.2,240.0,0.451,0.267,0.163,0.26,0.55,0.19,0.128,0.204,11,11,1,11,11,15,14,15,10,14,1,11,1,2018-19
1610612755,Philadelphia 76ers,12,7,5,0.583,576.0,0.514,0.301,0.166,0.319,0.488,0.304,0.127,0.248,6,5,10,4,6,5,4,16,1,2,15,12,4,2018-19
1610612757,Portland Trail Blazers,16,8,8,0.5,793.0,0.501,0.274,0.129,0.298,0.503,0.294,0.129,0.309,3,4,14,7,3,8,12,7,5,7,11,10,14,2018-19
1610612759,San Antonio Spurs,7,3,4,0.429,336.0,0.503,0.27,0.09,0.264,0.516,0.24,0.098,0.274,9,9,1,9,9,7,13,1,8,8,2,16,8,2018-19
1610612761,Toronto Raptors,24,16,8,0.667,1162.0,0.515,0.275,0.124,0.239,0.491,0.301,0.158,0.281,1,1,14,1,1,4,11,4,14,3,14,2,9,2018-19
1610612762,Utah Jazz,5,1,4,0.2,240.0,0.455,0.296,0.154,0.305,0.526,0.29,0.154,0.258,11,11,1,11,11,14,5,13,3,12,9,4,5,2018-19
1610612738,Boston Celtics,17,10,7,0.588,831.0,0.527,0.285,0.142,0.261,0.49,0.291,0.128,0.253,4,3,13,4,4,10,6,10,6,1,10,11,9,2019-20
1610612751,Brooklyn Nets,4,0,4,0.0,192.0,0.482,0.268,0.14,0.264,0.592,0.258,0.117,0.236,14,14,1,14,14,15,11,9,5,16,4,14,5,2019-20
1610612742,Dallas Mavericks,6,2,4,0.333,293.0,0.549,0.297,0.121,0.216,0.579,0.305,0.115,0.221,11,11,1,11,11,3,3,1,13,15,12,15,4,2019-20
1610612743,Denver Nuggets,19,9,10,0.474,917.0,0.545,0.26,0.146,0.279,0.551,0.299,0.142,0.278,3,4,16,7,3,4,12,11,3,11,11,9,13,2019-20
1610612745,Houston Rockets,12,5,7,0.417,581.0,0.535,0.235,0.134,0.189,0.534,0.272,0.171,0.267,6,7,13,10,6,8,16,6,14,7,5,1,10,2019-20
1610612754,Indiana Pacers,4,0,4,0.0,192.0,0.53,0.252,0.157,0.185,0.545,0.368,0.144,0.29,14,14,1,14,14,9,13,14,15,10,16,8,15,2019-20
1610612746,LA Clippers,13,7,6,0.538,629.0,0.544,0.291,0.13,0.253,0.542,0.278,0.137,0.238,5,5,12,5,5,5,5,5,8,9,8,10,6,2019-20
1610612747,Los Angeles Lakers,21,16,5,0.762,1008.0,0.561,0.293,0.158,0.304,0.525,0.311,0.149,0.24,1,1,10,1,2,2,4,15,2,4,13,4,7,2019-20
1610612748,Miami Heat,21,14,7,0.667,1018.0,0.537,0.322,0.135,0.243,0.529,0.273,0.145,0.269,1,2,13,2,1,6,2,7,10,6,6,7,11,2019-20
1610612749,Milwaukee Bucks,10,5,5,0.5,485.0,0.537,0.279,0.146,0.23,0.527,0.285,0.146,0.209,8,7,10,6,8,7,10,12,11,5,9,6,2,2019-20
1610612760,Oklahoma City Thunder,7,3,4,0.429,341.0,0.5,0.281,0.166,0.253,0.535,0.181,0.125,0.184,9,9,1,8,9,13,9,16,9,8,1,13,1,2019-20
1610612753,Orlando Magic,5,1,4,0.2,240.0,0.505,0.237,0.139,0.172,0.572,0.248,0.159,0.22,12,12,1,12,12,12,15,8,16,14,3,2,3,2019-20
1610612755,Philadelphia 76ers,4,0,4,0.0,192.0,0.443,0.381,0.125,0.316,0.523,0.313,0.11,0.275,14,14,1,14,14,16,1,2,1,3,14,16,12,2019-20
1610612757,Portland Trail Blazers,5,1,4,0.2,240.0,0.492,0.283,0.156,0.277,0.552,0.317,0.146,0.296,12,12,1,12,12,14,8,13,4,12,15,5,16,2019-20
1610612761,Toronto Raptors,11,7,4,0.636,538.0,0.525,0.24,0.13,0.226,0.507,0.275,0.152,0.241,7,5,1,3,7,11,14,4,12,2,7,3,8,2019-20
1610612762,Utah Jazz,7,3,4,0.429,341.0,0.583,0.284,0.127,0.26,0.554,0.199,0.127,0.288,9,9,1,8,9,1,7,3,7,13,2,12,14,2019-20
1610612737,Atlanta Hawks,18,10,8,0.556,864.0,0.516,0.241,0.127,0.256,0.52,0.273,0.132,0.289,4,3,14,5,4,11,9,8,12,5,11,5,12,2020-21
1610612738,Boston Celtics,5,1,4,0.2,240.0,0.508,0.311,0.134,0.355,0.582,0.324,0.118,0.301,12,12,1,12,12,12,3,13,1,15,15,11,13,2020-21
1610612751,Brooklyn Nets,12,7,5,0.583,581.0,0.551,0.235,0.119,0.242,0.502,0.253,0.133,0.302,5,5,9,3,5,5,10,5,14,1,7,4,14,2020-21
1610612742,Dallas Mavericks,7,3,4,0.429,336.0,0.534,0.233,0.118,0.29,0.571,0.293,0.118,0.247,9,9,1,8,9,8,11,4,5,12,12,10,4,2020-21
1610612743,Denver Nuggets,10,4,6,0.4,490.0,0.536,0.227,0.114,0.295,0.576,0.256,0.117,0.262,8,8,12,9,8,7,14,2,3,14,8,12,5,2020-21
1610612746,LA Clippers,19,10,9,0.526,912.0,0.562,0.29,0.114,0.247,0.543,0.227,0.124,0.281,3,3,16,7,3,3,5,3,13,9,3,7,10,2020-21
1610612747,Los Angeles Lakers,6,2,4,0.333,288.0,0.473,0.295,0.146,0.277,0.53,0.253,0.131,0.219,10,10,1,10,11,14,4,16,9,7,6,6,1,2020-21
1610612763,Memphis Grizzlies,5,1,4,0.2,240.0,0.523,0.216,0.104,0.279,0.586,0.303,0.136,0.271,12,12,1,12,12,10,16,1,8,16,13,2,8,2020-21
1610612748,Miami Heat,4,0,4,0.0,197.0,0.462,0.227,0.136,0.212,0.538,0.235,0.146,0.336,16,16,1,16,16,15,13,14,16,8,4,1,16,2020-21
1610612749,Milwaukee Bucks,23,16,7,0.696,1114.0,0.524,0.228,0.13,0.31,0.523,0.197,0.134,0.235,1,1,13,1,1,9,12,11,2,6,1,3,3,2020-21
1610612752,New York Knicks,5,1,4,0.2,240.0,0.458,0.252,0.128,0.289,0.519,0.226,0.114,0.219,12,12,1,12,12,16,8,10,6,4,2,14,2,2020-21
1610612755,Philadelphia 76ers,12,7,5,0.583,576.0,0.561,0.342,0.128,0.26,0.502,0.305,0.124,0.266,5,5,9,3,6,4,1,9,11,2,14,8,7,2020-21
1610612756,Phoenix Suns,22,14,8,0.636,1056.0,0.547,0.219,0.124,0.234,0.507,0.259,0.123,0.275,2,2,14,2,2,6,15,7,15,3,9,9,9,2020-21
1610612757,Portland Trail Blazers,6,2,4,0.333,298.0,0.567,0.257,0.121,0.277,0.555,0.267,0.114,0.32,10,10,1,10,10,2,7,6,10,10,10,15,15,2020-21
1610612762,Utah Jazz,11,6,5,0.545,528.0,0.579,0.288,0.138,0.283,0.562,0.252,0.108,0.265,7,7,9,6,7,1,6,15,7,11,5,16,6,2020-21
1610612764,Washington Wizards,5,1,4,0.2,240.0,0.498,0.327,0.13,0.29,0.575,0.333,0.115,0.283,12,12,1,12,12,13,2,12,4,13,16,13,11,2020-21
1610612737,Atlanta Hawks,5,1,4,0.2,240.0,0.513,0.281,0.175,0.246,0.542,0.248,0.14,0.305,13,13,1,13,13,10,10,16,13,11,5,9,13,2021-22
1610612738,Boston Celtics,24,14,10,0.583,1152.0,0.533,0.283,0.154,0.271,0.501,0.232,0.139,0.287,1,2,16,3,1,7,9,11,10,2,2,10,10,2021-22
1610612751,Brooklyn Nets,4,0,4,0.0,192.0,0.577,0.33,0.161,0.29,0.562,0.27,0.147,0.358,16,16,1,16,16,1,4,13,5,13,10,6,16,2021-22
1610612741,Chicago Bulls,5,1,4,0.2,240.0,0.461,0.16,0.129,0.185,0.553,0.247,0.152,0.224,13,13,1,13,13,16,16,4,16,12,4,5,3,2021-22
1610612742,Dallas Mavericks,18,9,9,0.5,864.0,0.546,0.289,0.109,0.207,0.539,0.268,0.143,0.294,3,4,15,6,3,4,8,2,15,9,8,7,11,2021-22
1610612743,Denver Nuggets,5,1,4,0.2,240.0,0.543,0.304,0.17,0.339,0.608,0.328,0.134,0.245,13,13,1,13,13,6,5,14,2,16,15,12,5,2021-22
1610612744,Golden State Warriors,22,16,6,0.727,1056.0,0.561,0.23,0.149,0.283,0.522,0.27,0.142,0.269,2,1,10,1,2,2,14,9,7,6,9,8,7,2021-22
1610612763,Memphis Grizzlies,12,6,6,0.5,576.0,0.507,0.297,0.137,0.29,0.53,0.263,0.174,0.275,6,7,10,6,7,12,6,5,4,7,7,1,8,2021-22
1610612748,Miami Heat,18,11,7,0.611,864.0,0.509,0.253,0.138,0.303,0.52,0.308,0.165,0.252,3,3,14,2,3,11,11,6,3,5,13,2,6,2021-22
1610612749,Milwaukee Bucks,12,7,5,0.583,576.0,0.498,0.236,0.138,0.264,0.499,0.208,0.13,0.196,6,5,9,3,7,14,13,7,11,1,1,13,1,2021-22
1610612750,Minnesota Timberwolves,6,2,4,0.333,288.0,0.527,0.341,0.171,0.234,0.519,0.368,0.156,0.312,9,9,1,9,10,8,2,15,14,4,16,3,14,2021-22
1610612740,New Orleans Pelicans,6,2,4,0.333,288.0,0.518,0.342,0.153,0.387,0.575,0.239,0.116,0.23,9,9,1,9,10,9,1,10,1,14,3,15,4,2021-22
1610612755,Philadelphia 76ers,12,6,6,0.5,581.0,0.545,0.29,0.158,0.259,0.512,0.257,0.125,0.298,6,7,10,6,6,5,7,12,12,3,6,14,12,2021-22
1610612756,Phoenix Suns,13,7,6,0.538,624.0,0.557,0.229,0.142,0.278,0.539,0.306,0.138,0.314,5,5,10,5,5,3,15,8,8,8,12,11,15,2021-22
1610612761,Toronto Raptors,6,2,4,0.333,293.0,0.503,0.244,0.106,0.272,0.576,0.324,0.155,0.286,9,9,1,9,9,13,12,1,9,15,14,4,9,2021-22
1610612762,Utah Jazz,6,2,4,0.333,288.0,0.495,0.335,0.128,0.284,0.54,0.275,0.095,0.196,9,9,1,9,10,15,3,3,6,10,11,16,2,2021-22
1610612737,Atlanta Hawks,6,2,4,0.333,288.0,0.529,0.176,0.127,0.297,0.6,0.183,0.126,0.236,10,10,1,10,11,6,16,5,6,15,2,10,3,2022-23
1610612738,Boston Celtics,20,11,9,0.55,965.0,0.56,0.234,0.129,0.266,0.527,0.218,0.128,0.284,1,3,16,4,1,2,10,7,13,6,4,9,5,2022-23
1610612751,Brooklyn Nets,4,0,4,0.0,192.0,0.513,0.236,0.136,0.173,0.529,0.178,0.146,0.368,16,16,1,16,16,11,9,10,16,8,1,2,15,2022-23
1610612739,Cleveland Cavaliers,5,1,4,0.2,240.0,0.513,0.237,0.171,0.276,0.48,0.303,0.164,0.394,12,12,1,12,14,12,8,16,9,1,15,1,16,2022-23
1610612743,Denver Nuggets,17,13,4,0.765,821.0,0.561,0.251,0.119,0.298,0.53,0.251,0.118,0.236,3,1,1,1,3,1,7,1,5,9,9,16,4,2022-23
1610612744,Golden State Warriors,13,6,7,0.462,624.0,0.525,0.21,0.141,0.304,0.511,0.287,0.124,0.292,5,6,13,8,5,10,14,14,4,3,14,13,8,2022-23
1610612746,LA Clippers,5,1,4,0.2,240.0,0.529,0.298,0.141,0.323,0.57,0.333,0.122,0.318,12,12,1,12,14,8,2,13,3,14,16,15,13,2022-23
1610612747,Los Angeles Lakers,16,8,8,0.5,773.0,0.529,0.285,0.12,0.261,0.513,0.184,0.131,0.291,4,4,15,7,4,6,4,2,14,4,3,8,7,2022-23
1610612763,Memphis Grizzlies,6,2,4,0.333,293.0,0.465,0.201,0.128,0.281,0.523,0.239,0.145,0.304,10,10,1,10,10,16,15,6,8,5,6,3,11,2022-23
1610612748,Miami Heat,20,13,7,0.65,965.0,0.546,0.231,0.127,0.275,0.534,0.281,0.143,0.289,1,1,13,2,1,5,12,4,10,10,13,4,6,2022-23
1610612749,Milwaukee Bucks,5,1,4,0.2,245.0,0.559,0.231,0.138,0.273,0.605,0.229,0.142,0.213,12,12,1,12,12,3,11,12,11,16,5,5,1,2022-23
1610612750,Minnesota Timberwolves,5,1,4,0.2,245.0,0.525,0.293,0.133,0.229,0.552,0.248,0.123,0.307,12,12,1,12,12,9,3,9,15,13,8,14,12,2022-23
1610612752,New York Knicks,11,6,5,0.545,528.0,0.492,0.329,0.158,0.348,0.502,0.26,0.139,0.293,6,6,11,5,7,15,1,15,1,2,10,7,9,2022-23
1610612755,Philadelphia 76ers,11,7,4,0.636,533.0,0.51,0.227,0.133,0.296,0.54,0.245,0.125,0.234,6,5,1,3,6,13,13,8,7,11,7,12,2,2022-23
1610612756,Phoenix Suns,11,6,5,0.545,528.0,0.55,0.269,0.123,0.27,0.543,0.279,0.126,0.319,6,6,11,5,7,4,5,3,12,12,12,11,14,2022-23
1610612758,Sacramento Kings,7,3,4,0.429,336.0,0.493,0.269,0.136,0.339,0.527,0.273,0.139,0.3,9,9,1,9,9,14,6,11,2,7,11,6,10,2022-23
