TEAM_ID,TEAM_NAME,GP,W,L,W_PCT,MIN,FGM,FGA,FG_PCT,FG3M,FG3A,FG3_PCT,FTM,FTA,FT_PCT,OREB,DREB,REB,AST,TOV,STL,BLK,BLKA,PF,PFD,PTS,PLUS_MINUS,GP_RANK,W_RANK,L_RANK,W_PCT_RANK,MIN_RANK,FGM_RANK,FGA_RANK,FG_PCT_RANK,FG3M_RANK,FG3A_RANK,FG3_PCT_RANK,FTM_RANK,FTA_RANK,FT_PCT_RANK,OREB_RANK,DREB_RANK,REB_RANK,AST_RANK,TOV_RANK,STL_RANK,BLK_RANK,BLKA_RANK,PF_RANK,PFD_RANK,PTS_RANK,PLUS_MINUS_RANK,SEASON
1610612737,Atlanta Hawks,10,4,6,0.4,48.0,30.9,70.8,0.436,6.9,21.9,0.315,20.3,26.1,0.778,11.0,29.0,40.0,15.4,16.1,4.5,4.3,3.5,20.0,9.9,89.0,-2.9,6,7,12,8,6,14,16,10,5,4,15,8,10,5,11,6,7,14,13,16,10,2,2,12,13,9,1996-97
1610612766,Charlotte Hornets,3,0,3,0.0,48.0,36.3,80.3,0.452,6.3,17.0,0.373,16.7,20.7,0.806,12.7,24.3,37.0,18.3,13.3,6.7,3.0,3.3,21.0,12.0,95.7,-8.7,13,13,1,13,6,3,4,4,6,9,4,14,14,2,4,13,12,10,6,11,15,1,4,6,6,13,1996-97
1610612741,Chicago Bulls,19,15,4,0.789,48.0,34.7,80.2,0.432,6.1,19.2,0.319,17.1,23.2,0.735,14.9,28.6,43.5,20.7,12.4,8.5,4.8,4.2,24.3,6.4,92.5,5.5,2,1,9,1,6,5,5,13,8,6,14,13,12,13,1,8,1,7,5,3,7,5,11,16,9,1,1996-97
1610612765,Detroit Pistons,5,2,3,0.4,48.0,32.4,74.8,0.433,5.6,17.0,0.329,15.2,19.8,0.768,8.6,23.2,31.8,13.6,9.6,7.0,2.4,4.6,20.2,10.8,85.6,-2.0,9,9,1,8,6,12,8,12,11,9,11,15,15,7,16,15,16,15,2,8,16,9,3,8,15,8,1996-97
1610612745,Houston Rockets,16,9,7,0.563,48.3,35.3,77.1,0.458,8.9,24.5,0.362,21.8,28.4,0.767,12.3,29.3,41.5,23.1,15.2,7.7,4.4,4.2,21.9,9.8,101.3,1.8,4,3,14,4,4,4,6,3,2,2,7,5,6,8,5,5,4,3,10,5,8,6,5,13,2,4,1996-97
1610612746,Los Angeles Clippers,3,0,3,0.0,48.0,32.7,75.0,0.436,6.0,18.0,0.333,21.0,28.7,0.733,10.3,23.0,33.3,16.3,12.0,6.7,4.3,5.3,29.0,18.3,92.3,-12.7,13,13,1,13,6,11,7,11,9,7,10,7,4,14,12,16,15,13,3,11,9,13,16,1,10,16,1996-97
1610612747,Los Angeles Lakers,9,4,5,0.444,48.6,32.2,72.1,0.447,4.9,15.2,0.321,25.9,35.0,0.74,11.2,27.7,38.9,20.6,13.3,6.8,6.1,5.3,26.8,10.7,95.2,1.1,8,7,11,7,3,13,14,8,14,13,13,1,1,12,9,10,9,8,6,9,2,13,14,9,7,6,1996-97
1610612748,Miami Heat,17,8,9,0.471,48.0,29.5,72.1,0.409,8.4,23.8,0.351,18.5,26.8,0.692,11.1,30.2,41.3,17.2,16.2,6.7,5.1,4.4,22.6,9.2,85.9,0.2,3,4,16,6,6,16,13,15,3,3,9,11,9,16,10,3,5,11,15,10,5,8,7,14,14,7,1996-97
1610612750,Minnesota Timberwolves,3,0,3,0.0,48.0,40.0,88.7,0.451,6.3,16.7,0.38,13.3,18.0,0.741,14.0,24.7,38.7,24.0,9.3,7.7,4.0,4.0,23.3,14.0,99.7,-11.3,13,13,1,13,6,1,1,6,6,12,3,16,16,11,2,12,10,1,1,6,13,3,8,3,4,14,1996-97
1610612752,New York Knicks,10,6,4,0.6,48.0,34.3,73.5,0.467,5.5,14.8,0.372,17.1,22.2,0.77,9.7,29.8,39.5,21.1,15.7,8.7,3.5,4.9,23.4,11.5,91.2,1.7,6,5,9,3,6,7,10,2,12,14,5,12,13,6,14,4,8,6,12,2,14,11,9,7,11,5,1996-97
1610612753,Orlando Magic,5,2,3,0.4,48.0,29.8,73.0,0.408,5.8,18.0,0.322,18.8,25.2,0.746,9.6,28.0,37.6,13.2,12.4,6.4,5.2,5.6,19.0,10.0,84.2,-7.8,9,9,1,8,6,15,11,16,10,7,12,10,11,10,15,9,11,16,4,13,3,15,1,11,16,12,1996-97
1610612756,Phoenix Suns,5,2,3,0.4,49.0,34.4,82.6,0.416,10.2,29.0,0.352,21.2,27.8,0.763,10.0,30.4,40.4,22.8,16.2,8.2,5.2,4.8,22.0,13.4,100.2,-12.6,9,9,1,8,1,6,3,14,1,1,8,6,7,9,13,1,6,4,14,4,3,10,6,4,3,15,1996-97
1610612757,Portland Trail Blazers,4,1,3,0.25,48.0,32.8,73.0,0.449,4.5,17.0,0.265,19.8,27.3,0.725,11.8,25.3,37.0,19.8,15.5,5.5,4.3,5.3,28.8,12.5,89.8,-7.0,12,12,1,12,6,10,11,7,15,9,16,9,8,15,6,11,12,9,11,14,11,12,15,5,12,11,1996-97
1610612760,Seattle SuperSonics,12,6,6,0.5,48.8,36.8,82.8,0.444,8.3,21.8,0.383,23.3,28.5,0.816,13.9,28.8,42.8,23.4,13.6,10.2,4.1,4.1,23.5,10.4,105.1,4.5,5,5,12,5,2,2,2,9,4,5,2,3,5,1,3,7,2,2,9,1,12,4,10,10,1,2,1996-97
1610612762,Utah Jazz,20,13,7,0.65,48.3,33.7,74.5,0.452,5.0,13.5,0.367,23.9,30.4,0.785,11.4,30.4,41.8,21.8,13.4,7.4,4.9,5.7,24.8,7.4,96.1,3.3,1,2,14,2,5,9,9,5,13,15,6,2,2,3,7,2,3,5,8,7,6,16,12,15,5,3,1996-97
1610612764,Washington Bullets,3,0,3,0.0,48.0,34.0,71.7,0.474,4.3,10.3,0.419,22.7,29.0,0.782,11.3,24.3,35.7,17.0,18.7,4.7,6.3,4.3,25.7,16.7,95.0,-6.0,13,13,1,13,6,8,15,1,16,16,1,4,3,4,8,13,14,12,16,15,1,7,13,2,8,10,1996-97
1610612737,Atlanta Hawks,4,1,3,0.25,48.0,32.8,73.0,0.449,6.8,18.0,0.375,15.3,22.3,0.685,11.0,29.0,40.0,17.0,12.8,7.8,4.8,2.8,23.5,0.0,87.5,1.5,12,12,1,12,7,11,11,9,3,5,4,14,13,13,9,5,7,13,4,6,7,2,5,13,12,5,1997-98
1610612766,Charlotte Hornets,9,4,5,0.444,48.0,33.1,72.9,0.454,3.6,11.1,0.32,13.0,19.0,0.684,9.1,27.0,36.1,21.2,14.1,6.4,2.8,4.4,21.6,0.3,82.8,-6.0,7,5,9,5,7,10,12,7,13,13,12,16,16,14,15,9,14,6,10,15,15,9,1,3,15,12,1997-98
1610612741,Chicago Bulls,21,15,6,0.714,48.5,34.1,76.7,0.445,4.2,13.0,0.324,20.7,28.1,0.734,14.0,27.0,41.0,20.5,12.6,9.0,4.5,3.1,22.8,0.2,93.1,7.0,1,1,11,1,5,6,6,10,11,10,11,7,8,8,1,11,4,7,2,1,8,3,4,7,5,1,1997-98
1610612739,Cleveland Cavaliers,4,1,3,0.25,48.0,26.8,61.5,0.435,1.8,6.0,0.292,25.5,35.3,0.723,10.0,24.5,34.5,18.5,18.3,8.5,3.0,7.8,23.8,0.3,80.8,-8.0,12,12,1,12,7,16,16,12,16,16,15,1,2,10,12,16,16,11,16,4,14,15,7,6,16,16,1997-98
1610612745,Houston Rockets,5,2,3,0.4,48.0,29.0,75.4,0.385,4.8,18.6,0.258,21.8,29.8,0.732,11.2,31.2,42.4,16.2,13.0,7.2,5.0,5.8,23.8,0.2,84.6,-6.8,9,9,1,7,7,15,7,16,9,4,16,5,4,9,8,2,2,16,6,9,4,12,8,10,14,13,1997-98
1610612754,Indiana Pacers,16,10,6,0.625,48.3,32.0,69.6,0.46,5.4,14.5,0.375,22.3,29.4,0.76,9.3,26.0,35.3,19.1,14.6,7.2,4.9,3.6,24.8,0.2,91.8,2.3,3,3,11,3,6,13,15,4,7,8,4,3,6,4,14,14,15,9,13,10,5,4,10,12,8,3,1997-98
1610612747,Los Angeles Lakers,13,7,6,0.538,48.0,35.6,75.1,0.474,6.0,17.5,0.344,23.0,35.4,0.65,13.4,26.7,40.1,22.7,12.9,7.4,7.8,5.8,24.6,0.2,100.2,1.2,4,4,11,4,7,4,8,1,5,6,9,2,1,16,4,12,6,3,5,8,1,11,9,8,1,6,1997-98
1610612748,Miami Heat,5,2,3,0.4,48.0,30.0,69.6,0.431,7.2,20.0,0.36,20.2,29.6,0.682,8.2,28.6,36.8,16.4,13.6,6.8,3.8,1.4,25.4,0.4,87.4,-2.2,9,9,1,7,7,14,14,14,2,1,6,8,5,15,16,6,13,15,8,13,11,1,12,2,13,7,1997-98
1610612750,Minnesota Timberwolves,5,2,3,0.4,48.0,33.2,79.8,0.416,7.4,19.6,0.378,16.4,20.4,0.804,13.6,25.8,39.4,23.2,14.0,7.4,3.6,3.8,22.6,0.6,90.2,-5.8,9,9,1,7,7,9,2,15,1,2,2,13,15,1,3,15,10,2,9,7,12,5,3,1,9,11,1997-98
1610612751,New Jersey Nets,3,0,3,0.0,49.7,37.0,78.7,0.47,2.3,7.3,0.318,18.7,24.7,0.757,12.3,27.0,39.3,16.7,13.3,7.0,3.3,4.3,26.0,0.0,95.0,-7.7,16,16,1,16,1,1,4,2,15,15,13,11,11,5,6,9,11,14,7,11,13,7,13,13,4,15,1997-98
1610612752,New York Knicks,10,4,6,0.4,48.5,32.2,73.8,0.436,5.3,13.6,0.39,18.9,24.7,0.765,10.5,29.2,39.7,18.8,16.1,8.6,2.0,4.1,26.8,0.2,88.6,-2.2,5,5,11,7,3,12,9,11,8,9,1,10,10,3,11,4,9,10,14,3,16,6,15,10,11,7,1997-98
1610612756,Phoenix Suns,4,1,3,0.25,48.0,37.0,85.3,0.434,4.3,12.8,0.333,14.8,21.3,0.694,12.0,28.5,40.5,19.8,11.0,8.5,4.0,7.3,25.0,0.0,93.0,-7.5,12,12,1,12,7,1,1,13,10,12,10,15,14,11,7,7,5,8,1,4,10,14,11,13,6,14,1997-98
1610612757,Portland Trail Blazers,4,1,3,0.25,48.0,36.0,79.5,0.453,5.8,15.3,0.377,22.0,28.5,0.772,14.0,27.8,41.8,24.0,16.3,7.0,5.3,8.5,29.8,0.0,99.8,-4.3,12,12,1,12,7,3,3,8,6,7,3,4,7,2,1,8,3,1,15,11,3,16,16,13,2,10,1997-98
1610612759,San Antonio Spurs,9,4,5,0.444,48.6,33.3,72.1,0.462,3.9,12.9,0.302,21.2,30.8,0.69,11.0,32.6,43.6,17.3,14.4,5.7,7.0,4.3,22.1,0.2,91.8,3.2,7,5,9,5,2,8,13,3,12,11,14,6,3,12,9,1,1,12,12,16,2,7,2,9,7,2,1997-98
1610612760,Seattle SuperSonics,10,4,6,0.4,48.0,35.6,78.3,0.455,6.6,19.2,0.344,17.4,23.1,0.753,12.7,26.1,38.8,22.0,12.7,8.7,4.3,6.2,23.5,0.3,95.2,-2.4,5,5,11,7,7,5,5,6,4,3,8,12,12,6,5,13,12,5,3,2,9,13,5,4,3,9,1997-98
1610612762,Utah Jazz,20,13,7,0.65,48.5,33.4,73.4,0.455,3.3,9.4,0.353,19.0,25.5,0.745,9.7,30.1,39.8,22.3,14.4,6.5,4.9,5.5,26.0,0.3,89.0,2.1,2,2,16,2,3,7,10,5,14,14,7,9,9,7,13,3,8,4,11,14,6,10,13,4,10,4,1997-98
1610612737,Atlanta Hawks,9,3,6,0.333,48.0,28.6,74.6,0.383,4.8,15.3,0.312,17.8,23.1,0.769,12.0,26.9,38.9,13.9,14.3,8.1,4.0,2.9,19.4,0.4,79.7,-2.8,6,6,13,11,5,14,10,15,7,8,9,12,13,3,7,13,11,16,9,6,12,1,1,3,14,8,1998-99
1610612765,Detroit Pistons,5,2,3,0.4,48.0,32.2,75.0,0.429,3.4,9.4,0.362,11.4,14.4,0.792,11.2,24.0,35.2,17.8,11.8,7.2,1.8,4.6,22.6,0.2,79.2,-3.0,9,9,2,6,5,9,7,7,12,15,4,16,16,1,9,15,15,13,1,12,16,8,4,11,15,10,1998-99
1610612745,Houston Rockets,4,1,3,0.25,48.0,33.8,81.3,0.415,7.8,21.3,0.365,21.8,28.5,0.763,13.3,32.5,45.8,20.5,13.3,7.5,4.5,8.5,26.0,0.0,97.0,-2.3,12,12,2,12,5,5,2,11,1,3,2,4,5,5,4,1,1,5,3,10,8,16,13,13,1,7,1998-99
1610612754,Indiana Pacers,13,9,4,0.692,48.4,32.8,74.2,0.441,6.5,18.0,0.363,21.5,28.2,0.763,11.6,29.8,41.5,20.7,15.8,6.6,5.2,4.5,25.9,0.2,93.6,3.6,3,3,10,2,4,6,12,4,4,6,3,6,8,6,8,4,5,4,13,15,4,7,12,10,4,2,1998-99
1610612747,Los Angeles Lakers,8,3,5,0.375,48.0,35.3,79.6,0.443,4.8,15.6,0.304,18.8,29.3,0.641,12.1,28.3,40.4,19.5,14.0,6.6,6.4,4.1,25.3,0.3,94.0,-2.9,7,6,11,9,5,1,5,3,8,7,11,10,4,16,6,9,7,8,6,14,1,5,9,6,3,9,1998-99
1610612748,Miami Heat,5,2,3,0.4,48.0,27.2,68.0,0.4,5.6,18.6,0.301,19.0,27.0,0.704,8.2,27.4,35.6,16.4,12.6,7.2,4.4,3.0,20.6,0.2,79.0,-4.0,9,9,2,6,5,16,16,13,6,5,13,9,9,15,16,11,14,14,2,12,9,2,2,11,16,11,1998-99
1610612749,Milwaukee Bucks,3,0,3,0.0,49.7,34.0,75.0,0.453,4.7,14.0,0.333,22.7,29.3,0.773,11.0,27.0,38.0,20.0,16.3,8.3,5.0,5.0,30.0,1.0,95.3,-10.3,15,15,2,15,2,4,7,1,9,9,7,3,3,2,11,12,13,6,14,5,6,11,16,1,2,15,1998-99
1610612750,Minnesota Timberwolves,4,1,3,0.25,48.0,32.0,80.8,0.396,2.5,8.0,0.313,14.0,18.3,0.767,14.3,29.3,43.5,18.8,14.5,6.5,6.0,5.8,24.0,0.3,80.5,-6.3,12,12,2,12,5,10,3,14,15,16,8,15,15,4,3,5,3,10,10,16,2,14,8,6,13,13,1998-99
1610612752,New York Knicks,20,12,8,0.6,48.0,31.9,74.3,0.429,3.2,11.4,0.281,18.1,23.9,0.757,10.2,29.1,39.3,15.0,13.4,7.6,3.9,4.6,25.5,0.3,85.0,2.0,1,2,16,3,5,11,11,8,13,11,14,11,12,8,13,6,10,15,5,9,13,8,10,6,12,3,1998-99
1610612753,Orlando Magic,4,1,3,0.25,48.0,27.8,73.8,0.376,6.8,21.8,0.31,24.0,32.3,0.744,14.5,25.0,39.5,19.8,19.0,9.0,3.8,6.8,23.5,0.0,86.3,-6.3,12,12,2,12,5,15,13,16,3,2,10,1,1,10,2,14,9,7,16,4,14,15,5,13,10,13,1998-99
1610612755,Philadelphia 76ers,8,3,5,0.375,48.0,34.6,82.1,0.422,2.5,10.5,0.238,17.5,24.5,0.714,16.9,27.5,44.4,19.0,13.3,10.4,5.1,4.9,25.5,0.0,89.3,0.5,7,6,11,9,5,3,1,10,15,13,16,13,11,14,1,10,2,9,3,2,5,10,11,13,7,5,1998-99
1610612756,Phoenix Suns,3,0,3,0.0,48.0,34.7,80.7,0.43,7.0,18.7,0.375,16.0,21.7,0.738,10.3,22.7,33.0,22.3,14.0,10.3,2.3,5.7,29.0,0.0,92.3,-10.3,15,15,2,15,5,2,4,6,2,4,1,14,14,13,12,16,16,1,6,3,15,13,15,13,5,15,1998-99
1610612757,Portland Trail Blazers,13,7,6,0.538,48.0,29.4,69.4,0.424,3.8,11.1,0.34,23.6,31.4,0.752,9.8,28.9,38.8,18.2,14.1,7.7,4.2,5.5,23.9,0.3,86.2,-0.5,3,4,13,4,5,13,15,9,11,12,6,2,2,9,14,7,12,11,8,8,11,12,7,5,11,6,1998-99
1610612758,Sacramento Kings,5,2,3,0.4,50.0,32.4,79.6,0.407,6.2,22.2,0.279,19.6,26.4,0.742,12.8,28.6,41.4,18.2,17.8,10.6,4.4,4.0,23.8,0.4,90.6,-4.8,9,9,2,6,1,7,6,12,5,1,15,8,10,11,5,8,6,12,15,1,9,3,6,4,6,12,1998-99
1610612759,San Antonio Spurs,17,15,2,0.882,48.0,31.6,70.1,0.451,4.1,11.8,0.35,21.1,28.5,0.742,9.8,30.4,40.2,21.3,14.9,7.3,5.8,4.3,21.8,0.2,88.4,7.2,2,1,1,1,5,12,14,2,10,10,5,7,6,12,15,3,8,3,11,11,3,6,3,9,9,1,1998-99
1610612762,Utah Jazz,11,5,6,0.455,48.9,32.4,75.0,0.432,2.9,9.6,0.302,21.5,28.3,0.762,11.2,31.5,42.6,22.0,15.5,7.7,4.7,4.1,27.1,0.5,89.2,1.8,5,5,13,5,3,8,7,5,14,14,12,5,7,7,10,2,4,2,12,7,7,4,14,2,8,4,1998-99
1610612766,Charlotte Hornets,4,1,3,0.25,49.3,32.3,75.0,0.43,4.5,15.0,0.3,22.3,27.0,0.824,13.5,30.5,44.0,22.8,15.5,8.3,5.8,6.0,22.0,1.0,91.3,-2.8,12,12,1,12,1,11,10,9,9,7,13,3,7,2,2,5,3,3,14,3,4,11,3,16,8,11,1999-00
1610612765,Detroit Pistons,3,0,3,0.0,48.0,28.0,69.3,0.404,4.3,11.7,0.371,19.3,27.0,0.716,6.0,28.3,34.3,14.7,17.0,6.0,1.7,7.3,24.7,5.7,79.7,-10.3,15,15,1,15,7,15,16,14,11,12,7,9,7,12,16,15,16,15,16,14,16,15,9,1,16,16,1999-00
1610612754,Indiana Pacers,23,13,10,0.565,48.2,35.0,78.9,0.443,7.1,18.8,0.379,21.0,25.4,0.827,10.1,30.4,40.5,20.3,11.6,5.4,4.7,4.4,23.4,1.7,98.1,2.7,1,2,16,4,5,3,7,6,1,1,4,7,9,1,13,6,11,7,1,16,8,7,7,12,2,2,1999-00
1610612747,Los Angeles Lakers,23,15,8,0.652,48.2,37.3,80.4,0.465,5.4,15.4,0.349,19.7,31.6,0.623,13.2,30.1,43.3,21.8,12.1,6.6,6.1,3.7,25.3,2.1,99.8,2.3,1,1,15,1,6,2,4,1,5,6,8,8,1,16,4,8,5,4,6,11,3,3,13,6,1,4,1999-00
1610612748,Miami Heat,10,6,4,0.6,48.5,30.9,73.7,0.419,4.7,14.9,0.315,16.7,24.2,0.69,10.5,32.9,43.4,19.1,13.9,7.2,5.1,3.3,26.0,2.0,83.2,2.5,5,5,9,3,2,13,13,11,6,8,10,13,10,15,10,2,4,10,9,7,7,1,14,7,14,3,1999-00
1610612749,Milwaukee Bucks,5,2,3,0.4,48.0,37.8,82.6,0.458,3.6,11.6,0.31,16.8,22.0,0.764,11.4,31.4,42.8,20.6,11.8,6.6,5.6,3.4,25.0,2.2,96.0,1.8,9,9,1,8,7,1,1,2,14,13,11,12,15,6,9,3,6,6,4,10,5,2,10,5,4,5,1999-00
1610612750,Minnesota Timberwolves,4,1,3,0.25,48.0,34.3,76.5,0.448,3.0,9.8,0.308,13.8,17.5,0.786,10.3,24.8,35.0,23.5,11.8,6.0,4.0,3.8,23.8,2.3,85.3,-2.0,12,12,1,12,7,5,8,3,15,16,12,16,16,3,12,16,15,2,2,14,12,4,8,4,11,10,1999-00
1610612752,New York Knicks,16,9,7,0.563,48.3,31.2,72.4,0.431,4.5,11.4,0.393,17.6,23.0,0.764,8.1,30.4,38.4,14.6,11.8,6.5,4.1,4.3,22.9,2.0,84.4,-1.1,3,4,14,5,4,12,15,8,9,14,2,10,13,7,15,7,13,16,2,12,11,6,6,7,12,6,1999-00
1610612755,Philadelphia 76ers,10,5,5,0.5,48.5,34.2,80.0,0.428,3.9,12.3,0.317,21.9,29.5,0.742,13.5,28.9,42.4,19.1,12.7,6.5,4.5,6.1,22.6,1.9,94.2,-1.3,5,6,10,6,2,6,5,10,13,10,9,6,5,9,2,12,8,10,8,12,9,12,5,10,5,9,1999-00
1610612756,Phoenix Suns,9,4,5,0.444,48.0,33.4,82.2,0.407,4.7,16.8,0.278,15.8,22.6,0.7,13.9,31.0,44.9,21.0,15.2,8.1,6.2,6.9,27.4,1.9,87.3,-3.7,8,7,10,7,16,8,2,13,7,3,14,15,14,14,1,4,2,5,13,5,2,14,16,11,10,12,1999-00
1610612757,Portland Trail Blazers,16,10,6,0.625,48.0,32.4,73.1,0.444,5.4,14.6,0.372,22.2,28.3,0.785,9.8,28.4,38.2,19.3,12.7,7.4,3.8,5.4,25.2,1.6,92.5,4.8,3,3,12,2,15,10,14,5,4,9,6,5,6,4,14,14,14,9,7,6,13,9,12,13,7,1,1999-00
1610612758,Sacramento Kings,5,2,3,0.4,48.0,33.6,81.0,0.415,6.6,17.4,0.379,22.6,30.0,0.753,11.8,29.4,41.2,16.6,12.0,6.8,3.6,6.4,22.0,1.2,96.4,-8.0,9,9,1,8,7,7,3,12,3,2,3,2,4,8,8,11,9,13,5,9,14,13,3,15,3,15,1999-00
1610612759,San Antonio Spurs,4,1,3,0.25,48.0,28.3,76.0,0.372,3.0,11.0,0.273,22.3,30.5,0.73,12.3,34.0,46.3,15.0,16.3,8.5,7.5,9.8,20.8,2.5,81.8,-1.3,12,12,1,12,7,14,9,16,15,15,16,3,3,11,7,1,1,14,15,2,1,16,1,3,15,8,1999-00
1610612760,Seattle SuperSonics,5,2,3,0.4,48.0,34.8,79.6,0.437,7.0,16.4,0.427,16.6,23.2,0.716,12.4,28.6,41.0,19.8,14.6,8.2,3.4,5.8,21.8,2.0,93.2,-1.2,9,9,1,8,7,4,6,7,2,4,1,14,12,13,6,13,10,8,11,4,15,10,2,7,6,7,1999-00
1610612761,Toronto Raptors,3,0,3,0.0,48.0,27.7,74.0,0.374,4.3,15.7,0.277,24.0,31.0,0.774,13.0,29.7,42.7,19.0,14.3,9.0,4.3,5.0,26.0,1.3,83.7,-4.0,15,15,1,15,7,16,12,15,11,5,15,1,2,5,5,10,7,12,10,1,10,8,14,14,13,13,1999-00
1610612762,Utah Jazz,10,4,6,0.4,48.0,33.1,74.6,0.444,4.6,12.3,0.374,17.5,23.7,0.738,10.3,30.0,40.3,23.6,14.9,6.9,5.4,3.8,25.0,2.6,88.3,-4.9,5,7,12,8,7,9,11,4,8,10,5,11,11,10,11,9,12,1,12,8,6,5,10,2,9,14,1999-00
1610612766,Charlotte Hornets,10,6,4,0.6,48.0,33.9,78.1,0.434,4.4,12.0,0.367,23.5,31.4,0.748,13.2,29.9,43.1,19.7,12.1,8.6,4.6,6.9,20.9,0.2,95.7,6.3,6,5,10,2,5,8,11,7,11,12,5,1,1,11,6,8,8,9,3,3,14,16,3,6,4,2,2000-01
1610612742,Dallas Mavericks,10,4,6,0.4,48.0,32.2,80.8,0.399,6.1,17.2,0.355,21.7,25.6,0.848,12.2,28.8,41.0,17.0,11.6,5.9,5.5,5.3,23.4,0.3,92.2,-3.7,6,7,12,7,5,13,7,13,5,5,7,3,8,1,9,11,11,12,2,12,8,9,7,3,7,9,2000-01
1610612754,Indiana Pacers,4,1,3,0.25,48.0,32.8,82.3,0.398,6.3,18.3,0.342,15.5,18.8,0.827,11.8,28.0,39.8,20.8,12.5,4.8,4.5,5.8,23.5,0.0,87.3,-6.3,11,11,2,11,5,12,4,14,3,3,9,15,16,2,11,13,12,7,6,16,15,13,8,10,14,12,2000-01
1610612747,Los Angeles Lakers,16,15,1,0.938,48.3,38.3,81.8,0.468,6.1,15.9,0.386,20.8,30.7,0.676,14.3,33.9,48.2,22.8,14.0,9.2,5.8,5.8,22.7,0.0,103.4,12.8,3,1,1,1,2,2,5,2,4,8,3,4,2,16,2,1,1,2,12,2,5,13,6,10,1,1,2000-01
1610612748,Miami Heat,3,0,3,0.0,48.0,29.7,72.3,0.41,5.3,16.7,0.32,13.7,19.3,0.707,7.3,27.7,35.0,16.7,18.7,5.0,5.0,4.0,25.3,0.3,78.3,-22.3,15,15,2,15,5,16,15,11,8,7,13,16,15,14,16,15,16,14,16,15,11,2,14,2,16,16,2000-01
1610612749,Milwaukee Bucks,18,10,8,0.556,48.3,35.0,80.6,0.434,6.7,17.6,0.383,18.9,23.7,0.8,12.8,31.9,44.8,21.9,13.0,5.9,6.8,4.8,23.8,0.2,95.7,1.4,2,3,15,3,3,4,8,6,2,4,4,9,10,5,7,4,3,5,8,13,1,4,10,7,5,3,2000-01
1610612750,Minnesota Timberwolves,4,1,3,0.25,48.0,30.8,79.5,0.387,3.0,10.0,0.3,17.5,21.5,0.814,11.0,31.5,42.5,18.5,12.8,7.5,5.8,4.5,24.3,0.0,82.0,-6.5,11,11,2,11,5,15,9,15,16,16,14,11,13,4,12,5,9,11,7,8,5,3,12,10,15,13,2000-01
1610612752,New York Knicks,5,2,3,0.4,48.0,33.4,71.4,0.468,4.0,11.8,0.339,18.2,23.4,0.778,7.8,28.6,36.4,15.6,14.6,6.2,3.8,5.2,24.2,0.4,89.0,-3.2,9,9,2,7,5,9,16,1,13,13,10,10,11,6,15,12,15,16,13,10,16,6,11,1,11,8,2000-01
1610612753,Orlando Magic,4,1,3,0.25,49.3,39.0,89.8,0.435,8.0,20.5,0.39,16.8,24.5,0.684,13.5,30.3,43.8,22.0,11.3,8.0,6.3,5.3,26.5,0.3,102.8,-5.8,11,11,2,11,1,1,1,5,1,1,2,12,9,15,4,7,6,4,1,6,2,7,15,4,2,11,2000-01
1610612755,Philadelphia 76ers,23,12,11,0.522,48.2,34.0,80.8,0.421,3.8,11.4,0.336,20.4,26.9,0.761,14.1,29.7,43.9,20.0,12.4,8.0,4.9,6.8,20.7,0.0,92.3,-0.1,1,2,16,5,4,6,6,9,14,14,11,5,4,8,3,9,5,8,5,5,12,15,1,9,6,6,2000-01
1610612756,Phoenix Suns,4,1,3,0.25,48.0,34.0,89.5,0.38,4.3,17.0,0.25,16.3,22.8,0.714,13.5,30.8,44.3,21.3,13.8,9.8,5.8,5.3,23.5,0.0,88.5,-9.5,11,11,2,11,5,7,2,16,12,6,16,13,12,13,4,6,4,6,10,1,5,7,8,10,13,14,2000-01
1610612757,Portland Trail Blazers,3,0,3,0.0,48.0,32.0,76.3,0.419,5.3,20.3,0.262,19.7,26.0,0.756,9.7,28.0,37.7,16.3,15.0,6.3,4.7,2.0,21.3,0.0,89.0,-14.7,15,15,2,15,5,14,13,10,8,2,15,7,6,9,14,13,14,15,14,9,13,1,4,10,11,15,2000-01
1610612758,Sacramento Kings,8,3,5,0.375,48.0,34.6,86.0,0.403,5.0,14.3,0.351,23.4,28.6,0.817,15.1,32.5,47.6,16.8,16.6,8.1,5.3,5.6,24.3,0.0,97.6,0.1,8,8,11,10,5,5,3,12,10,11,8,2,3,3,1,3,2,13,15,4,9,12,12,10,3,5,2000-01
1610612759,San Antonio Spurs,13,7,6,0.538,48.0,33.4,76.1,0.439,5.5,15.2,0.364,19.2,26.8,0.716,10.7,32.9,43.6,19.6,13.9,6.1,6.0,5.5,20.7,0.2,91.5,-0.4,4,4,12,4,5,10,14,4,7,9,6,8,5,12,13,2,7,10,11,11,4,11,2,5,9,7,2000-01
1610612761,Toronto Raptors,12,6,6,0.5,48.0,35.3,79.5,0.443,5.9,15.1,0.392,15.8,20.8,0.756,11.9,26.8,38.8,22.4,13.6,7.8,6.1,4.8,21.4,0.2,92.2,0.9,5,5,12,6,5,3,9,3,6,10,1,14,14,10,10,16,13,3,9,7,3,5,5,7,8,4,2000-01
1610612762,Utah Jazz,5,2,3,0.4,48.0,33.0,77.8,0.424,3.6,11.0,0.327,20.0,25.8,0.775,12.6,29.4,42.0,23.2,12.2,5.2,5.2,5.4,26.8,0.0,89.6,-4.2,9,9,2,7,5,11,12,8,15,15,12,6,7,7,8,10,10,1,4,14,10,10,16,10,10,10,2000-01
1610612738,Boston Celtics,16,9,7,0.563,48.0,32.8,78.4,0.418,7.9,22.9,0.343,17.8,22.9,0.774,10.6,32.7,43.3,18.8,14.1,8.9,4.8,4.9,22.9,0.0,91.3,2.8,3,4,15,3,8,12,11,12,3,1,8,12,12,3,13,4,6,12,6,4,9,5,4,12,10,3,2001-02
1610612766,Charlotte Hornets,9,4,5,0.444,49.1,34.1,81.0,0.421,4.4,12.2,0.364,23.4,32.3,0.725,14.7,31.6,46.2,19.6,14.8,8.9,7.3,5.2,27.4,0.1,96.1,0.0,7,5,11,6,3,8,5,11,11,12,6,3,2,11,2,7,2,9,12,3,1,9,16,6,5,7,2001-02
1610612742,Dallas Mavericks,8,4,4,0.5,48.6,39.8,88.0,0.452,8.4,22.1,0.379,21.1,25.3,0.837,10.9,31.0,41.9,19.6,12.5,6.3,4.6,4.1,25.8,0.3,109.0,0.3,8,5,9,5,4,1,1,2,1,3,4,7,11,1,12,8,11,8,4,12,11,1,11,3,1,5,2001-02
1610612765,Detroit Pistons,10,4,6,0.4,48.0,29.4,73.6,0.399,8.0,22.6,0.354,16.2,22.4,0.723,9.6,28.1,37.7,18.7,14.6,7.3,5.6,4.4,21.0,0.1,83.0,-0.4,5,5,12,7,8,16,15,15,2,2,7,14,14,12,14,15,16,13,9,10,5,3,3,8,16,9,2001-02
1610612754,Indiana Pacers,5,2,3,0.4,50.0,34.8,76.0,0.458,4.8,11.8,0.407,17.2,22.6,0.761,8.4,33.8,42.2,21.2,18.2,8.2,4.0,6.4,25.0,0.0,91.6,0.2,9,9,1,7,2,6,14,1,9,14,1,13,13,5,16,2,10,3,16,6,12,15,10,12,8,6,2001-02
1610612747,Los Angeles Lakers,19,15,4,0.789,48.3,35.7,80.5,0.444,6.1,18.0,0.339,20.3,28.1,0.721,12.3,33.2,45.4,19.6,13.7,6.8,5.8,4.4,23.6,0.1,97.8,3.8,2,1,9,1,7,5,7,5,5,4,10,9,6,14,8,3,4,7,5,11,4,2,7,7,4,1,2001-02
1610612750,Minnesota Timberwolves,3,0,3,0.0,48.0,36.0,81.0,0.444,5.0,12.7,0.395,25.0,34.7,0.721,14.3,35.0,49.3,16.0,15.7,5.7,2.7,5.3,27.0,0.7,102.0,-10.7,15,15,1,15,8,3,5,4,6,11,2,1,1,13,3,1,1,16,13,14,16,10,14,1,2,16,2001-02
1610612751,New Jersey Nets,20,11,9,0.55,48.5,35.9,82.9,0.432,4.2,14.6,0.285,19.5,26.9,0.726,12.4,30.4,42.7,21.3,14.2,7.9,5.5,6.3,24.5,0.1,95.4,-0.1,1,2,16,4,6,4,2,6,13,9,15,10,9,10,7,10,8,2,7,8,6,13,9,11,6,8,2001-02
1610612753,Orlando Magic,4,1,3,0.25,50.5,33.3,78.5,0.424,4.3,16.5,0.258,23.0,31.0,0.742,9.0,30.5,39.5,19.5,12.0,5.5,3.8,6.0,25.8,0.0,93.8,-5.0,13,13,1,13,1,9,10,9,12,6,16,4,4,7,15,9,15,10,3,15,14,12,11,12,7,12,2001-02
1610612755,Philadelphia 76ers,5,2,3,0.4,48.0,30.4,73.6,0.413,4.0,13.0,0.308,24.2,32.0,0.756,12.6,28.6,41.2,19.4,14.4,9.0,4.0,4.6,18.6,0.0,89.0,-8.8,9,9,1,7,8,15,15,14,14,10,13,2,3,6,5,14,12,11,8,1,12,4,1,12,12,14,2001-02
1610612757,Portland Trail Blazers,3,0,3,0.0,48.0,31.3,82.0,0.382,6.7,18.0,0.37,22.0,27.7,0.795,12.0,32.0,44.0,20.7,14.7,8.3,3.0,6.3,27.0,0.3,91.3,-5.3,15,15,1,15,8,14,4,16,4,4,5,6,7,2,9,6,5,5,10,5,15,14,14,2,9,13,2001-02
1610612758,Sacramento Kings,16,10,6,0.625,48.6,36.9,82.4,0.448,5.0,16.2,0.309,22.2,29.9,0.741,12.9,32.6,45.6,20.6,14.8,7.5,4.7,5.4,23.8,0.1,101.1,2.3,3,3,12,2,4,2,3,3,6,7,12,5,5,8,4,5,3,6,11,9,10,11,8,10,3,4,2001-02
1610612759,San Antonio Spurs,10,4,6,0.4,48.0,32.9,76.2,0.432,5.0,14.7,0.34,20.3,26.6,0.763,11.1,29.9,41.0,16.9,11.1,6.1,6.5,5.0,20.4,0.1,91.1,3.0,5,5,12,7,8,11,13,7,6,8,9,8,10,4,11,12,13,15,2,13,3,6,2,8,11,2,2001-02
1610612760,Seattle SuperSonics,5,2,3,0.4,48.0,34.2,79.6,0.43,4.8,12.2,0.393,13.0,19.0,0.684,11.4,28.8,40.2,17.4,10.6,4.0,4.8,7.8,23.4,0.0,86.2,-10.2,9,9,1,7,8,7,8,8,9,13,3,16,16,16,10,13,14,14,1,16,8,16,5,12,14,15,2001-02
1610612761,Toronto Raptors,5,2,3,0.4,48.0,32.6,77.2,0.422,3.4,10.6,0.321,15.2,20.6,0.738,12.4,30.0,42.4,21.0,16.0,8.0,5.2,5.2,23.4,0.2,83.8,-2.8,9,9,1,7,8,13,12,10,16,16,11,15,15,9,6,11,9,4,14,7,7,8,5,5,15,11,2001-02
1610612762,Utah Jazz,4,1,3,0.25,48.0,33.0,79.5,0.415,3.5,11.5,0.304,18.5,27.0,0.685,15.3,28.0,43.3,23.0,16.5,9.0,7.0,5.0,26.0,0.3,88.0,-1.0,13,13,1,13,8,10,9,13,15,15,14,11,8,15,1,16,6,1,15,1,2,6,13,3,13,10,2001-02
1610612738,Boston Celtics,10,4,6,0.4,49.5,33.4,79.1,0.422,8.6,24.3,0.354,19.2,24.0,0.8,8.8,31.9,40.7,20.7,14.8,8.6,4.3,4.3,25.9,0.1,94.6,-0.6,8,8,10,10,1,12,8,13,2,1,7,11,14,4,15,4,11,8,9,2,10,7,13,4,8,8,2002-03
1610612742,Dallas Mavericks,20,10,10,0.5,48.5,38.7,86.1,0.45,9.2,23.2,0.397,17.5,21.1,0.829,11.2,30.9,42.1,20.4,12.5,6.1,5.2,4.5,24.3,0.1,104.1,-0.6,2,3,16,4,10,2,1,5,1,2,1,15,16,1,11,8,9,9,1,15,7,8,9,8,2,8,2002-03
1610612765,Detroit Pistons,17,8,9,0.471,48.6,30.2,73.8,0.41,6.7,19.1,0.352,22.8,30.7,0.741,10.8,28.3,39.1,17.8,13.4,8.0,5.9,3.8,23.5,0.0,89.9,0.9,4,4,15,7,9,15,15,14,5,4,8,3,2,13,12,12,14,14,3,3,2,3,4,11,14,5,2002-03
1610612754,Indiana Pacers,6,2,4,0.333,48.8,30.2,77.7,0.388,5.2,17.7,0.292,25.7,32.5,0.79,13.2,33.7,46.8,19.8,14.2,7.0,5.8,4.0,23.5,0.0,91.2,-5.7,11,11,1,11,2,16,11,15,10,6,15,1,1,5,5,1,1,12,7,11,3,5,5,11,13,13,2002-03
1610612747,Los Angeles Lakers,12,6,6,0.5,48.4,37.3,83.3,0.448,7.1,20.0,0.354,18.5,26.1,0.709,12.3,30.9,43.3,20.9,13.8,7.0,5.3,3.8,24.0,0.1,100.3,0.3,5,6,10,4,11,4,4,6,3,3,6,13,10,16,7,7,6,6,6,11,6,4,7,5,5,7,2002-03
1610612749,Milwaukee Bucks,6,2,4,0.333,48.8,36.5,79.5,0.459,6.3,17.0,0.373,18.5,24.8,0.745,8.3,27.0,35.3,20.2,13.3,7.2,3.8,3.2,27.3,0.0,97.8,-4.3,11,11,1,11,2,5,7,3,6,8,2,13,13,11,16,14,16,10,2,9,13,2,14,11,6,11,2002-03
1610612750,Minnesota Timberwolves,6,2,4,0.333,48.8,37.5,81.0,0.463,4.7,14.0,0.333,20.8,25.8,0.806,8.8,33.3,42.2,22.0,15.8,6.8,3.5,5.7,24.2,0.0,100.5,-6.3,11,11,1,11,2,3,5,1,12,13,12,8,11,2,14,3,8,3,14,13,14,12,8,11,4,14,2002-03
1610612751,New Jersey Nets,20,14,6,0.7,48.8,34.2,80.6,0.425,4.7,13.3,0.35,20.6,27.1,0.762,13.6,31.5,45.1,21.3,15.2,7.5,4.3,6.4,25.1,0.1,93.7,3.4,2,2,10,1,8,7,6,11,14,14,11,9,7,9,3,5,3,4,11,6,11,15,11,8,9,2,2002-03
1610612740,New Orleans Hornets,6,2,4,0.333,48.0,33.8,77.2,0.438,6.3,17.2,0.369,18.8,25.3,0.743,12.3,26.8,39.2,20.0,14.7,7.3,5.0,2.3,25.5,0.3,92.8,-1.7,11,11,1,11,13,8,12,9,6,7,4,12,12,12,7,15,13,11,8,7,8,1,12,1,11,10,2002-03
1610612753,Orlando Magic,7,3,4,0.429,48.0,31.0,73.1,0.424,5.1,16.3,0.316,20.4,26.1,0.781,9.9,28.3,38.1,16.0,15.3,5.3,4.0,5.4,29.9,0.0,87.6,-7.3,9,9,1,8,13,14,16,12,11,10,13,10,9,7,13,13,15,16,13,16,12,10,16,11,15,15,2002-03
1610612755,Philadelphia 76ers,12,6,6,0.5,48.8,33.7,75.9,0.443,3.8,10.7,0.352,21.0,26.2,0.803,12.1,29.8,41.8,18.9,14.8,7.2,2.5,5.4,23.9,0.1,92.1,0.8,5,6,10,4,2,11,14,7,15,15,9,7,8,3,10,9,10,13,10,9,16,9,6,5,12,6,2002-03
1610612756,Phoenix Suns,6,2,4,0.333,48.8,32.3,83.7,0.386,4.7,15.7,0.298,15.8,22.2,0.714,13.3,29.7,43.0,16.2,16.2,9.5,5.8,6.8,29.2,0.0,85.2,-5.3,11,11,1,11,2,13,3,16,12,11,14,16,15,14,4,11,7,15,15,1,3,16,15,11,16,12,2002-03
1610612757,Portland Trail Blazers,7,3,4,0.429,48.0,36.4,79.0,0.461,6.3,17.0,0.37,22.1,29.4,0.752,15.0,29.7,44.7,23.3,13.7,6.3,3.0,4.3,22.6,0.1,101.3,1.0,9,9,1,8,13,6,9,2,8,8,3,5,5,10,1,10,4,1,5,14,15,6,2,3,3,4,2002-03
1610612758,Sacramento Kings,12,7,5,0.583,48.8,39.3,85.5,0.459,6.8,18.4,0.367,22.7,29.2,0.777,12.8,31.5,44.3,22.6,13.4,7.5,4.8,5.6,23.0,0.1,107.9,2.3,5,5,9,3,2,1,2,4,4,5,5,4,6,8,6,5,5,2,4,5,9,11,3,5,1,3,2002-03
1610612759,San Antonio Spurs,24,16,8,0.667,48.2,33.8,76.8,0.441,5.3,15.2,0.351,21.8,30.6,0.712,12.1,33.4,45.5,20.7,15.2,7.8,6.9,5.7,21.4,0.0,94.8,5.5,1,1,14,2,12,8,13,8,9,12,10,6,3,15,9,2,2,7,12,4,1,13,1,10,7,1,2002-03
1610612762,Utah Jazz,5,1,4,0.2,48.0,33.8,77.8,0.434,1.8,6.8,0.265,23.6,30.0,0.787,14.0,25.2,39.2,21.0,16.4,7.2,5.6,5.8,24.8,0.2,93.0,-10.6,16,16,1,16,13,10,10,10,16,16,16,2,4,6,2,16,12,5,16,8,5,14,10,2,10,16,2002-03
1610612738,Boston Celtics,4,0,4,0.0,48.0,28.8,70.5,0.408,5.3,15.8,0.333,21.8,27.0,0.806,9.3,31.8,41.0,17.5,19.8,6.5,5.0,6.0,20.3,0.0,84.5,-16.8,14,14,1,14,7,16,16,13,6,7,5,2,4,1,16,7,12,13,16,14,6,11,1,11,12,16,2003-04
1610612742,Dallas Mavericks,5,1,4,0.2,48.0,38.2,96.4,0.396,5.0,17.4,0.287,18.2,23.6,0.771,20.4,31.8,52.2,20.6,13.6,9.2,6.6,4.6,21.6,0.0,99.6,1.4,10,10,1,10,7,1,1,14,7,4,14,8,10,5,1,6,1,3,3,4,2,5,4,11,1,5,2003-04
1610612743,Denver Nuggets,5,1,4,0.2,48.0,37.2,87.2,0.427,4.4,13.0,0.338,11.8,16.8,0.702,14.4,28.8,43.2,20.4,14.2,7.8,2.8,6.0,24.2,0.0,90.6,-4.0,10,10,1,10,7,2,2,5,12,15,4,16,16,14,2,13,5,6,5,9,16,11,11,11,4,11,2003-04
1610612765,Detroit Pistons,23,16,7,0.696,48.9,31.4,76.3,0.412,4.2,13.9,0.304,20.1,27.3,0.734,12.9,32.0,44.8,19.4,14.9,8.0,7.1,5.1,22.5,0.2,87.1,6.4,1,1,13,1,3,9,8,10,14,13,10,3,3,9,3,5,2,8,8,8,1,8,6,2,8,1,2003-04
1610612745,Houston Rockets,5,1,4,0.2,49.0,31.8,74.4,0.427,4.6,15.2,0.303,16.4,22.8,0.719,9.6,34.8,44.4,17.2,16.8,5.2,3.6,4.0,22.8,0.0,84.6,-5.4,10,10,1,10,2,8,13,4,10,10,11,12,13,13,14,1,3,14,13,16,15,3,7,11,11,12,2003-04
1610612754,Indiana Pacers,16,10,6,0.625,48.0,30.7,75.1,0.408,5.9,17.8,0.333,18.2,24.8,0.733,10.8,31.3,42.1,17.9,13.6,8.7,6.3,6.3,23.5,0.1,85.5,4.4,4,3,12,3,7,13,10,11,2,3,5,9,8,10,10,8,9,12,2,5,3,14,10,7,10,2,2003-04
1610612747,Los Angeles Lakers,22,13,9,0.591,48.5,33.0,74.5,0.444,5.0,15.5,0.321,17.1,27.9,0.612,10.2,30.0,40.2,22.6,12.6,7.3,4.2,3.4,22.9,0.1,88.1,0.9,2,2,16,5,4,6,12,1,8,8,8,11,2,16,12,10,13,2,1,12,9,1,9,9,7,6,2003-04
1610612763,Memphis Grizzlies,4,0,4,0.0,48.0,30.8,72.5,0.424,3.8,12.8,0.294,18.3,23.5,0.777,9.5,25.0,34.5,14.5,14.3,9.5,5.0,6.3,25.0,0.3,83.5,-14.0,14,14,1,14,7,11,15,7,15,16,12,6,11,4,15,16,16,16,6,1,6,13,14,1,15,15,2003-04
1610612748,Miami Heat,13,6,7,0.462,48.0,30.5,74.8,0.408,3.7,13.4,0.276,19.3,25.6,0.754,11.4,30.5,41.8,16.3,14.2,7.5,4.1,5.0,24.4,0.2,84.1,0.2,5,7,13,8,7,14,11,12,16,14,15,4,5,7,7,9,11,15,4,11,12,6,13,5,13,7,2003-04
1610612749,Milwaukee Bucks,5,1,4,0.2,48.0,32.4,77.8,0.416,4.8,14.4,0.333,16.0,21.6,0.741,11.2,28.0,39.2,20.6,16.4,8.2,4.2,8.0,22.4,0.2,85.6,-12.6,10,10,1,10,7,7,5,9,9,12,5,14,14,8,8,14,14,3,12,7,10,16,5,3,9,13,2003-04
1610612750,Minnesota Timberwolves,18,10,8,0.556,48.3,33.9,77.1,0.441,5.9,15.2,0.387,18.2,23.3,0.78,9.7,32.3,42.0,19.3,15.0,6.6,5.2,3.4,24.3,0.1,91.9,-0.1,3,3,15,7,6,4,6,2,3,9,1,10,12,2,13,3,10,11,9,13,5,2,12,10,3,9,2003-04
1610612751,New Jersey Nets,11,7,4,0.636,49.4,30.8,72.8,0.423,4.5,16.4,0.272,22.1,30.3,0.73,10.6,32.1,42.7,20.5,18.5,8.6,5.4,5.8,26.0,0.2,88.2,2.5,7,5,1,2,1,10,14,8,11,6,16,1,1,11,11,4,6,5,15,6,4,10,15,4,6,4,2003-04
1610612740,New Orleans Hornets,7,3,4,0.429,48.0,29.3,76.3,0.384,5.9,18.6,0.315,16.1,20.7,0.779,12.3,30.0,42.3,19.3,17.1,6.1,4.6,4.0,20.9,0.1,80.6,-3.0,9,9,1,9,7,15,7,16,4,2,9,13,15,3,5,11,8,10,14,15,8,3,2,6,16,10,2003-04
1610612752,New York Knicks,4,0,4,0.0,48.0,30.8,80.0,0.384,4.3,14.5,0.293,18.3,25.3,0.723,12.3,26.3,38.5,19.5,16.3,9.3,4.0,5.0,28.0,0.0,84.0,-12.8,14,14,1,14,7,11,4,15,13,11,13,6,6,12,6,15,15,7,11,3,13,6,16,11,14,14,2003-04
1610612758,Sacramento Kings,12,7,5,0.583,48.4,35.3,82.9,0.425,5.8,16.8,0.348,18.8,24.8,0.758,10.9,33.1,44.0,22.8,14.3,9.4,3.7,6.3,21.1,0.0,95.2,0.1,6,5,11,6,5,3,3,6,5,5,3,5,7,6,9,2,4,1,7,2,14,15,3,11,2,8,2003-04
1610612759,San Antonio Spurs,10,6,4,0.6,48.0,33.5,76.2,0.44,6.9,18.9,0.365,15.4,23.9,0.644,12.6,29.7,42.3,19.4,15.5,7.7,4.2,5.2,22.8,0.1,89.3,3.1,8,7,1,4,7,5,9,3,1,1,2,15,9,15,4,12,7,9,10,10,10,9,7,8,5,3,2003-04
1610612738,Boston Celtics,7,3,4,0.429,48.7,32.9,74.3,0.442,4.9,14.9,0.327,17.1,22.7,0.755,10.3,29.1,39.4,16.6,15.3,8.4,6.4,6.6,25.4,0.0,87.7,-0.6,9,9,1,8,4,14,14,9,13,14,9,13,13,7,13,10,12,14,15,2,1,13,11,8,15,5,2004-05
1610612741,Chicago Bulls,6,2,4,0.333,48.0,35.5,84.7,0.419,9.0,23.2,0.388,22.5,31.2,0.722,14.2,30.3,44.5,21.7,15.2,6.3,5.0,6.5,29.2,0.0,102.5,-1.8,11,11,1,11,11,6,5,13,1,1,5,4,3,13,2,3,1,1,14,11,11,12,15,8,4,8,2004-05
1610612742,Dallas Mavericks,13,6,7,0.462,48.4,38.1,84.2,0.452,6.6,17.5,0.379,22.4,28.5,0.786,14.4,29.1,43.5,17.5,13.2,7.2,5.1,5.9,22.7,0.2,105.2,-1.6,5,5,13,6,8,4,6,7,6,11,7,6,7,4,1,11,2,12,8,8,10,10,6,5,2,6,2004-05
1610612743,Denver Nuggets,5,1,4,0.2,49.0,32.8,78.6,0.417,2.2,8.4,0.262,22.4,30.4,0.737,10.2,29.2,39.4,16.4,13.0,6.4,5.8,7.0,27.0,0.0,90.2,-10.2,12,12,1,12,2,15,10,14,16,16,16,5,4,10,14,8,13,15,6,10,6,15,14,8,14,14,2004-05
1610612765,Detroit Pistons,25,15,10,0.6,48.4,34.5,79.0,0.437,4.5,13.9,0.326,16.8,22.6,0.742,12.4,29.9,42.3,20.5,12.2,7.3,6.1,5.5,21.0,0.0,90.3,4.7,1,2,16,3,7,12,9,11,15,15,10,14,14,9,7,4,6,4,3,6,3,8,2,7,13,1,2004-05
1610612745,Houston Rockets,7,3,4,0.429,48.0,35.0,75.1,0.466,7.1,17.7,0.403,20.4,25.9,0.79,10.7,27.0,37.7,18.0,14.3,7.3,5.9,4.9,24.7,0.3,97.6,-2.7,9,9,1,8,11,9,13,4,4,10,2,8,10,3,12,14,14,10,11,7,5,4,9,3,9,10,2004-05
1610612754,Indiana Pacers,13,6,7,0.462,48.4,28.8,73.0,0.395,5.6,17.8,0.316,20.7,26.4,0.784,10.9,29.2,40.1,18.0,15.1,8.1,5.9,6.6,22.0,0.0,84.0,-2.9,5,5,13,6,8,16,16,16,11,9,11,7,9,5,11,9,10,10,13,4,4,14,5,8,16,11,2004-05
1610612763,Memphis Grizzlies,4,0,4,0.0,48.0,41.5,87.8,0.473,7.8,19.8,0.392,12.0,17.0,0.706,11.8,27.8,39.5,21.0,10.8,5.8,4.5,7.8,24.5,0.0,102.8,-11.0,15,15,1,15,11,2,1,3,3,4,3,16,16,15,10,12,11,3,1,14,13,16,7,8,3,15,2004-05
1610612748,Miami Heat,15,11,4,0.733,48.7,36.0,73.1,0.492,6.0,15.5,0.388,20.0,29.9,0.668,8.3,33.3,41.6,18.9,15.3,5.5,5.7,3.4,24.5,0.0,98.0,4.3,3,3,1,1,5,5,15,2,9,13,6,10,5,16,16,1,8,8,16,16,9,1,8,8,8,3,2004-05
1610612751,New Jersey Nets,4,0,4,0.0,50.5,33.5,84.8,0.395,6.3,21.5,0.291,23.5,31.3,0.752,13.0,29.8,42.8,21.3,13.0,7.5,1.3,3.5,30.8,0.0,96.8,-12.8,15,15,1,15,1,13,4,15,8,2,14,2,2,8,3,6,5,2,6,5,16,2,16,8,11,16,2004-05
1610612755,Philadelphia 76ers,5,1,4,0.2,49.0,34.8,79.6,0.437,6.6,19.4,0.34,14.6,20.4,0.716,9.6,25.2,34.8,19.8,12.8,8.6,4.0,6.4,21.8,0.2,90.8,-8.0,12,12,1,12,2,10,8,10,7,6,8,15,15,14,15,15,16,7,4,1,14,11,3,4,12,13,2004-05
1610612756,Phoenix Suns,15,9,6,0.6,48.3,41.8,84.8,0.493,8.6,19.7,0.436,19.8,25.8,0.767,12.1,31.1,43.1,20.5,12.9,6.1,6.3,4.9,20.1,0.0,112.0,4.2,3,4,11,3,10,1,3,1,2,5,1,11,11,6,9,2,3,5,5,13,2,5,1,8,1,4,2004-05
1610612758,Sacramento Kings,5,1,4,0.2,48.0,38.4,86.2,0.445,5.8,20.8,0.279,19.6,24.6,0.797,13.0,23.0,36.0,20.2,11.2,6.2,4.0,4.8,25.8,0.6,102.2,-4.4,12,12,1,12,11,3,2,8,10,3,15,12,12,2,3,16,15,6,2,12,14,3,12,1,5,12,2004-05
1610612759,San Antonio Spurs,23,16,7,0.696,48.4,34.7,76.5,0.454,7.1,18.3,0.389,20.4,28.0,0.727,12.3,29.7,42.1,18.4,14.5,5.6,5.8,5.9,21.9,0.0,96.9,4.3,2,1,13,2,6,11,12,6,5,8,4,9,8,12,8,7,7,9,12,15,8,9,4,6,10,2,2004-05
1610612760,Seattle SuperSonics,11,6,5,0.545,48.0,35.5,77.5,0.458,4.8,15.7,0.306,22.8,28.5,0.799,12.6,27.6,40.3,16.2,13.8,6.5,4.5,5.1,26.1,0.4,98.5,-1.7,7,5,10,5,11,7,11,5,14,12,12,3,6,1,6,13,9,16,10,9,12,6,13,2,7,7,2004-05
1610612764,Washington Wizards,10,4,6,0.4,48.0,35.1,82.6,0.425,5.6,18.8,0.298,24.6,33.8,0.728,12.9,29.9,42.8,17.2,13.7,8.2,5.8,5.4,25.4,0.0,100.4,-2.5,8,8,11,10,11,8,7,12,12,7,13,1,1,11,5,5,4,13,9,3,6,7,10,8,6,9,2004-05
1610612741,Chicago Bulls,6,2,4,0.333,48.0,34.0,76.3,0.445,7.8,19.8,0.395,22.5,30.3,0.742,8.8,30.5,39.3,18.3,15.8,5.7,3.8,5.3,25.8,26.2,98.3,-3.0,10,10,1,10,11,11,10,11,2,3,2,5,4,12,12,4,7,7,14,13,11,13,12,5,7,9,2005-06
1610612739,Cleveland Cavaliers,13,7,6,0.538,48.8,33.6,76.8,0.437,4.2,13.2,0.32,18.9,24.8,0.764,12.5,29.8,42.2,16.2,14.5,6.5,4.2,5.4,24.6,21.0,90.4,-3.2,5,5,10,5,9,12,9,14,14,13,12,13,13,7,2,6,4,13,10,7,8,14,9,15,13,10,2005-06
1610612742,Dallas Mavericks,23,14,9,0.609,48.9,36.1,80.1,0.451,4.8,15.1,0.317,22.7,28.0,0.809,12.2,30.5,42.7,15.3,12.8,6.6,4.3,4.8,25.5,24.4,99.7,4.1,1,2,15,2,6,6,6,8,12,11,13,4,8,3,4,5,2,15,5,6,7,12,11,8,6,1,2005-06
1610612743,Denver Nuggets,5,1,4,0.2,48.0,32.6,85.8,0.38,3.0,13.6,0.221,19.2,26.4,0.727,14.0,27.8,41.8,19.8,11.8,6.8,4.2,5.8,23.2,27.0,87.4,-7.6,14,14,1,14,11,13,1,16,16,12,16,12,12,13,1,11,6,5,2,5,9,16,5,2,15,13,2005-06
1610612765,Detroit Pistons,18,10,8,0.556,48.0,32.1,74.3,0.432,6.9,18.5,0.372,20.6,28.4,0.724,11.3,27.4,38.8,18.7,11.9,6.4,4.1,4.3,20.4,23.8,91.7,3.2,4,3,14,4,11,14,12,15,4,7,6,7,6,15,6,13,9,6,3,9,10,8,1,10,12,4,2005-06
1610612754,Indiana Pacers,6,2,4,0.333,48.0,31.2,70.3,0.443,6.7,19.5,0.342,20.3,27.2,0.748,8.3,29.0,37.3,17.8,15.8,6.0,4.5,3.2,24.8,25.2,89.3,-3.7,10,10,1,10,11,15,15,13,5,4,7,9,9,10,13,7,12,8,14,11,5,2,10,7,14,11,2005-06
1610612746,Los Angeles Clippers,12,7,5,0.583,48.8,39.7,80.8,0.491,4.5,11.9,0.378,21.8,26.8,0.816,11.0,34.6,45.6,20.8,15.5,5.0,5.9,4.2,23.9,22.4,105.7,3.8,7,5,9,3,7,2,4,2,13,16,5,6,10,2,7,1,1,4,12,15,1,5,7,12,2,3,2005-06
1610612747,Los Angeles Lakers,7,3,4,0.429,49.4,37.7,83.1,0.454,7.1,21.4,0.333,18.0,23.6,0.764,11.0,31.6,42.6,17.1,15.0,6.4,3.1,3.4,22.9,21.4,100.6,-6.7,9,9,1,9,2,4,2,6,3,2,8,14,14,8,7,3,3,12,11,10,13,3,4,14,5,12,2005-06
1610612763,Memphis Grizzlies,4,0,4,0.0,49.3,30.0,66.5,0.451,3.8,12.0,0.313,20.5,28.3,0.726,8.3,26.0,34.3,14.0,16.0,4.8,3.8,4.5,27.5,28.0,84.3,-14.0,16,16,1,16,3,16,16,9,15,15,14,8,7,14,14,15,16,16,16,16,12,11,16,1,16,16,2005-06
1610612748,Miami Heat,23,16,7,0.696,48.2,34.8,72.4,0.481,6.3,19.1,0.333,20.3,30.9,0.655,9.5,32.5,42.0,17.5,15.5,7.0,4.6,2.9,24.0,25.7,96.3,3.8,1,1,13,1,10,8,14,4,6,6,9,11,3,16,11,2,5,10,13,2,4,1,8,6,10,2,2005-06
1610612749,Milwaukee Bucks,5,1,4,0.2,48.0,37.8,80.2,0.471,5.2,12.4,0.419,16.8,21.4,0.785,10.6,26.4,37.0,21.0,13.2,6.0,2.4,4.4,26.8,20.0,97.6,-9.6,14,14,1,14,11,3,5,5,10,14,1,16,16,5,9,14,14,3,8,11,16,10,15,16,8,15,2005-06
1610612751,New Jersey Nets,11,5,6,0.455,48.0,34.3,75.8,0.452,5.4,17.5,0.307,20.3,26.6,0.761,10.0,28.6,38.6,22.1,12.7,6.9,2.5,3.7,26.6,24.0,94.2,-0.9,8,8,10,8,11,10,11,7,9,8,15,10,11,9,10,10,10,2,4,3,14,4,14,9,11,8,2005-06
1610612756,Phoenix Suns,20,10,10,0.5,49.0,40.1,83.1,0.482,9.2,23.5,0.391,17.9,21.6,0.831,7.7,29.0,36.7,23.4,11.6,5.7,4.4,4.3,21.9,21.7,107.2,1.2,3,3,16,7,5,1,3,3,1,1,4,15,15,1,16,7,15,1,1,14,6,7,2,13,1,6,2005-06
1610612758,Sacramento Kings,6,2,4,0.333,48.8,34.7,78.2,0.443,5.2,15.7,0.33,22.8,28.8,0.792,12.3,26.0,38.3,15.3,13.0,7.5,2.5,5.7,26.0,22.8,97.3,-9.5,10,10,1,10,7,9,8,12,11,9,10,3,5,4,3,15,11,14,7,1,15,15,13,11,9,14,2005-06
1610612759,San Antonio Spurs,13,7,6,0.538,49.2,36.5,74.1,0.492,6.0,15.3,0.392,24.2,31.1,0.777,8.2,29.0,37.2,17.5,13.3,6.5,5.5,4.2,23.7,26.6,103.1,2.2,5,5,10,5,4,5,13,1,8,10,3,2,2,6,15,7,13,11,9,7,2,6,6,4,3,5,2005-06
1610612764,Washington Wizards,6,2,4,0.333,49.7,35.3,78.7,0.449,6.2,19.2,0.322,24.8,33.3,0.745,11.5,27.7,39.2,17.5,12.8,6.8,5.5,4.3,22.7,26.8,101.7,0.2,10,10,1,10,1,7,7,10,7,5,11,1,1,11,5,12,8,9,6,4,3,9,3,3,4,7,2005-06
1610612741,Chicago Bulls,10,6,4,0.6,48.0,32.5,75.6,0.43,5.9,16.6,0.355,21.5,29.5,0.729,11.6,30.3,41.9,20.6,15.3,7.0,4.2,4.4,22.1,25.5,92.4,1.1,8,5,1,3,5,13,11,11,9,11,6,3,3,12,7,9,6,4,13,8,8,10,9,1,7,7,2006-07
1610612739,Cleveland Cavaliers,20,12,8,0.6,48.5,32.1,76.3,0.421,5.4,16.6,0.326,19.2,26.1,0.737,11.9,31.4,43.3,17.5,13.0,7.2,3.5,3.8,20.7,21.0,88.8,2.2,1,2,15,3,2,15,9,14,12,12,10,8,9,10,5,2,5,13,2,5,14,4,5,12,12,4,2006-07
1610612742,Dallas Mavericks,6,2,4,0.333,48.0,34.2,80.8,0.423,7.0,22.2,0.316,23.2,30.0,0.772,14.0,30.3,44.3,17.8,16.3,8.3,5.0,4.3,23.8,24.8,98.5,-6.7,10,10,1,10,5,8,5,13,6,3,15,1,2,5,2,8,1,10,16,2,5,9,11,3,3,12,2006-07
1610612743,Denver Nuggets,5,1,4,0.2,48.0,33.6,79.4,0.423,4.6,14.4,0.319,16.4,21.0,0.781,13.0,30.4,43.4,17.6,15.2,5.6,4.2,5.2,18.0,17.8,88.2,-6.0,12,12,1,12,5,9,7,12,14,14,14,15,16,3,3,7,3,12,11,14,8,14,1,16,14,11,2006-07
1610612765,Detroit Pistons,16,10,6,0.625,48.6,32.7,76.0,0.43,5.8,16.6,0.35,20.2,26.3,0.767,11.8,28.8,40.6,20.1,13.3,7.1,4.7,3.7,23.9,22.3,91.4,2.9,4,3,12,2,1,11,10,10,10,10,7,7,7,7,6,13,9,5,3,7,7,3,12,9,9,3,2006-07
1610612744,Golden State Warriors,11,5,6,0.455,48.5,36.5,81.2,0.45,11.1,31.0,0.358,22.5,30.5,0.735,11.5,26.8,38.3,17.2,14.9,10.3,5.5,4.9,26.6,25.1,106.6,1.7,6,8,12,8,3,3,4,5,1,1,5,2,1,11,8,15,13,14,10,1,2,13,16,2,1,6,2006-07
1610612745,Houston Rockets,7,3,4,0.429,48.0,29.7,72.4,0.41,7.1,22.3,0.321,20.7,26.3,0.788,9.9,31.7,41.6,18.1,14.9,7.0,4.1,4.9,19.3,22.9,87.3,-3.1,9,9,1,9,5,16,15,16,4,2,13,5,8,2,12,1,7,8,9,8,10,12,2,7,16,9,2006-07
1610612747,Los Angeles Lakers,5,1,4,0.2,48.0,38.0,86.0,0.442,6.4,19.8,0.323,15.6,21.6,0.722,14.2,29.2,43.4,14.4,15.2,5.8,4.0,4.0,23.0,18.6,98.0,-10.4,12,12,1,12,5,2,1,9,7,6,12,16,15,14,1,11,3,16,11,13,11,5,10,15,4,15,2006-07
1610612748,Miami Heat,4,0,4,0.0,48.0,33.3,74.8,0.445,5.5,17.0,0.324,16.8,27.3,0.615,8.0,28.3,36.3,17.8,14.8,6.3,5.3,4.3,25.3,23.5,88.8,-11.0,14,14,1,14,5,10,12,6,11,9,11,12,6,15,15,14,16,11,7,12,3,7,15,4,13,16,2006-07
1610612751,New Jersey Nets,12,6,6,0.5,48.0,32.6,73.3,0.444,7.7,20.8,0.368,17.3,23.3,0.743,8.6,31.3,39.8,23.0,16.1,6.3,2.9,4.0,21.2,21.4,90.2,1.8,5,5,12,7,5,12,14,7,2,4,3,11,13,9,14,3,12,2,15,11,16,5,6,10,11,5,2006-07
1610612753,Orlando Magic,4,0,4,0.0,48.0,34.5,72.3,0.478,2.5,7.3,0.345,16.5,28.5,0.579,11.3,29.0,40.3,18.0,14.8,4.3,3.5,4.3,24.3,23.0,88.0,-9.0,14,14,1,14,5,6,16,1,16,16,8,14,4,16,9,12,11,9,7,16,13,7,13,6,15,14,2006-07
1610612756,Phoenix Suns,11,6,5,0.545,48.0,39.0,81.8,0.477,7.1,18.7,0.379,19.0,24.4,0.78,9.2,31.2,40.4,23.4,13.8,6.4,5.2,5.3,19.6,22.5,104.1,5.0,6,5,11,5,5,1,3,2,5,8,2,9,11,4,13,4,10,1,4,10,4,15,3,8,2,1,2006-07
1610612759,San Antonio Spurs,20,16,4,0.8,48.0,35.3,76.8,0.459,7.6,19.7,0.384,17.6,24.3,0.724,10.5,30.1,40.6,19.9,13.9,7.1,5.5,4.6,20.5,20.8,95.7,4.0,1,1,1,1,5,5,8,3,3,7,1,10,12,13,10,10,8,6,5,6,1,11,4,13,6,2,2006-07
1610612761,Toronto Raptors,6,2,4,0.333,48.0,32.5,73.5,0.442,5.3,14.5,0.368,20.5,25.5,0.804,7.3,30.5,37.8,16.2,14.7,7.7,4.0,3.5,21.3,21.3,90.8,-5.3,10,10,1,10,5,13,13,8,13,13,4,6,10,1,16,6,14,15,6,3,11,1,8,11,10,10,2006-07
1610612762,Utah Jazz,17,9,8,0.529,48.3,36.4,79.4,0.459,4.3,12.6,0.341,20.8,27.7,0.749,13.0,31.2,44.2,22.2,16.0,7.4,4.8,5.5,24.6,23.2,97.9,0.9,3,4,15,6,4,4,6,4,15,15,9,4,5,8,3,5,2,3,14,4,6,16,14,5,5,8,2006-07
1610612764,Washington Wizards,4,0,4,0.0,48.0,34.3,83.0,0.413,6.3,20.5,0.305,16.8,21.8,0.77,10.3,26.3,36.5,18.8,8.8,5.5,3.0,3.5,21.3,19.0,91.5,-8.8,14,14,1,14,5,7,2,15,8,5,16,12,14,6,11,16,15,7,1,15,15,1,7,14,8,13,2006-07
1610612737,Atlanta Hawks,7,3,4,0.429,48.0,29.3,71.3,0.411,4.0,12.4,0.322,24.6,31.4,0.782,11.6,26.7,38.3,17.4,15.9,4.3,5.7,5.7,20.1,25.0,87.1,-12.0,9,9,1,9,5,16,16,14,15,15,12,1,1,5,8,14,13,12,16,15,4,12,2,2,15,15,2007-08
1610612738,Boston Celtics,26,16,10,0.615,48.0,33.6,75.1,0.447,6.0,16.8,0.359,20.8,26.6,0.783,11.1,28.9,40.0,21.5,12.8,7.6,4.3,5.0,24.3,22.8,94.0,5.2,1,1,16,2,5,10,12,6,7,10,4,8,10,4,9,12,10,2,8,2,12,7,14,8,9,1,2007-08
1610612739,Cleveland Cavaliers,13,7,6,0.538,48.0,31.1,74.1,0.42,6.7,19.4,0.345,21.1,29.2,0.721,11.8,29.2,40.9,20.2,13.8,6.0,4.8,4.2,22.1,23.5,89.9,2.2,5,5,11,5,5,15,15,12,6,7,9,7,5,13,6,10,9,7,12,11,9,4,7,5,13,5,2007-08
1610612742,Dallas Mavericks,5,1,4,0.2,48.0,31.6,78.8,0.401,7.2,20.8,0.346,23.6,30.0,0.787,14.4,30.8,45.2,19.4,11.6,4.0,4.0,5.6,20.6,22.4,94.0,-8.8,13,13,1,13,5,13,7,16,4,3,8,2,3,3,3,6,2,8,4,16,14,11,4,10,9,14,2007-08
1610612743,Denver Nuggets,4,0,4,0.0,48.0,37.8,88.5,0.427,4.5,18.0,0.25,21.5,29.0,0.741,16.5,32.3,48.8,18.5,14.5,6.3,4.8,6.3,25.5,22.5,101.5,-13.3,16,16,1,16,5,2,1,10,14,9,15,6,7,11,1,2,1,11,13,10,11,14,15,9,2,16,2007-08
1610612765,Detroit Pistons,17,10,7,0.588,48.0,33.9,74.5,0.455,4.5,13.3,0.341,19.1,23.8,0.802,10.6,25.6,36.2,20.5,12.9,7.4,5.8,3.9,23.3,21.8,91.4,2.3,3,3,13,3,5,9,14,5,13,14,10,11,13,2,10,15,16,5,10,3,2,2,13,13,12,3,2007-08
1610612745,Houston Rockets,6,2,4,0.333,48.0,32.2,78.7,0.409,5.8,20.0,0.292,17.8,26.2,0.682,13.0,29.0,42.0,15.5,10.8,6.8,5.5,6.2,21.2,21.8,88.0,-2.5,10,10,1,10,5,11,8,15,9,5,14,12,11,15,5,11,6,16,3,8,5,13,6,12,14,10,2007-08
1610612747,Los Angeles Lakers,21,14,7,0.667,48.2,36.8,78.6,0.468,7.0,19.0,0.367,22.0,29.1,0.753,8.8,30.8,39.6,20.8,13.3,7.2,5.3,4.4,23.3,25.0,102.4,2.2,2,2,13,1,4,5,9,2,5,8,3,4,6,8,16,7,11,4,11,6,6,5,12,2,1,4,2007-08
1610612740,New Orleans Hornets,12,7,5,0.583,48.0,37.6,81.0,0.464,5.8,14.0,0.411,15.7,20.3,0.774,10.3,31.8,42.1,19.3,8.8,7.3,5.1,4.0,20.7,20.7,96.6,3.7,6,5,9,4,5,3,5,3,11,13,1,15,15,6,11,4,5,9,1,4,7,3,5,14,7,2,2007-08
1610612753,Orlando Magic,10,5,5,0.5,48.0,35.4,75.4,0.469,9.0,25.3,0.356,17.3,24.3,0.712,11.7,31.2,42.9,17.4,14.5,4.8,4.9,3.4,20.5,22.0,97.1,1.6,8,8,9,7,5,8,10,1,1,1,5,13,12,14,7,5,4,13,13,14,8,1,3,11,6,6,2007-08
1610612755,Philadelphia 76ers,6,2,4,0.333,48.0,31.2,74.7,0.417,1.8,7.8,0.234,21.7,30.0,0.722,13.5,24.7,38.2,15.8,14.8,8.8,3.7,6.8,19.2,23.7,85.8,-7.0,10,10,1,10,5,14,13,13,16,16,16,5,3,12,4,16,14,14,15,1,15,16,1,4,16,13,2007-08
1610612756,Phoenix Suns,5,1,4,0.2,50.0,38.0,82.4,0.461,5.0,14.8,0.338,19.4,30.4,0.638,9.4,32.2,41.6,18.8,12.4,5.2,7.0,5.0,22.6,27.6,100.4,-2.0,13,13,1,13,1,1,3,4,12,12,11,10,2,16,14,3,8,10,6,13,1,8,9,1,3,9,2007-08
1610612759,San Antonio Spurs,17,9,8,0.529,48.6,35.5,79.7,0.446,7.5,20.1,0.375,15.5,20.8,0.745,9.0,32.8,41.8,20.4,12.8,5.3,4.1,5.3,22.5,20.3,94.1,-0.9,3,4,15,6,2,7,6,7,3,4,2,16,14,10,15,1,7,6,7,12,13,10,8,15,8,8,2007-08
1610612761,Toronto Raptors,5,1,4,0.2,48.0,37.2,85.6,0.435,8.4,24.0,0.35,16.6,19.2,0.865,9.8,29.4,39.2,24.0,10.0,7.2,2.4,5.2,22.8,18.0,99.4,-4.6,13,13,1,13,5,4,2,9,2,2,6,14,16,1,12,9,12,1,2,5,16,9,10,16,4,12,2007-08
1610612762,Utah Jazz,12,6,6,0.5,48.4,36.4,81.8,0.445,5.8,16.7,0.35,20.3,27.0,0.75,14.5,29.8,44.3,21.4,12.9,6.5,5.8,6.5,25.5,22.8,98.9,-0.3,6,7,11,7,3,6,4,8,9,11,6,9,9,9,2,8,3,3,9,9,3,15,15,7,5,7,2007-08
1610612764,Washington Wizards,6,2,4,0.333,48.0,32.0,75.2,0.426,6.0,19.7,0.305,22.2,29.0,0.764,9.7,27.7,37.3,15.7,12.3,7.2,4.8,4.8,22.8,23.2,92.2,-3.3,10,10,1,10,5,12,11,11,8,6,13,3,7,7,13,13,15,15,5,7,10,6,11,6,11,11,2007-08
1610612737,Atlanta Hawks,11,4,7,0.364,48.0,30.1,73.6,0.409,6.1,17.5,0.347,17.7,23.8,0.744,10.7,24.2,34.9,16.9,12.1,6.9,3.4,5.5,21.4,21.1,84.0,-7.1,7,8,13,10,6,15,14,15,10,12,10,11,10,11,4,16,15,11,4,5,11,12,3,12,15,12,2008-09
1610612738,Boston Celtics,14,7,7,0.5,50.5,37.4,84.1,0.445,6.7,18.6,0.36,20.6,26.0,0.791,10.9,32.4,43.2,22.9,13.6,7.8,4.9,6.5,24.3,22.7,102.1,0.0,4,5,13,6,2,3,2,11,7,8,6,7,9,6,3,2,2,2,11,4,6,14,13,8,4,6,2008-09
1610612741,Chicago Bulls,7,3,4,0.429,53.0,38.4,87.1,0.441,7.3,19.3,0.378,24.1,29.9,0.809,10.4,35.1,45.6,19.9,16.1,6.7,8.1,6.7,24.6,23.6,108.3,-4.3,9,9,1,8,1,1,1,12,4,7,3,2,3,4,6,1,1,4,15,7,1,15,14,6,1,9,2008-09
1610612739,Cleveland Cavaliers,14,10,4,0.714,48.4,34.8,75.1,0.463,6.6,19.8,0.336,21.4,28.8,0.742,10.1,30.2,40.3,19.1,12.4,6.6,4.6,3.3,20.6,22.6,97.6,8.5,4,3,1,1,5,8,11,4,8,6,12,6,4,12,7,6,7,6,6,8,8,1,2,9,6,2,2008-09
1610612742,Dallas Mavericks,10,5,5,0.5,48.0,35.6,75.7,0.47,7.3,20.6,0.354,23.1,28.4,0.813,9.2,31.5,40.7,18.1,13.0,6.5,3.8,4.1,22.8,23.7,101.6,-0.9,8,7,10,6,6,5,9,2,3,3,9,3,5,3,10,3,5,8,7,10,9,5,8,5,5,7,2008-09
1610612743,Denver Nuggets,16,10,6,0.625,48.0,37.3,78.4,0.475,8.1,21.1,0.383,25.4,33.4,0.759,10.7,29.6,40.3,22.6,12.1,9.2,5.2,4.4,25.8,25.5,107.9,8.6,3,3,11,3,6,4,5,1,2,2,2,1,1,9,5,9,8,3,5,2,5,7,16,1,2,1,2008-09
1610612765,Detroit Pistons,4,0,4,0.0,48.0,31.5,77.0,0.409,3.0,12.3,0.245,12.0,14.5,0.828,7.5,26.0,33.5,16.5,11.3,4.3,3.0,4.5,23.8,15.8,78.0,-15.5,16,16,1,16,6,13,6,14,16,16,16,16,16,1,16,15,16,12,2,16,13,8,11,16,16,15,2008-09
1610612745,Houston Rockets,13,7,6,0.538,48.0,34.0,76.1,0.447,6.6,20.2,0.328,16.8,21.9,0.768,9.7,30.8,40.5,17.0,14.2,6.2,3.2,7.1,20.1,21.4,91.5,-1.5,6,5,11,5,6,10,8,10,9,4,14,12,12,7,9,5,6,10,12,12,12,16,1,10,9,8,2008-09
1610612747,Los Angeles Lakers,23,16,7,0.696,48.4,37.4,80.5,0.465,7.0,18.4,0.377,20.6,27.5,0.747,11.1,30.9,42.0,19.4,13.0,7.9,6.3,4.3,23.5,23.1,102.4,7.2,2,1,13,2,4,2,4,3,6,9,4,8,7,10,2,4,4,5,8,3,3,6,10,7,3,3,2008-09
1610612748,Miami Heat,7,3,4,0.429,48.0,31.3,69.6,0.45,7.1,20.0,0.357,18.4,22.6,0.816,8.9,29.9,38.7,15.0,13.4,6.1,5.7,3.6,22.1,21.3,88.1,0.9,9,9,1,8,6,14,16,8,5,5,8,10,11,2,12,8,9,15,10,13,4,3,7,11,12,5,2008-09
1610612740,New Orleans Hornets,5,1,4,0.2,48.0,27.8,70.2,0.396,6.0,18.4,0.326,22.6,28.0,0.807,9.2,27.8,37.0,15.8,18.4,6.6,2.6,5.2,24.8,24.8,84.2,-24.2,13,13,1,13,6,16,15,16,11,10,15,4,6,5,10,13,12,14,16,9,16,11,15,2,14,16,2008-09
1610612753,Orlando Magic,24,13,11,0.542,48.6,34.5,75.4,0.457,8.4,23.3,0.36,19.6,27.1,0.722,8.3,30.0,38.4,18.9,13.2,6.8,4.8,3.8,21.4,24.3,97.0,1.8,1,2,16,4,3,9,10,5,1,1,7,9,8,14,14,7,10,7,9,6,7,4,4,4,8,4,2008-09
1610612755,Philadelphia 76ers,6,2,4,0.333,48.0,34.0,75.0,0.453,5.8,15.8,0.368,14.7,20.7,0.71,8.0,28.8,36.8,17.8,14.7,6.2,3.0,5.0,23.0,20.2,88.5,-7.7,11,11,1,11,6,10,12,7,12,13,5,14,13,15,15,11,13,9,14,11,13,10,9,13,11,13,2008-09
1610612757,Portland Trail Blazers,6,2,4,0.333,48.0,33.3,74.5,0.447,5.5,14.2,0.388,15.0,19.7,0.763,9.8,26.5,36.3,14.7,11.3,6.0,7.5,3.3,21.7,20.0,87.2,-5.3,11,11,1,11,6,12,13,9,14,15,1,13,15,8,8,14,14,16,3,14,2,2,5,14,13,10,2008-09
1610612759,San Antonio Spurs,5,1,4,0.2,48.0,35.0,76.6,0.457,5.8,17.6,0.33,14.6,20.6,0.709,8.8,28.8,37.6,16.0,11.0,5.6,3.0,4.6,22.0,18.6,90.4,-6.0,13,13,1,13,6,6,7,6,13,11,13,15,14,16,13,12,11,13,1,15,13,9,6,15,10,11,2008-09
1610612762,Utah Jazz,5,1,4,0.2,48.0,35.0,81.0,0.432,5.0,14.6,0.342,22.4,30.2,0.742,13.2,29.4,42.6,25.4,14.6,9.8,3.4,5.6,23.8,24.4,97.4,-9.2,13,13,1,13,6,6,3,13,15,14,11,5,2,13,1,10,3,1,13,1,10,13,12,3,7,14,2008-09
1610612737,Atlanta Hawks,11,4,7,0.364,48.0,33.8,79.6,0.425,4.5,13.6,0.333,17.3,22.0,0.785,13.0,26.9,39.9,16.4,11.7,6.4,5.1,4.0,21.2,20.6,89.5,-6.8,5,6,14,9,3,10,3,14,15,15,10,14,14,5,1,15,8,14,3,9,5,3,3,13,14,12,2009-10
1610612738,Boston Celtics,24,15,9,0.625,48.2,34.3,75.7,0.453,5.8,16.0,0.363,19.5,25.8,0.755,8.8,30.3,39.1,21.1,13.9,8.0,4.6,5.4,24.6,22.7,93.9,2.8,1,2,16,3,2,8,13,8,11,13,6,9,10,8,14,6,13,2,13,2,9,11,13,10,9,4,2009-10
1610612766,Charlotte Bobcats,4,0,4,0.0,48.0,31.3,70.5,0.443,4.8,17.0,0.279,18.3,25.5,0.716,8.5,28.0,36.5,20.3,15.5,5.5,4.5,6.5,26.8,23.5,85.5,-9.3,16,16,1,16,3,15,16,9,14,11,16,12,11,14,16,13,16,5,15,16,10,14,14,7,16,15,2009-10
1610612741,Chicago Bulls,5,1,4,0.2,48.0,37.8,86.2,0.439,3.2,10.8,0.296,18.2,22.8,0.798,10.8,30.2,41.0,19.0,10.0,5.8,3.0,8.2,21.4,21.0,97.0,-9.2,14,14,1,14,3,3,1,10,16,16,15,13,13,3,8,7,5,10,1,15,16,16,4,12,6,14,2009-10
1610612739,Cleveland Cavaliers,11,6,5,0.545,48.0,34.9,74.5,0.469,7.2,20.6,0.348,23.2,31.3,0.741,8.6,31.1,39.7,21.1,14.9,6.1,6.6,4.2,21.9,24.5,100.2,1.3,5,5,10,5,3,7,14,4,3,5,8,4,4,10,15,3,9,3,14,11,1,5,5,5,5,5,2009-10
1610612742,Dallas Mavericks,6,2,4,0.333,48.0,34.0,79.3,0.429,6.3,19.3,0.328,18.5,23.3,0.793,12.0,31.8,43.8,18.5,13.0,7.5,5.0,3.2,22.5,19.8,92.8,-0.5,10,10,1,10,3,9,7,13,9,6,12,10,12,4,3,1,1,11,9,3,6,1,8,14,12,6,2009-10
1610612743,Denver Nuggets,6,2,4,0.333,48.0,37.3,78.5,0.476,6.5,18.2,0.358,28.2,36.8,0.765,10.3,29.3,39.7,19.2,13.7,8.2,4.7,4.3,30.8,27.8,109.3,-1.2,10,10,1,10,3,5,8,3,7,9,7,1,1,7,10,10,10,9,11,1,8,6,16,1,1,7,2009-10
1610612747,Los Angeles Lakers,23,16,7,0.696,48.0,37.3,81.2,0.46,6.8,20.7,0.33,19.6,26.0,0.754,12.8,30.1,42.9,19.7,12.5,6.7,6.2,4.8,23.2,23.3,101.1,3.8,2,1,14,2,3,4,2,7,4,4,11,8,9,9,2,8,3,6,5,6,2,9,12,8,4,3,2009-10
1610612748,Miami Heat,5,1,4,0.2,48.0,33.6,77.2,0.435,6.8,18.2,0.374,13.6,18.6,0.731,9.4,28.2,37.6,17.6,17.8,7.0,5.0,4.4,22.8,18.8,87.6,-8.2,14,14,1,14,3,12,11,11,5,8,3,16,16,12,12,12,14,12,16,4,6,7,9,16,15,13,2009-10
1610612749,Milwaukee Bucks,7,3,4,0.429,48.0,33.7,79.6,0.424,6.6,21.3,0.309,16.0,19.9,0.806,11.1,28.0,39.1,16.3,12.4,6.3,3.3,6.9,21.0,19.1,90.0,-3.7,9,9,1,6,3,11,5,15,6,3,13,15,15,2,5,13,12,15,4,10,15,15,1,15,13,11,2009-10
1610612760,Oklahoma City Thunder,6,2,4,0.333,48.0,30.7,78.5,0.391,5.5,18.5,0.297,27.0,32.3,0.835,11.7,31.7,43.3,16.2,12.5,6.5,6.2,6.2,22.8,24.8,93.8,-1.7,10,10,1,10,3,16,8,16,12,7,14,2,3,1,4,2,2,16,6,7,3,13,10,4,10,8,2009-10
1610612753,Orlando Magic,14,10,4,0.714,48.4,32.8,70.8,0.463,9.9,26.9,0.366,21.1,30.1,0.701,9.3,31.1,40.4,16.9,13.7,6.4,5.5,3.8,22.4,26.1,96.6,8.6,4,3,1,1,1,14,15,6,1,1,5,6,5,15,13,4,6,13,12,8,4,2,6,3,7,1,2009-10
1610612756,Phoenix Suns,16,10,6,0.625,48.0,38.0,79.6,0.477,9.4,24.4,0.384,21.8,28.1,0.773,10.7,29.4,40.1,20.8,12.6,5.9,4.1,5.2,22.4,23.3,107.1,4.6,3,3,11,3,3,2,4,2,2,2,1,5,6,6,9,9,7,4,7,14,14,10,7,9,2,2,2009-10
1610612757,Portland Trail Blazers,6,2,4,0.333,48.0,33.0,76.8,0.43,6.3,16.7,0.38,20.7,28.0,0.738,10.8,26.5,37.3,19.5,11.0,6.0,4.3,4.2,23.2,24.2,93.0,-10.3,10,10,1,10,3,13,12,12,9,12,2,7,7,11,7,16,15,7,2,12,12,4,11,6,11,16,2009-10
1610612759,San Antonio Spurs,10,4,6,0.4,48.0,36.4,78.5,0.464,4.8,14.2,0.338,18.5,26.6,0.695,10.1,31.0,41.1,19.2,12.7,6.8,4.3,4.5,21.0,22.6,96.1,-3.4,7,6,11,7,3,6,8,5,13,14,9,10,8,16,11,5,4,8,8,5,13,8,1,11,8,10,2009-10
1610612762,Utah Jazz,10,4,6,0.4,48.0,38.1,79.5,0.479,6.5,17.4,0.374,24.4,33.5,0.728,10.9,28.7,39.6,23.8,13.2,5.9,4.4,5.8,27.0,27.2,107.1,-2.2,7,6,11,7,3,1,6,1,7,10,4,3,2,13,6,11,11,1,10,13,11,12,15,2,3,9,2009-10
1610612737,Atlanta Hawks,12,6,6,0.5,48.0,32.9,75.8,0.434,4.5,13.9,0.323,15.9,21.9,0.726,9.0,28.2,37.2,18.1,12.4,6.3,5.0,5.3,20.3,20.0,86.3,-4.4,6,6,11,7,8,10,11,10,14,15,9,14,13,14,13,13,15,8,4,15,10,9,4,12,16,10,2010-11
1610612738,Boston Celtics,9,5,4,0.556,48.6,35.8,76.9,0.465,7.4,16.0,0.465,15.7,20.1,0.779,8.9,30.1,39.0,21.0,15.7,7.3,4.2,6.4,21.9,19.7,94.7,1.3,8,7,1,4,4,2,10,1,3,12,1,15,15,5,14,8,10,1,16,3,11,13,11,13,5,6,2010-11
1610612741,Chicago Bulls,16,9,7,0.563,48.3,34.0,80.6,0.422,6.3,19.2,0.329,18.2,23.2,0.784,13.4,30.2,43.6,20.1,13.6,7.3,6.6,6.4,21.3,19.6,92.5,4.3,4,3,14,3,6,6,4,12,6,5,8,12,12,3,2,7,2,5,10,5,3,12,8,14,9,2,2010-11
1610612742,Dallas Mavericks,21,16,5,0.762,48.2,34.5,74.9,0.461,8.8,22.2,0.394,20.5,25.4,0.809,9.7,28.7,38.4,20.1,12.9,7.1,4.1,5.1,20.1,21.6,98.2,5.8,1,1,10,1,7,5,13,2,1,3,2,6,8,2,11,10,12,4,8,8,12,7,3,8,3,1,2010-11
1610612743,Denver Nuggets,5,1,4,0.2,48.0,32.6,77.0,0.423,6.8,18.4,0.37,25.4,36.0,0.706,7.4,30.6,38.0,17.6,12.2,6.6,3.6,8.6,23.8,25.0,97.4,-4.8,13,13,1,13,8,14,9,11,4,6,5,2,1,16,16,5,13,11,3,11,14,16,15,1,4,11,2010-11
1610612754,Indiana Pacers,5,1,4,0.2,48.0,32.8,80.2,0.409,5.8,15.4,0.377,18.8,24.4,0.77,13.0,25.4,38.4,16.0,15.2,8.2,5.6,7.6,23.0,22.2,90.2,-7.4,13,13,1,13,8,12,5,14,10,13,4,10,11,8,4,16,11,15,13,1,7,15,12,6,11,14,2010-11
1610612747,Los Angeles Lakers,10,4,6,0.4,48.0,34.7,77.8,0.446,4.8,16.6,0.289,19.0,24.5,0.776,12.6,28.3,40.9,18.9,12.5,6.9,5.1,3.7,20.6,21.6,93.2,-1.3,7,8,11,8,8,4,7,5,13,10,15,9,10,7,5,12,7,6,5,9,9,2,6,7,7,8,2010-11
1610612763,Memphis Grizzlies,13,7,6,0.538,49.9,36.7,84.0,0.437,3.8,12.1,0.318,21.4,28.2,0.76,12.5,30.6,43.1,18.8,13.1,8.0,6.0,6.8,23.6,23.7,98.6,-0.7,5,5,11,5,1,1,1,8,16,16,11,5,4,10,6,4,3,7,9,2,5,14,13,4,2,7,2010-11
1610612748,Miami Heat,21,14,7,0.667,48.5,32.6,73.3,0.445,5.9,17.9,0.331,21.6,27.8,0.777,10.1,30.9,41.0,16.5,13.9,7.3,6.0,4.2,19.2,21.5,92.8,2.7,1,2,14,2,5,13,14,6,9,8,7,4,6,6,10,3,6,14,11,6,4,4,2,9,8,3,2010-11
1610612740,New Orleans Hornets,6,2,4,0.333,48.0,32.8,71.8,0.457,4.5,14.0,0.321,19.2,25.8,0.742,7.7,25.8,33.5,20.2,12.8,7.2,3.0,5.8,23.7,21.2,89.3,-7.2,9,9,1,9,8,11,16,3,14,14,10,8,7,12,15,15,16,3,6,7,16,10,14,10,12,13,2010-11
1610612752,New York Knicks,4,0,4,0.0,48.0,32.0,83.0,0.386,8.3,23.8,0.347,18.5,24.8,0.747,14.5,26.0,40.5,16.8,15.3,6.5,6.8,5.0,18.8,21.0,90.8,-8.5,16,16,1,16,8,15,2,16,2,1,6,11,9,11,1,14,9,13,14,12,2,6,1,11,10,16,2010-11
1610612760,Oklahoma City Thunder,17,9,8,0.529,49.5,35.3,79.7,0.443,6.3,19.9,0.316,25.6,31.4,0.816,13.1,32.9,45.9,17.6,15.4,6.8,7.6,5.2,25.0,23.1,102.5,1.9,3,3,16,6,2,3,6,7,7,4,12,1,2,1,3,1,1,10,15,10,1,8,16,5,1,4,2010-11
1610612753,Orlando Magic,6,2,4,0.333,48.0,31.0,75.8,0.409,6.2,23.5,0.262,20.5,27.8,0.737,11.8,30.5,42.3,14.5,12.8,6.5,4.0,3.8,21.5,24.2,88.7,1.8,9,9,1,9,8,16,11,15,8,2,16,7,5,13,7,6,4,16,6,12,13,3,9,3,13,5,2010-11
1610612755,Philadelphia 76ers,5,1,4,0.2,48.0,33.8,81.6,0.414,6.4,16.4,0.39,12.6,17.4,0.724,10.6,30.0,40.6,20.4,10.6,6.4,3.6,6.2,20.4,14.8,86.6,-7.4,13,13,1,13,8,7,3,13,5,11,3,16,16,15,8,9,8,2,1,14,14,11,5,16,15,14,2010-11
1610612757,Portland Trail Blazers,6,2,4,0.333,48.0,33.2,73.2,0.453,5.0,16.7,0.3,16.8,21.5,0.783,9.2,28.5,37.7,17.0,11.5,5.7,5.2,3.7,20.8,19.5,88.2,-5.2,9,9,1,9,8,9,15,4,12,9,13,13,14,4,12,11,14,12,2,16,8,1,7,15,14,12,2010-11
1610612759,San Antonio Spurs,6,2,4,0.333,48.8,33.7,77.2,0.436,5.3,18.2,0.294,21.7,28.5,0.76,10.2,31.5,41.7,17.8,14.3,7.3,5.8,4.8,21.5,24.5,94.3,-3.2,9,9,1,9,3,8,8,9,11,7,14,3,3,9,9,2,5,9,12,3,6,5,9,2,6,9,2010-11
1610612737,Atlanta Hawks,6,2,4,0.333,48.8,31.8,79.3,0.401,5.8,18.8,0.31,12.7,16.2,0.784,10.0,32.5,42.5,17.5,15.3,5.5,3.3,6.2,19.8,18.8,82.2,-4.7,11,11,1,11,2,13,7,14,7,7,9,15,16,4,11,2,7,8,14,15,15,10,4,14,16,12,2011-12
1610612738,Boston Celtics,20,11,9,0.55,48.8,33.8,77.2,0.438,4.7,16.3,0.285,17.3,21.6,0.799,8.0,31.9,39.9,19.8,13.0,8.2,4.9,4.4,21.7,19.8,89.5,1.0,2,3,16,4,3,8,12,5,12,12,13,9,12,3,16,6,13,4,5,3,10,4,11,10,10,5,2011-12
1610612741,Chicago Bulls,6,2,4,0.333,48.0,34.0,80.7,0.421,4.3,12.7,0.342,12.0,18.5,0.649,11.5,35.3,46.8,22.5,14.3,5.2,6.7,6.3,20.5,18.8,84.3,-1.7,11,11,1,11,8,7,4,10,13,14,6,16,15,16,7,1,3,2,10,16,5,12,7,14,13,9,2011-12
1610612742,Dallas Mavericks,4,0,4,0.0,48.0,31.5,78.0,0.404,8.0,21.5,0.372,22.3,26.8,0.832,10.5,30.0,40.5,15.5,14.5,8.0,3.5,7.3,20.8,24.3,93.3,-6.5,15,15,1,15,8,14,10,13,3,3,3,2,3,1,9,12,10,15,11,4,14,14,9,2,6,13,2011-12
1610612743,Denver Nuggets,7,3,4,0.429,48.0,38.4,89.3,0.43,5.3,19.0,0.278,14.6,20.3,0.718,15.4,32.3,47.7,20.9,11.1,7.0,6.9,9.4,21.0,18.7,96.7,0.4,9,9,1,7,8,1,1,6,9,6,14,13,13,12,2,4,2,3,1,8,2,16,10,16,4,7,2011-12
1610612754,Indiana Pacers,11,6,5,0.545,48.5,33.7,79.5,0.424,5.7,17.9,0.32,17.7,23.0,0.771,12.4,31.6,44.0,16.3,15.1,6.9,5.5,5.5,22.0,20.4,90.9,1.4,7,6,10,5,5,9,6,8,8,9,8,7,9,6,6,7,5,14,13,9,7,7,12,9,8,4,2011-12
1610612746,Los Angeles Clippers,11,4,7,0.364,48.5,34.5,75.3,0.458,6.2,16.4,0.378,15.8,23.7,0.667,8.7,28.1,36.8,17.3,14.7,9.5,6.5,5.0,24.1,21.5,90.9,-4.6,7,8,12,10,5,6,15,4,6,11,2,12,7,15,14,15,16,10,12,1,6,5,15,5,8,11,2011-12
1610612747,Los Angeles Lakers,12,5,7,0.417,48.0,35.2,83.2,0.423,5.3,17.3,0.304,18.4,23.7,0.778,14.2,30.7,44.8,18.8,12.5,5.8,7.8,7.4,19.7,21.7,94.0,-4.2,6,7,12,9,8,4,3,9,10,10,10,6,8,5,3,9,4,5,4,14,1,15,3,4,5,10,2011-12
1610612763,Memphis Grizzlies,7,3,4,0.429,48.7,32.6,76.3,0.427,3.4,11.9,0.289,22.9,30.7,0.744,13.4,29.3,42.7,16.3,15.4,7.1,4.9,6.1,23.3,25.6,91.4,0.7,9,9,1,7,4,11,13,7,15,15,12,1,1,8,4,13,6,13,15,7,11,9,14,1,7,6,2011-12
1610612748,Miami Heat,23,16,7,0.696,48.4,35.0,76.0,0.46,6.8,19.7,0.347,20.6,27.7,0.744,10.2,30.3,40.4,17.5,13.0,7.3,5.0,3.8,20.6,23.9,97.3,7.1,1,1,12,2,7,5,14,3,4,4,5,3,2,9,10,11,11,9,5,6,9,2,8,3,3,1,2011-12
1610612752,New York Knicks,5,1,4,0.2,48.0,30.6,73.4,0.417,5.0,18.2,0.275,16.6,21.8,0.761,12.4,28.0,40.4,12.6,18.4,6.0,2.2,3.8,24.2,19.8,82.8,-14.0,13,13,1,13,8,16,16,11,11,8,15,11,11,7,5,16,12,16,16,12,16,1,16,10,15,15,2011-12
1610612760,Oklahoma City Thunder,20,13,7,0.65,48.0,37.2,80.0,0.465,6.8,19.2,0.355,20.1,24.5,0.82,9.3,30.5,39.8,18.0,11.6,8.7,6.9,4.1,22.4,20.9,101.3,4.0,2,2,12,3,8,3,5,2,5,5,4,4,5,2,13,10,14,7,3,2,3,3,13,8,2,3,2011-12
1610612753,Orlando Magic,5,1,4,0.2,49.0,31.0,77.8,0.398,8.4,24.6,0.341,13.4,19.0,0.705,9.8,28.6,38.4,17.2,14.0,6.0,4.4,6.2,19.0,19.0,83.8,-10.8,13,13,1,13,1,15,11,15,2,1,7,14,14,13,12,14,15,11,8,12,13,11,2,13,14,14,2011-12
1610612755,Philadelphia 76ers,13,7,6,0.538,48.0,32.1,78.1,0.411,4.0,13.2,0.304,17.5,24.4,0.719,10.8,31.0,41.8,18.2,11.5,7.6,5.3,6.0,18.7,21.0,85.7,-1.2,5,5,11,6,8,12,9,12,14,13,11,8,6,11,8,8,8,6,2,5,8,8,1,6,12,8,2011-12
1610612759,San Antonio Spurs,14,10,4,0.714,48.0,37.9,78.9,0.481,9.4,22.6,0.416,16.7,22.9,0.731,8.6,32.0,40.6,22.9,14.3,6.5,4.6,7.0,20.4,20.9,102.0,5.9,4,4,1,1,8,2,8,1,1,2,1,10,10,10,15,5,9,1,9,10,12,13,6,7,1,2,2011-12
1610612762,Utah Jazz,4,0,4,0.0,48.0,32.8,85.8,0.382,2.3,11.3,0.2,18.5,26.3,0.705,16.0,32.5,48.5,16.8,13.5,6.5,6.8,5.5,20.3,19.8,86.3,-16.0,15,15,1,15,8,10,2,16,16,16,16,5,4,14,1,2,1,12,7,10,4,6,5,12,11,16,2011-12
1610612737,Atlanta Hawks,6,2,4,0.333,48.0,32.7,77.3,0.422,6.2,18.7,0.33,17.8,26.2,0.682,8.3,30.0,38.3,19.2,12.2,7.3,3.8,4.8,24.2,23.8,89.3,-5.2,10,10,1,10,11,14,11,13,10,13,8,9,5,14,15,9,13,9,4,6,13,9,14,4,12,10,2012-13
1610612738,Boston Celtics,6,2,4,0.333,48.8,28.5,69.0,0.413,6.8,20.7,0.331,18.5,21.5,0.86,5.2,33.8,39.0,16.8,17.3,5.5,3.0,4.3,18.8,21.3,82.3,-5.3,10,10,1,10,6,16,16,15,8,8,7,7,12,1,16,2,11,15,16,14,14,6,2,10,16,11,2012-13
1610612751,Brooklyn Nets,7,3,4,0.429,50.1,37.0,83.7,0.442,6.1,19.4,0.316,19.3,25.4,0.758,11.7,30.4,42.1,19.9,11.6,6.3,5.6,5.7,19.9,21.7,99.4,2.0,9,9,1,8,1,4,3,6,11,10,12,6,6,7,5,8,6,5,2,10,3,12,5,9,5,4,2012-13
1610612741,Chicago Bulls,12,5,7,0.417,49.3,35.0,79.9,0.438,5.4,17.0,0.319,16.5,22.9,0.72,11.8,29.0,40.8,19.5,14.3,6.4,4.6,5.8,22.4,21.2,91.9,-6.7,5,7,13,9,3,7,9,8,14,15,11,11,10,12,3,11,8,7,9,8,10,13,8,11,10,14,2012-13
1610612743,Denver Nuggets,6,2,4,0.333,48.0,37.2,84.8,0.438,7.0,22.5,0.311,21.7,29.7,0.73,11.8,26.8,38.7,21.2,14.5,9.0,2.8,6.7,23.2,23.5,103.0,-4.2,10,10,1,10,11,3,1,7,7,5,13,2,1,11,2,15,12,3,10,2,15,15,10,6,1,9,2012-13
1610612744,Golden State Warriors,12,6,6,0.5,49.3,39.0,84.4,0.462,8.7,22.3,0.388,16.0,21.8,0.736,11.5,34.6,46.1,21.7,16.5,6.4,4.9,3.5,23.8,21.9,102.7,0.2,5,5,9,5,3,1,2,4,2,6,1,13,11,10,6,1,1,2,14,8,8,2,12,8,2,7,2012-13
1610612745,Houston Rockets,6,2,4,0.333,48.0,34.3,81.0,0.424,11.7,33.7,0.347,19.7,27.7,0.711,10.8,32.7,43.5,18.0,15.8,5.8,5.5,7.3,23.2,24.7,100.0,-5.8,10,10,1,10,11,10,7,12,1,1,5,5,4,13,7,6,3,12,11,12,4,16,10,3,4,13,2012-13
1610612754,Indiana Pacers,19,11,8,0.579,48.3,32.2,74.4,0.433,6.3,19.2,0.327,21.1,28.5,0.74,12.7,32.9,45.6,17.5,16.4,5.4,4.5,4.7,22.4,24.8,91.8,0.2,3,3,16,3,10,15,15,10,9,12,9,3,3,9,1,4,2,14,13,15,11,7,9,2,11,8,2012-13
1610612746,Los Angeles Clippers,6,2,4,0.333,48.0,35.2,75.3,0.467,5.8,19.2,0.304,18.5,23.7,0.782,8.8,28.3,37.2,18.0,13.3,5.2,5.7,4.2,27.8,23.8,94.7,-5.5,10,10,1,10,11,6,14,2,13,11,14,7,8,4,12,14,15,12,7,16,2,3,16,4,8,12,2012-13
1610612747,Los Angeles Lakers,4,0,4,0.0,48.0,34.5,78.0,0.442,5.0,18.5,0.27,11.3,18.5,0.608,8.5,31.5,40.0,18.5,16.5,5.8,5.3,5.0,17.5,18.0,85.3,-18.8,15,15,1,15,11,9,10,5,15,14,15,16,15,16,14,7,9,10,14,13,6,11,1,16,14,16,2012-13
1610612763,Memphis Grizzlies,15,8,7,0.533,49.0,34.1,81.5,0.418,4.8,14.8,0.324,21.7,29.1,0.748,11.7,30.0,41.7,19.3,10.7,7.3,4.6,6.5,22.1,25.3,94.7,0.6,4,4,13,4,5,11,6,14,16,16,10,1,2,8,4,9,7,8,1,7,9,14,6,1,8,6,2012-13
1610612748,Miami Heat,23,16,7,0.696,48.4,35.8,76.6,0.468,7.7,20.2,0.381,17.8,23.2,0.766,9.7,28.4,38.1,20.6,13.1,8.3,5.4,3.4,22.2,21.0,97.1,6.4,1,1,13,2,8,5,13,1,6,9,2,10,9,5,11,13,14,4,6,4,5,1,7,13,7,2,2012-13
1610612749,Milwaukee Bucks,4,0,4,0.0,48.0,33.3,76.8,0.433,6.0,23.0,0.261,12.8,20.3,0.63,8.8,26.0,34.8,19.8,16.3,10.0,2.5,4.3,19.8,20.3,85.3,-14.8,15,15,1,15,11,12,12,9,12,4,16,15,14,15,13,16,16,6,12,1,16,5,4,14,14,15,2012-13
1610612752,New York Knicks,12,6,6,0.5,48.4,33.3,81.0,0.41,8.0,23.3,0.343,14.1,18.0,0.782,10.7,28.8,39.5,15.1,11.6,8.8,4.3,4.2,23.8,18.9,88.6,2.7,5,5,9,5,9,12,7,16,4,3,6,14,16,3,8,12,10,16,3,3,12,3,12,15,13,3,2012-13
1610612760,Oklahoma City Thunder,11,5,6,0.455,48.5,34.8,81.6,0.427,8.6,24.7,0.349,20.2,24.1,0.838,9.8,33.1,42.9,18.1,13.6,6.0,7.0,4.9,24.9,22.1,98.5,1.4,8,7,9,7,7,8,5,11,3,2,4,4,7,2,9,3,4,11,8,11,1,10,15,7,6,5,2012-13
1610612759,San Antonio Spurs,21,15,6,0.714,49.4,38.0,82.2,0.463,7.9,20.8,0.378,16.4,21.5,0.763,9.7,32.9,42.6,21.9,12.9,7.9,5.0,4.7,19.1,21.1,100.3,7.0,2,2,9,1,2,2,4,3,5,7,3,12,13,6,10,5,5,1,5,5,7,8,3,12,3,1,2012-13
1610612737,Atlanta Hawks,7,3,4,0.429,48.0,30.3,78.7,0.385,11.3,32.9,0.343,20.6,24.9,0.828,9.1,30.1,39.3,16.9,13.6,6.6,4.6,6.3,20.9,22.6,92.4,-1.0,9,9,1,8,8,16,10,16,1,1,9,5,7,2,13,9,14,16,9,9,5,13,6,8,12,6,2013-14
1610612751,Brooklyn Nets,12,5,7,0.417,48.0,34.8,75.1,0.463,7.8,22.7,0.342,18.3,24.8,0.737,10.0,27.8,37.8,18.3,12.3,6.9,2.8,4.0,22.3,22.6,95.5,-1.3,6,7,11,13,8,10,13,3,9,8,10,9,8,10,11,16,15,11,4,8,15,6,10,7,11,9,2013-14
1610612766,Charlotte Bobcats,4,0,4,0.0,48.0,33.8,75.3,0.449,7.8,21.3,0.365,16.8,23.5,0.713,8.3,31.5,39.8,19.8,15.0,4.3,4.5,4.5,20.3,19.8,92.0,-9.8,16,16,1,16,8,12,12,9,9,11,5,14,11,15,14,7,12,6,13,16,7,10,2,14,13,16,2013-14
1610612741,Chicago Bulls,5,1,4,0.2,49.0,33.2,78.6,0.422,6.4,19.2,0.333,17.2,22.8,0.754,12.2,29.6,41.8,20.2,13.2,5.0,4.4,6.6,22.0,22.2,90.0,-4.6,15,15,1,15,5,14,11,14,14,14,12,11,13,8,4,11,8,5,8,15,8,14,8,9,16,13,2013-14
1610612742,Dallas Mavericks,7,3,4,0.429,48.0,39.1,86.7,0.451,8.4,22.4,0.376,14.4,18.9,0.765,11.7,29.0,40.7,19.1,11.4,6.6,4.1,3.6,20.3,19.6,101.1,-2.0,9,9,1,8,8,4,4,6,6,9,4,16,16,7,7,13,10,9,2,9,11,3,3,16,7,11,2013-14
1610612744,Golden State Warriors,7,3,4,0.429,48.0,38.3,83.1,0.46,9.6,26.3,0.364,20.3,27.9,0.728,13.1,29.6,42.7,24.4,17.3,7.0,4.6,5.1,25.3,23.0,106.4,-4.4,9,9,1,8,8,6,6,5,2,2,6,6,4,13,2,12,5,1,16,7,5,12,14,5,3,12,2013-14
1610612745,Houston Rockets,6,2,4,0.333,50.5,40.8,91.7,0.445,8.2,25.7,0.318,22.2,29.8,0.743,16.7,32.5,49.2,18.3,13.8,6.0,5.0,9.2,26.0,24.8,112.0,0.3,14,14,1,14,2,1,1,10,7,4,14,2,1,9,1,4,1,11,12,12,4,16,16,1,1,5,2013-14
1610612754,Indiana Pacers,19,10,9,0.526,48.0,33.6,74.5,0.451,7.3,19.3,0.38,17.0,23.4,0.727,8.2,31.3,39.5,18.8,13.6,7.1,4.2,4.3,20.7,21.6,91.6,-1.0,3,3,15,4,8,13,14,7,12,13,3,13,12,14,15,8,13,10,10,6,10,9,5,11,14,6,2013-14
1610612746,Los Angeles Clippers,13,6,7,0.462,48.0,39.4,85.4,0.461,9.2,25.8,0.355,20.8,28.5,0.73,11.4,28.4,39.8,23.8,12.6,9.4,4.4,4.8,24.3,24.1,108.8,2.0,5,5,11,6,8,3,5,4,4,3,7,4,3,11,8,14,11,2,6,1,9,11,13,3,2,2,2013-14
1610612763,Memphis Grizzlies,7,3,4,0.429,50.9,36.7,88.1,0.417,4.4,15.3,0.29,18.9,25.9,0.729,12.9,29.9,42.7,21.7,11.1,9.0,2.4,7.6,20.9,23.0,96.7,-5.4,9,9,1,8,1,7,2,15,16,16,16,8,6,12,3,10,5,4,1,2,16,15,6,5,9,14,2013-14
1610612748,Miami Heat,20,13,7,0.65,48.0,35.4,72.2,0.491,9.3,23.5,0.396,17.2,22.0,0.78,6.0,28.1,34.0,18.3,12.2,7.4,3.9,2.8,20.7,19.6,97.3,1.8,2,2,11,2,8,9,16,2,3,5,2,12,15,5,16,15,16,13,3,5,12,1,4,15,8,3,2013-14
1610612760,Oklahoma City Thunder,19,10,9,0.526,49.3,36.6,81.4,0.45,7.5,23.3,0.323,21.8,26.6,0.82,11.2,34.1,45.2,19.3,15.1,6.3,6.2,3.1,23.0,22.2,102.5,-1.1,3,3,15,4,4,8,7,8,11,6,13,3,5,3,9,1,2,8,14,11,1,2,12,10,6,8,2013-14
1610612757,Portland Trail Blazers,11,5,6,0.455,49.4,38.4,87.7,0.437,7.9,22.8,0.347,19.6,24.6,0.797,11.7,32.5,44.2,17.5,13.8,5.9,6.0,4.3,22.5,23.3,104.3,-6.3,7,7,10,7,3,5,3,12,8,7,8,7,9,4,5,5,4,15,11,13,2,7,11,4,5,15,2013-14
1610612759,San Antonio Spurs,23,16,7,0.696,48.2,39.7,80.9,0.491,8.8,21.6,0.409,18.0,23.5,0.767,9.4,32.6,42.0,22.2,12.6,8.1,3.5,3.7,19.8,21.6,106.3,9.3,1,1,11,1,7,2,8,1,5,10,1,10,10,6,12,3,7,3,5,3,13,5,1,12,4,1,2013-14
1610612761,Toronto Raptors,7,3,4,0.429,48.0,32.7,74.1,0.441,6.6,21.0,0.313,24.1,29.0,0.833,10.1,31.6,41.7,17.7,15.3,5.6,3.0,3.6,25.9,24.1,96.1,-1.6,9,9,1,8,8,15,15,11,13,12,15,1,2,1,10,6,9,14,15,14,14,3,15,2,10,10,2013-14
1610612764,Washington Wizards,11,6,5,0.545,48.5,34.5,79.7,0.432,5.6,16.8,0.335,15.8,22.7,0.696,11.7,33.2,44.9,19.5,12.8,7.5,5.6,4.3,22.3,21.2,90.4,0.9,7,5,9,3,6,11,9,13,15,15,11,15,14,16,5,2,3,7,7,4,3,7,9,13,15,4,2013-14
1610612737,Atlanta Hawks,16,8,8,0.5,48.6,36.9,85.6,0.431,9.1,28.6,0.317,15.2,19.4,0.781,9.8,33.9,43.7,23.8,12.7,8.5,4.9,4.3,19.7,19.2,98.0,-0.2,4,4,15,6,9,8,4,9,8,3,11,15,16,4,13,9,11,3,5,4,10,1,4,14,9,7,2014-15
1610612738,Boston Celtics,4,0,4,0.0,48.0,34.8,82.8,0.42,5.5,21.5,0.256,19.8,25.5,0.775,10.0,30.8,40.8,20.0,13.5,5.3,3.8,7.8,26.8,23.3,94.8,-9.3,14,14,1,14,12,13,15,11,14,13,16,4,4,6,11,15,15,13,9,15,14,16,15,4,13,14,2014-15
1610612751,Brooklyn Nets,6,2,4,0.333,48.8,36.2,83.2,0.435,8.5,24.0,0.354,15.5,20.8,0.744,9.5,35.0,44.5,21.7,14.3,7.5,3.3,4.7,19.0,18.5,96.3,-5.5,10,10,1,10,4,10,14,8,9,11,5,12,14,8,15,2,9,9,13,7,15,2,2,16,10,11,2014-15
1610612741,Chicago Bulls,12,6,6,0.5,48.8,35.1,83.8,0.419,9.2,24.6,0.373,16.7,21.5,0.775,11.7,33.8,45.4,22.2,14.0,7.2,6.6,7.1,18.8,20.3,96.0,3.4,6,6,12,6,4,12,11,13,7,9,3,11,12,5,5,11,7,7,11,10,2,15,1,11,12,4,2014-15
1610612739,Cleveland Cavaliers,20,14,6,0.7,48.8,34.7,82.7,0.42,9.8,28.7,0.34,19.9,26.9,0.738,12.3,34.9,47.1,18.0,13.0,6.3,6.4,4.7,20.9,22.5,99.0,4.0,2,2,12,2,6,14,16,12,2,2,8,3,3,9,2,4,3,15,6,13,3,4,7,5,8,2,2014-15
1610612742,Dallas Mavericks,5,1,4,0.2,48.0,41.6,92.0,0.452,7.6,24.4,0.311,19.2,25.2,0.762,13.6,33.8,47.4,21.2,14.2,7.0,4.6,5.2,27.2,24.6,110.0,-4.2,12,12,1,12,12,1,1,3,11,10,13,5,6,7,1,10,1,10,12,12,12,7,16,3,1,10,2014-15
1610612744,Golden State Warriors,21,16,5,0.762,48.7,38.2,84.2,0.453,11.4,30.5,0.374,15.5,22.1,0.699,11.6,34.0,45.6,24.5,14.6,8.0,5.8,4.7,22.4,20.9,103.3,7.8,1,1,10,1,7,4,9,2,1,1,2,13,10,13,7,8,6,1,15,6,5,2,9,7,5,1,2014-15
1610612745,Houston Rockets,17,9,8,0.529,48.0,37.4,83.4,0.448,9.5,27.5,0.344,24.0,36.7,0.654,10.9,34.8,45.7,21.9,15.5,8.4,5.5,5.4,23.4,27.2,108.2,-2.5,3,3,15,5,12,6,13,6,4,4,7,1,1,16,8,5,5,8,16,5,7,8,10,1,2,9,2014-15
1610612746,Los Angeles Clippers,14,7,7,0.5,48.4,39.5,84.8,0.466,8.4,25.4,0.329,20.4,30.6,0.667,9.6,35.0,44.6,22.5,13.1,8.6,5.9,4.9,24.8,25.1,107.8,1.4,5,5,14,6,11,2,6,1,10,7,9,2,2,15,14,2,8,6,7,3,4,6,12,2,3,5,2014-15
1610612763,Memphis Grizzlies,11,6,5,0.545,48.0,35.7,84.1,0.425,4.4,14.0,0.312,18.9,22.7,0.832,10.5,32.9,43.5,20.4,11.0,8.6,4.1,5.6,19.4,20.4,94.7,-1.3,7,6,10,4,12,11,10,10,16,16,12,6,8,1,10,12,13,11,1,2,13,9,3,10,14,8,2014-15
1610612749,Milwaukee Bucks,6,2,4,0.333,49.7,34.2,88.2,0.388,5.5,18.2,0.303,14.7,20.8,0.704,12.2,31.5,43.7,20.3,13.2,10.8,6.7,7.0,21.2,18.8,88.5,-12.3,10,10,1,10,1,15,3,16,14,15,14,16,14,12,3,13,12,12,8,1,1,14,8,15,16,15,2014-15
1610612740,New Orleans Pelicans,4,0,4,0.0,49.3,38.0,84.3,0.451,6.8,21.3,0.318,18.0,22.3,0.809,10.8,31.3,42.0,23.3,13.5,7.5,5.8,6.3,23.8,19.8,100.8,-8.0,14,14,1,14,2,5,8,4,13,14,10,7,9,3,9,14,14,4,9,7,6,12,11,13,7,13,2014-15
1610612757,Portland Trail Blazers,5,1,4,0.2,48.0,33.4,83.6,0.4,9.2,26.2,0.351,17.8,21.6,0.824,10.0,34.2,44.2,16.6,11.6,3.4,5.2,6.2,20.6,20.0,93.8,-6.8,12,12,1,12,12,16,12,15,6,5,6,8,11,2,11,7,10,16,2,16,9,11,6,12,15,12,2014-15
1610612759,San Antonio Spurs,7,3,4,0.429,48.7,38.3,85.3,0.449,9.6,26.1,0.366,17.3,25.4,0.68,11.7,34.7,46.4,24.1,12.1,6.1,4.7,6.1,24.9,20.9,103.4,0.4,9,9,1,9,7,3,5,5,3,6,4,9,5,14,4,6,4,2,4,14,11,10,13,8,4,6,2014-15
1610612761,Toronto Raptors,4,0,4,0.0,49.3,36.8,88.3,0.416,7.5,25.0,0.3,15.3,21.3,0.718,8.8,29.8,38.5,19.5,12.0,7.5,2.3,6.5,25.0,20.5,96.3,-14.0,14,14,1,14,2,9,2,14,12,8,15,14,13,11,16,16,16,14,3,7,16,13,14,9,11,16,2014-15
1610612764,Washington Wizards,10,6,4,0.6,48.5,37.3,84.5,0.441,9.4,23.3,0.403,17.1,23.7,0.722,11.6,35.6,47.2,23.1,14.5,7.1,5.3,4.8,20.0,21.9,101.1,3.9,8,6,1,3,10,7,7,7,5,12,1,10,7,10,6,1,2,5,14,11,8,5,5,6,6,3,2014-15
1610612737,Atlanta Hawks,10,4,6,0.4,48.5,36.6,84.8,0.432,10.6,31.8,0.333,16.3,20.5,0.795,8.9,35.4,44.3,22.6,14.4,7.5,7.6,5.5,20.2,20.9,100.1,-1.0,7,8,11,10,4,8,6,10,4,2,8,12,14,4,13,1,6,2,12,9,1,12,5,10,6,8,2015-16
1610612738,Boston Celtics,6,2,4,0.333,48.8,34.3,89.5,0.384,8.7,31.5,0.275,16.5,21.0,0.786,10.7,35.3,46.0,21.0,14.7,6.3,6.5,8.7,22.0,20.0,93.8,-6.7,11,11,1,11,2,11,1,16,6,3,15,10,13,6,8,2,5,7,14,11,3,15,12,13,10,11,2015-16
1610612766,Charlotte Hornets,7,3,4,0.429,48.0,31.9,80.4,0.396,5.7,18.6,0.308,20.9,24.9,0.839,7.1,29.7,36.9,13.6,9.4,5.7,3.3,7.1,17.4,21.6,90.3,-8.9,9,9,1,8,7,16,14,13,14,15,10,2,5,1,15,13,15,16,1,14,14,14,1,7,15,13,2015-16
1610612739,Cleveland Cavaliers,21,16,5,0.762,48.0,38.3,81.8,0.469,12.3,30.2,0.406,15.8,21.8,0.725,10.7,32.6,43.3,21.2,12.5,7.8,4.2,4.5,19.6,21.0,104.8,8.6,2,1,10,1,7,3,9,3,2,5,2,14,11,11,7,9,8,6,6,5,9,5,4,9,4,2,2015-16
1610612742,Dallas Mavericks,5,1,4,0.2,48.0,35.4,81.2,0.436,6.2,21.4,0.29,16.8,24.2,0.694,9.2,25.8,35.0,20.6,11.8,6.0,2.4,4.6,24.0,22.4,93.8,-18.2,13,13,1,13,7,10,12,9,13,10,14,9,7,13,10,16,16,8,5,13,16,7,15,2,11,14,2015-16
1610612765,Detroit Pistons,4,0,4,0.0,48.0,36.0,75.3,0.478,8.8,23.3,0.376,14.3,22.0,0.648,7.0,30.8,37.8,21.8,10.5,5.3,3.3,2.5,19.0,20.3,95.0,-8.5,15,15,1,15,7,9,15,1,5,8,6,15,10,14,16,11,14,3,3,16,15,1,3,12,9,12,2015-16
1610612744,Golden State Warriors,24,15,9,0.625,48.2,38.9,85.6,0.455,12.8,32.4,0.393,17.1,23.3,0.735,10.5,32.7,43.2,24.3,14.0,8.0,5.5,5.2,22.0,22.1,107.7,4.4,1,2,15,2,6,1,3,5,1,1,3,8,9,10,9,8,9,1,11,4,6,10,11,4,1,4,2015-16
1610612745,Houston Rockets,5,1,4,0.2,48.0,33.0,85.6,0.386,7.6,28.4,0.268,17.6,27.4,0.642,14.4,33.0,47.4,18.0,19.0,8.4,4.2,5.4,25.6,22.2,91.2,-18.8,13,13,1,13,7,13,4,15,10,6,16,7,3,15,1,7,2,12,16,3,10,11,16,3,14,15,2015-16
1610612754,Indiana Pacers,7,3,4,0.429,48.0,33.0,74.9,0.441,8.1,21.3,0.383,19.6,23.9,0.82,9.1,30.1,39.3,18.1,14.4,7.6,5.6,4.6,22.3,21.7,93.7,1.4,9,9,1,8,7,13,16,7,9,11,4,3,8,2,11,12,13,11,13,8,5,6,13,6,12,6,2015-16
1610612746,LA Clippers,6,2,4,0.333,48.0,37.2,85.0,0.437,5.7,19.5,0.291,18.3,29.3,0.625,11.3,34.8,46.2,18.2,9.7,8.5,4.7,3.5,20.5,23.8,98.3,1.0,11,11,1,11,7,5,5,8,15,12,13,5,1,16,5,4,4,10,2,2,8,3,7,1,7,7,2015-16
1610612763,Memphis Grizzlies,4,0,4,0.0,48.0,32.0,81.3,0.394,4.8,16.0,0.297,12.3,17.5,0.7,13.8,27.3,41.0,16.5,15.5,7.8,4.0,9.3,21.5,17.5,81.0,-22.0,15,15,1,15,7,15,11,14,16,16,12,16,16,12,2,15,10,13,15,6,11,16,9,16,16,16,2015-16
1610612748,Miami Heat,14,7,7,0.5,49.1,36.9,80.5,0.458,6.9,19.1,0.358,16.3,21.3,0.765,9.1,35.1,44.2,16.4,13.1,5.4,5.9,3.4,21.2,19.6,96.9,3.1,5,5,13,5,1,7,13,4,11,13,7,13,12,7,12,3,7,14,9,15,4,2,8,15,8,5,2015-16
1610612760,Oklahoma City Thunder,18,11,7,0.611,48.0,38.2,84.5,0.452,8.3,24.9,0.333,21.7,27.6,0.786,12.5,34.4,46.9,20.5,13.9,7.7,5.4,4.0,20.3,21.2,106.4,5.3,4,3,13,3,7,4,7,6,7,7,9,1,2,5,4,6,3,9,10,7,7,4,6,8,2,3,2015-16
1610612757,Portland Trail Blazers,11,5,6,0.455,48.5,37.1,89.1,0.416,11.9,31.3,0.381,18.9,25.5,0.74,12.9,34.7,47.6,21.5,13.1,6.2,3.9,5.9,23.5,21.8,105.0,-2.5,6,7,11,7,5,6,2,12,3,4,5,4,4,8,3,5,1,4,8,12,12,13,14,5,3,9,2015-16
1610612759,San Antonio Spurs,10,6,4,0.6,48.0,38.7,82.5,0.469,8.2,19.1,0.429,16.4,20.5,0.8,7.9,31.6,39.5,21.3,11.6,9.1,7.0,4.7,18.2,19.9,102.0,9.1,7,6,1,4,7,2,8,2,8,14,1,11,14,3,14,10,12,5,4,1,2,8,2,14,5,1,2015-16
1610612761,Toronto Raptors,20,10,10,0.5,48.8,34.3,81.4,0.421,6.9,23.0,0.298,18.1,24.5,0.737,10.8,29.6,40.4,15.7,13.0,7.5,3.7,4.9,21.9,20.5,93.4,-4.3,3,4,16,5,3,12,10,11,12,9,11,6,6,9,6,14,11,15,7,9,13,9,10,11,13,10,2015-16
1610612737,Atlanta Hawks,6,2,4,0.333,48.0,37.5,84.5,0.444,8.3,27.3,0.305,22.2,29.0,0.764,11.3,33.0,44.3,22.3,16.0,6.0,3.3,7.5,21.3,24.8,105.5,-1.2,10,10,2,10,6,8,8,12,13,7,15,1,1,12,5,4,4,5,16,15,13,15,9,1,7,8,2016-17
1610612738,Boston Celtics,18,9,9,0.5,48.3,38.4,84.1,0.457,12.7,34.4,0.369,15.7,20.3,0.773,9.4,28.5,37.9,26.9,13.4,7.7,4.1,5.2,20.8,19.0,105.2,-2.9,1,3,16,5,5,7,9,7,3,2,6,15,14,8,9,15,14,2,10,8,11,12,5,13,8,9,2016-17
1610612741,Chicago Bulls,6,2,4,0.333,48.0,36.3,82.5,0.44,7.0,23.5,0.298,16.8,19.8,0.849,12.5,34.2,46.7,20.0,15.3,7.2,5.2,3.7,18.3,17.2,96.5,-6.8,10,10,2,10,6,11,11,14,16,13,16,12,16,2,2,2,1,9,15,13,4,3,1,16,14,13,2016-17
1610612739,Cleveland Cavaliers,18,13,5,0.722,48.0,40.9,83.1,0.493,14.2,33.9,0.42,20.1,26.2,0.767,9.2,32.9,42.2,22.1,13.1,7.4,4.7,3.8,18.8,22.3,116.2,7.9,1,2,10,2,6,2,10,2,1,4,1,4,3,11,11,6,9,6,7,10,8,4,3,4,2,2,2016-17
1610612744,Golden State Warriors,17,16,1,0.941,48.0,42.9,87.0,0.494,12.7,32.9,0.386,20.7,25.4,0.815,9.3,36.5,45.8,28.2,13.6,8.7,6.1,3.8,21.8,21.6,119.3,13.5,3,1,1,1,6,1,4,1,4,5,4,2,5,3,10,1,2,1,11,1,3,5,12,5,1,1,2016-17
1610612745,Houston Rockets,11,6,5,0.545,48.5,37.3,85.0,0.439,12.8,38.5,0.333,20.4,25.8,0.789,9.9,33.0,42.9,19.5,14.0,7.7,4.6,7.0,20.9,19.5,107.7,1.2,6,6,10,3,3,9,7,15,2,1,10,3,4,7,8,4,8,13,13,7,9,14,7,11,5,3,2016-17
1610612754,Indiana Pacers,4,0,4,0.0,48.0,40.5,87.0,0.466,11.3,28.8,0.391,16.5,21.5,0.767,11.8,30.3,42.0,22.5,13.3,8.0,3.8,6.3,22.8,18.3,108.8,-4.0,15,15,2,15,6,3,4,4,5,6,3,14,12,10,4,12,10,4,8,4,12,13,15,15,3,10,2016-17
1610612746,LA Clippers,7,3,4,0.429,48.0,36.4,77.0,0.473,8.1,23.4,0.348,16.7,24.0,0.696,7.7,30.0,37.7,18.4,12.1,6.3,2.4,3.1,20.3,20.9,97.7,-1.1,9,9,2,7,6,10,16,3,14,15,9,13,8,14,13,13,15,15,3,14,16,1,4,8,12,7,2016-17
1610612763,Memphis Grizzlies,6,2,4,0.333,48.8,34.7,77.2,0.449,9.3,24.2,0.386,17.7,20.3,0.869,7.7,27.8,35.5,18.8,11.3,5.2,2.5,3.8,22.2,19.2,96.3,-8.3,10,10,2,10,1,16,15,9,8,12,5,10,14,1,14,16,16,14,1,16,15,6,13,12,15,14,2016-17
1610612749,Milwaukee Bucks,6,2,4,0.333,48.0,34.8,78.2,0.446,9.0,21.7,0.415,14.5,20.8,0.696,8.2,29.8,38.0,21.2,13.3,8.2,5.0,4.7,21.3,21.2,93.2,-0.7,10,10,2,10,6,15,14,10,9,16,2,16,13,15,12,14,13,8,9,3,5,9,9,7,16,6,2016-17
1610612760,Oklahoma City Thunder,5,1,4,0.2,48.0,38.6,87.4,0.442,8.4,27.0,0.311,18.6,27.0,0.689,12.2,31.4,43.6,19.8,12.8,8.4,8.0,5.0,22.2,22.6,104.2,-8.6,14,14,2,14,6,6,3,13,11,8,14,7,2,16,3,11,6,10,5,2,1,10,14,2,9,15,2016-17
1610612757,Portland Trail Blazers,4,0,4,0.0,48.0,35.5,89.5,0.397,11.0,34.0,0.324,19.5,24.3,0.804,10.0,34.0,44.0,15.8,15.3,7.3,4.8,10.3,21.8,18.8,101.5,-18.0,15,15,2,15,6,13,1,16,6,3,12,6,7,5,7,3,5,16,14,12,6,16,11,14,10,16,2016-17
1610612759,San Antonio Spurs,16,8,8,0.5,48.6,40.0,86.6,0.462,8.6,24.4,0.35,18.5,23.9,0.773,12.8,31.7,44.4,21.3,12.8,7.8,4.7,3.9,18.8,21.3,107.1,1.0,4,4,15,5,2,5,6,5,10,11,8,8,9,9,1,10,3,7,4,6,7,7,2,6,6,4,2016-17
1610612761,Toronto Raptors,10,4,6,0.4,48.0,35.3,79.5,0.444,7.8,23.5,0.332,18.3,22.5,0.813,6.8,32.5,39.3,19.6,12.9,7.4,4.4,5.0,20.9,19.9,96.7,-5.7,8,7,12,8,6,14,12,11,15,13,11,9,11,4,15,7,11,12,6,9,10,10,6,10,13,12,2016-17
1610612762,Utah Jazz,11,4,7,0.364,48.0,35.6,78.4,0.455,9.5,25.9,0.365,17.1,23.4,0.732,6.7,32.4,39.1,19.7,12.1,7.4,3.2,3.3,21.1,20.4,97.8,-4.7,6,7,14,9,6,12,13,8,7,10,7,11,10,13,16,8,12,11,2,11,14,2,8,9,11,11,2016-17
1610612764,Washington Wizards,13,7,6,0.538,48.4,40.1,87.6,0.457,8.4,26.5,0.317,19.5,24.6,0.794,11.2,31.8,43.0,22.8,13.8,7.9,6.6,4.4,23.0,22.5,108.1,0.0,5,5,12,4,4,4,2,6,12,9,13,5,6,6,6,9,7,3,12,5,2,8,16,3,4,5,2016-17
1610612738,Boston Celtics,19,11,8,0.579,48.5,36.4,83.3,0.437,10.5,30.6,0.343,18.1,23.5,0.767,8.8,32.8,41.7,21.2,11.6,6.8,4.1,5.6,20.4,21.4,101.4,0.7,3,3,15,3,2,15,9,12,7,4,11,6,5,9,9,9,9,9,2,12,12,12,7,4,12,5,2017-18
1610612739,Cleveland Cavaliers,22,12,10,0.545,48.5,36.9,81.9,0.45,10.0,30.3,0.331,17.4,23.1,0.752,9.8,31.6,41.4,19.2,12.7,6.0,4.4,4.4,19.5,21.9,101.1,-1.7,1,2,16,5,5,13,14,10,9,5,15,7,7,11,3,12,10,12,5,14,9,6,4,3,14,8,2017-18
1610612744,Golden State Warriors,21,16,5,0.762,48.2,41.2,86.0,0.48,11.2,31.4,0.357,16.8,20.4,0.822,9.1,35.9,45.0,26.0,12.9,7.9,5.8,3.6,19.7,19.4,110.4,10.0,2,1,10,1,6,3,5,3,2,3,10,9,12,3,8,4,4,2,6,7,4,2,5,13,1,1,2017-18
1610612745,Houston Rockets,17,11,6,0.647,48.0,37.2,85.3,0.436,13.4,39.8,0.337,17.2,22.2,0.772,8.8,34.2,43.0,18.8,12.1,8.1,5.5,4.4,19.1,19.5,104.9,1.8,4,3,12,2,7,11,6,14,1,1,13,8,10,7,10,7,8,15,3,5,5,5,2,11,7,4,2017-18
1610612754,Indiana Pacers,7,3,4,0.429,48.0,38.6,80.1,0.481,9.7,27.1,0.358,13.7,19.3,0.711,8.1,31.9,40.0,21.1,13.1,8.1,2.7,3.6,21.9,20.3,100.6,5.7,9,9,1,8,7,8,15,2,12,11,9,15,14,13,14,11,13,10,7,4,16,1,12,9,15,2,2017-18
1610612748,Miami Heat,5,1,4,0.2,48.0,36.6,82.8,0.442,10.8,27.6,0.391,19.4,28.6,0.678,9.6,31.4,41.0,23.8,16.0,8.8,6.4,4.2,29.2,24.0,103.4,-10.8,13,13,1,13,7,14,11,11,3,10,2,3,1,16,4,14,11,4,16,2,2,4,16,2,8,16,2017-18
1610612749,Milwaukee Bucks,7,3,4,0.429,48.7,39.1,78.3,0.5,9.6,25.7,0.372,14.0,19.9,0.705,5.6,33.0,38.6,22.0,13.1,6.6,6.7,4.1,22.9,19.4,101.9,-0.6,9,9,1,8,1,5,16,1,13,14,4,14,13,14,16,8,15,7,7,13,1,3,15,13,10,6,2017-18
1610612750,Minnesota Timberwolves,5,1,4,0.2,48.0,38.0,82.6,0.46,9.0,21.8,0.413,16.6,22.8,0.728,8.6,36.6,45.2,22.4,12.6,5.0,3.2,6.2,18.2,17.6,101.6,-8.8,13,13,1,13,7,9,12,7,14,16,1,10,9,12,11,2,3,6,4,16,14,15,1,16,11,13,2017-18
1610612740,New Orleans Pelicans,9,5,4,0.556,48.0,42.9,89.8,0.478,9.9,27.0,0.366,14.3,18.3,0.782,7.9,37.7,45.6,26.9,14.4,8.1,5.0,4.9,19.3,19.0,110.0,-0.8,8,5,1,4,7,1,2,4,11,12,6,13,15,5,15,1,2,1,12,6,7,8,3,15,2,7,2017-18
1610612760,Oklahoma City Thunder,6,2,4,0.333,48.0,37.2,86.5,0.43,10.5,28.8,0.364,16.3,21.2,0.772,9.3,34.7,44.0,16.3,14.0,8.8,4.2,5.5,21.7,20.7,101.2,-4.3,11,11,1,11,7,12,4,15,6,8,7,11,11,8,7,6,6,16,10,1,10,10,11,7,13,11,2017-18
1610612755,Philadelphia 76ers,10,5,5,0.5,48.5,38.7,88.5,0.437,9.9,29.3,0.338,21.5,28.3,0.76,13.4,36.1,49.5,25.8,14.6,7.8,4.1,5.9,22.8,25.5,108.8,3.9,6,5,10,6,3,7,3,13,10,7,12,1,2,10,1,3,1,3,14,9,11,13,14,1,3,3,2017-18
1610612757,Portland Trail Blazers,4,0,4,0.0,48.0,41.3,91.0,0.453,10.8,32.3,0.333,12.3,15.8,0.778,11.3,32.3,43.5,19.0,14.5,8.3,3.8,6.5,20.5,19.5,105.5,-9.0,16,16,1,16,7,2,1,9,4,2,14,16,16,6,2,10,7,13,13,3,13,16,8,12,6,15,2017-18
1610612759,San Antonio Spurs,5,1,4,0.2,48.0,34.6,83.8,0.413,8.4,28.2,0.298,19.2,23.0,0.835,8.4,29.2,37.6,19.0,11.0,7.6,3.0,5.0,20.4,19.8,96.8,-8.8,13,13,1,13,7,16,8,16,15,9,16,4,8,2,13,16,16,13,1,10,15,9,6,10,16,13,2017-18
1610612761,Toronto Raptors,10,4,6,0.4,48.5,38.9,82.3,0.473,10.4,26.7,0.39,19.1,23.9,0.799,9.4,30.7,40.1,21.8,14.0,5.7,6.1,4.8,22.6,20.3,107.3,-4.4,6,8,12,10,3,6,13,5,8,13,3,5,3,4,5,15,12,8,10,15,3,7,13,8,4,12,2017-18
1610612762,Utah Jazz,11,5,6,0.455,48.0,37.7,82.9,0.455,10.7,29.9,0.359,16.2,23.5,0.687,9.4,35.6,45.0,20.3,15.5,7.5,5.0,5.5,20.5,20.9,102.4,-2.2,5,5,12,7,7,10,10,8,5,6,8,12,4,15,6,5,4,11,15,11,7,11,9,6,9,10,2017-18
1610612764,Washington Wizards,6,2,4,0.333,48.0,39.7,85.2,0.466,8.0,21.8,0.366,19.8,23.3,0.85,8.5,31.5,40.0,23.3,13.5,7.8,5.2,6.2,21.0,21.3,107.2,-2.0,11,11,1,11,7,4,7,6,16,15,5,2,6,1,12,13,13,5,9,8,6,14,10,5,5,9,2017-18
1610612738,Boston Celtics,9,5,4,0.556,48.0,35.7,84.1,0.424,11.3,33.0,0.343,19.4,24.2,0.803,7.4,40.3,47.8,21.4,14.8,5.9,3.8,4.3,20.8,21.0,102.1,-1.4,8,8,1,5,7,13,13,11,7,8,7,7,11,5,16,2,3,10,9,14,13,6,4,13,12,8,2018-19
1610612751,Brooklyn Nets,5,1,4,0.2,48.0,38.4,91.4,0.42,11.0,34.0,0.324,23.6,29.2,0.808,11.2,29.2,40.4,19.2,14.2,7.6,2.8,6.0,22.8,24.2,111.4,-11.0,11,11,1,11,7,8,2,12,8,6,14,1,1,4,5,16,14,14,8,6,16,13,12,2,4,14,2018-19
1610612743,Denver Nuggets,14,7,7,0.5,49.4,39.9,90.2,0.443,9.6,27.8,0.344,19.7,25.2,0.782,13.1,34.6,47.7,24.0,9.8,5.7,4.6,4.7,21.3,21.9,109.1,1.9,5,5,13,7,2,2,4,8,13,15,6,6,7,7,1,5,4,5,2,15,8,8,5,9,6,6,2018-19
1610612765,Detroit Pistons,4,0,4,0.0,48.0,37.5,96.8,0.388,11.0,33.3,0.331,12.0,16.5,0.727,10.8,31.5,42.3,23.0,10.5,7.3,4.0,8.8,24.3,20.0,98.0,-23.8,15,15,1,15,7,11,1,16,8,7,13,16,16,15,6,14,13,6,3,8,10,16,15,14,13,16,2018-19
1610612744,Golden State Warriors,22,14,8,0.636,48.5,41.1,86.1,0.477,12.2,32.7,0.372,19.8,24.3,0.813,10.1,33.2,43.3,28.4,14.9,7.4,5.7,3.9,23.2,22.3,114.1,3.4,2,2,14,3,4,1,8,1,3,10,1,5,9,3,9,11,9,1,10,7,2,4,13,7,2,3,2018-19
1610612745,Houston Rockets,11,6,5,0.545,48.5,37.2,83.8,0.444,15.6,42.7,0.366,18.5,24.3,0.764,9.6,33.3,42.9,18.3,15.8,8.5,5.1,4.6,21.6,21.5,108.5,3.2,7,7,10,6,4,12,14,7,1,1,2,12,10,11,12,10,11,16,15,2,7,7,6,11,8,4,2018-19
1610612754,Indiana Pacers,4,0,4,0.0,48.0,33.5,83.5,0.401,10.0,29.8,0.336,14.8,20.5,0.72,8.0,32.3,40.3,20.8,12.0,8.3,3.5,3.0,20.0,19.5,91.8,-7.5,15,15,1,15,7,15,15,13,12,13,10,15,15,16,15,13,15,12,4,3,14,1,3,16,16,11,2018-19
1610612746,LA Clippers,6,2,4,0.333,48.0,39.8,89.2,0.447,11.5,31.7,0.363,23.5,28.8,0.815,10.0,30.2,40.2,25.3,15.0,8.0,3.3,7.5,25.0,25.8,114.7,-9.8,10,10,1,10,7,3,5,5,6,11,3,2,2,2,11,15,16,2,11,5,15,15,16,1,1,13,2018-19
1610612749,Milwaukee Bucks,15,10,5,0.667,48.7,39.8,88.3,0.451,12.8,38.1,0.336,20.4,28.0,0.729,10.1,41.8,51.9,25.0,13.0,6.7,6.4,4.7,21.8,23.3,112.8,8.8,4,3,10,1,3,4,6,4,2,2,9,4,3,14,10,1,1,3,7,10,1,9,7,4,3,1,2018-19
1610612760,Oklahoma City Thunder,5,1,4,0.2,48.0,37.8,86.0,0.44,10.4,31.4,0.331,19.2,25.4,0.756,10.2,33.0,43.2,22.6,15.2,6.6,5.4,5.8,24.2,23.4,105.2,-5.8,11,11,1,11,7,9,9,9,10,12,12,9,6,12,8,12,10,8,12,11,4,11,14,3,10,10,2018-19
1610612753,Orlando Magic,5,1,4,0.2,48.0,32.2,83.0,0.388,10.4,34.8,0.299,17.2,22.2,0.775,9.6,33.8,43.4,19.0,15.6,6.6,4.0,4.2,18.8,23.0,92.0,-14.4,11,11,1,11,7,16,16,15,10,4,15,14,14,8,13,8,8,15,14,11,10,5,1,5,15,15,2018-19
1610612755,Philadelphia 76ers,12,7,5,0.583,48.0,39.4,85.8,0.459,9.4,28.4,0.331,20.4,25.8,0.79,11.4,37.1,48.5,24.4,16.5,6.3,5.4,3.4,22.4,22.1,108.7,3.0,6,5,10,4,7,7,10,3,14,14,11,3,4,6,4,3,2,4,16,13,3,2,9,8,7,5,2018-19
1610612757,Portland Trail Blazers,16,8,8,0.5,49.6,39.4,90.4,0.436,11.8,32.8,0.36,19.0,24.8,0.766,11.4,33.8,45.2,19.8,12.9,6.9,5.1,5.9,22.8,22.8,109.7,-1.4,3,4,14,7,1,5,3,10,5,9,4,11,8,10,3,9,6,13,6,9,6,12,11,6,5,7,2018-19
1610612759,San Antonio Spurs,7,3,4,0.429,48.0,39.4,85.1,0.463,6.7,19.9,0.338,17.7,23.0,0.77,10.7,34.4,45.1,21.1,8.4,4.6,4.0,3.6,19.4,20.0,103.3,-1.9,9,9,1,9,7,6,11,2,16,16,8,13,13,9,7,6,7,11,1,16,10,3,2,14,11,9,2018-19
1610612761,Toronto Raptors,24,16,8,0.667,48.4,37.7,84.8,0.444,11.9,34.5,0.346,19.3,23.3,0.83,8.3,34.0,42.3,22.5,12.1,8.0,4.6,5.0,22.6,21.8,106.6,5.5,1,1,14,1,6,10,12,6,4,5,5,8,12,1,14,7,12,9,5,4,9,10,10,10,9,2,2018-19
1610612762,Utah Jazz,5,1,4,0.2,48.0,34.6,86.4,0.4,9.4,35.8,0.263,19.2,25.6,0.75,11.8,35.4,47.2,23.0,15.2,9.2,5.4,7.0,21.8,21.4,97.8,-9.2,11,11,1,11,7,14,7,14,15,3,16,9,5,13,2,4,5,6,12,1,4,14,7,12,14,12,2018-19
1610612738,Boston Celtics,17,10,7,0.588,48.9,38.6,84.9,0.454,12.4,36.4,0.341,19.8,24.2,0.816,8.8,36.5,45.2,22.6,13.9,6.7,4.8,4.8,22.3,22.0,109.4,5.0,4,3,13,4,2,8,10,9,9,9,13,5,9,4,10,3,4,7,8,10,4,11,9,10,8,2,2019-20
1610612751,Brooklyn Nets,4,0,4,0.0,48.0,36.3,91.3,0.397,15.5,46.0,0.337,17.8,24.5,0.724,9.3,35.0,44.3,25.8,14.5,5.0,4.5,5.5,21.3,22.5,105.8,-20.5,14,14,1,14,11,15,1,15,3,2,14,10,7,14,8,7,6,1,10,15,5,14,5,6,13,16,2019-20
1610612742,Dallas Mavericks,6,2,4,0.333,48.8,42.2,89.2,0.473,13.5,37.5,0.36,19.2,26.5,0.723,7.7,35.5,43.2,21.5,12.7,6.5,3.7,3.3,22.5,24.5,117.0,-9.7,11,11,1,11,3,1,2,4,6,5,9,6,2,16,13,6,9,10,3,11,12,2,12,1,1,12,2019-20
1610612743,Denver Nuggets,19,9,10,0.474,48.3,38.8,82.5,0.471,12.3,32.4,0.379,17.5,21.4,0.816,9.3,31.4,40.6,22.5,13.9,6.2,4.0,4.0,22.4,22.1,107.4,-2.3,3,4,16,7,10,7,13,5,10,13,3,13,12,3,7,15,14,8,9,12,8,6,10,9,10,9,2019-20
1610612745,Houston Rockets,12,5,7,0.417,48.4,37.4,85.8,0.436,16.9,46.8,0.362,15.9,20.2,0.789,6.7,32.2,38.8,21.3,13.4,9.1,3.5,4.9,22.2,18.6,107.7,0.8,6,7,13,10,8,11,8,11,1,1,8,15,16,8,14,13,15,12,7,2,14,12,7,15,9,8,2019-20
1610612754,Indiana Pacers,4,0,4,0.0,48.0,36.5,80.3,0.455,12.0,32.0,0.375,15.8,20.3,0.778,5.8,30.8,36.5,22.5,15.3,9.3,5.5,4.3,23.3,15.8,100.8,-10.5,14,14,1,14,11,14,16,8,13,14,5,16,15,9,16,16,16,9,13,1,1,8,15,16,15,13,2019-20
1610612746,LA Clippers,13,7,6,0.538,48.4,40.9,86.4,0.474,12.1,32.8,0.368,20.1,25.2,0.798,9.5,34.5,44.0,21.2,13.0,7.5,3.7,4.1,22.9,22.3,114.0,4.2,5,5,12,5,9,3,7,3,12,12,6,3,4,6,4,8,8,13,4,4,11,7,14,8,2,3,2019-20
1610612747,Los Angeles Lakers,21,16,5,0.762,48.0,41.0,84.0,0.489,12.1,34.2,0.354,18.6,24.6,0.758,10.6,33.5,44.1,25.6,15.4,8.0,5.3,3.1,22.7,22.4,112.8,6.9,1,1,10,1,11,2,11,1,11,11,12,7,6,13,2,11,7,2,14,3,3,1,13,7,4,1,2019-20
1610612748,Miami Heat,21,14,7,0.667,48.5,37.7,82.0,0.46,12.8,35.5,0.359,21.8,26.4,0.825,7.8,33.6,41.3,24.9,13.2,6.9,3.9,4.5,19.9,22.6,110.0,2.0,1,2,13,2,7,9,14,7,8,10,10,2,3,2,12,10,12,3,6,8,10,9,3,5,6,6,2019-20
1610612749,Milwaukee Bucks,10,5,5,0.5,48.5,40.1,87.1,0.46,13.3,37.1,0.358,17.6,24.3,0.724,9.4,37.3,46.7,24.3,14.9,7.2,4.2,3.6,21.7,21.2,111.1,1.2,8,7,10,6,6,4,6,6,7,7,11,11,8,15,5,2,2,5,12,6,7,3,6,12,5,7,2019-20
1610612760,Oklahoma City Thunder,7,3,4,0.429,48.7,36.7,85.4,0.43,12.0,36.6,0.328,18.6,24.0,0.774,9.0,40.9,49.9,17.9,17.0,5.3,4.0,3.9,17.1,23.0,104.0,-6.4,9,9,1,8,4,13,9,12,13,8,15,8,10,11,9,1,1,14,16,14,8,5,1,3,14,10,2019-20
1610612753,Orlando Magic,5,1,4,0.2,48.0,37.2,88.6,0.42,15.0,39.8,0.377,17.6,21.0,0.838,6.6,36.4,43.0,23.8,14.6,6.8,3.2,3.8,21.0,20.6,107.0,-9.2,12,12,1,12,11,12,3,14,4,4,4,11,14,1,15,5,10,6,11,9,15,4,4,13,11,11,2019-20
1610612755,Philadelphia 76ers,4,0,4,0.0,48.0,33.3,84.0,0.396,8.0,30.3,0.264,26.0,32.0,0.813,12.3,33.8,46.0,17.5,12.0,5.0,4.5,5.5,22.3,24.3,100.5,-11.8,14,14,1,14,11,16,11,16,16,16,16,1,1,5,1,9,3,16,1,15,5,14,8,2,16,15,2019-20
1610612757,Portland Trail Blazers,5,1,4,0.2,48.0,37.6,88.2,0.426,11.6,30.6,0.379,19.8,25.0,0.792,9.8,33.0,42.8,17.8,16.0,7.4,3.6,5.8,25.0,22.8,106.6,-10.6,12,12,1,12,11,10,5,13,15,15,2,4,5,7,3,12,11,15,15,5,13,16,16,4,12,14,2019-20
1610612761,Toronto Raptors,11,7,4,0.636,48.9,39.1,88.5,0.442,14.6,40.3,0.363,16.5,21.3,0.778,8.2,36.5,44.6,24.8,13.1,7.1,5.5,5.0,22.5,20.3,109.4,4.1,7,5,1,3,1,6,4,10,5,3,7,14,13,9,11,4,5,4,5,7,2,13,11,14,7,4,2019-20
1610612762,Utah Jazz,7,3,4,0.429,48.7,39.9,81.9,0.487,15.7,37.3,0.421,18.0,23.3,0.773,9.3,31.9,41.1,21.4,12.0,6.1,3.1,4.6,19.0,21.3,113.4,3.4,9,9,1,8,4,5,15,2,2,6,1,9,11,12,6,14,13,11,1,13,16,10,2,11,3,5,2019-20
1610612737,Atlanta Hawks,18,10,8,0.556,48.0,38.9,86.8,0.449,11.7,34.2,0.343,16.7,20.9,0.798,9.1,33.3,42.4,20.2,12.4,6.7,4.4,4.3,21.2,20.3,106.3,-1.5,4,3,14,5,6,12,8,12,9,10,10,10,10,8,11,6,9,13,9,7,6,7,12,8,12,8,2020-21
1610612738,Boston Celtics,5,1,4,0.2,48.0,38.4,88.2,0.435,12.8,36.6,0.35,22.6,27.4,0.825,12.6,28.8,41.4,21.0,13.0,6.4,7.0,6.6,21.0,23.4,112.2,-11.2,12,12,1,12,6,13,7,13,7,4,9,1,3,4,2,16,13,10,12,10,1,14,10,3,7,14,2020-21
1610612751,Brooklyn Nets,12,7,5,0.583,48.4,40.7,86.2,0.472,13.6,35.6,0.382,17.6,20.3,0.868,8.3,34.3,42.6,22.6,11.6,7.1,4.8,6.2,21.2,18.6,112.5,6.3,5,5,9,3,5,7,10,5,5,7,6,9,13,1,15,5,8,6,5,5,4,12,11,15,6,2,2020-21
1610612742,Dallas Mavericks,7,3,4,0.429,48.0,39.1,86.0,0.455,13.6,35.0,0.388,14.1,20.0,0.707,10.3,30.3,40.6,20.7,11.0,5.6,2.1,5.0,20.3,20.6,106.0,-5.1,9,9,1,8,6,10,11,11,6,8,4,16,15,15,8,14,16,12,3,13,16,10,5,7,13,9,2020-21
1610612743,Denver Nuggets,10,4,6,0.4,49.0,42.1,92.2,0.457,14.7,38.5,0.382,15.9,20.9,0.761,11.7,31.9,43.6,24.9,11.2,6.1,4.3,4.9,20.4,20.3,114.8,-5.5,8,8,12,9,3,3,2,10,3,3,5,13,9,12,4,13,4,2,4,11,7,9,6,9,5,10,2020-21
1610612746,LA Clippers,19,10,9,0.526,48.0,39.1,81.9,0.477,13.8,36.4,0.381,19.5,23.7,0.823,8.8,32.4,41.2,20.8,10.7,6.8,4.3,2.7,19.5,21.3,111.6,4.1,3,3,16,7,6,11,16,3,4,5,7,4,6,5,14,11,15,11,2,6,8,1,2,4,8,5,2020-21
1610612747,Los Angeles Lakers,6,2,4,0.333,48.0,34.3,83.0,0.414,9.8,32.8,0.299,19.0,24.5,0.776,10.5,32.7,43.2,19.3,13.8,6.7,4.0,5.0,20.5,21.0,97.5,-6.5,10,10,1,10,6,16,15,14,15,11,15,7,4,10,7,10,6,15,15,8,12,10,7,6,15,11,2020-21
1610612763,Memphis Grizzlies,5,1,4,0.2,48.0,44.2,94.4,0.468,10.4,31.6,0.329,16.2,20.4,0.794,11.2,30.0,41.2,22.0,10.4,8.0,4.0,6.2,20.6,19.2,115.0,-8.4,12,12,1,12,6,1,1,7,13,12,13,11,12,9,5,15,14,8,1,1,12,13,9,13,4,13,2020-21
1610612748,Miami Heat,4,0,4,0.0,49.3,35.3,89.3,0.395,12.0,35.8,0.336,15.5,20.3,0.765,9.0,33.3,42.3,21.5,14.0,7.3,3.5,3.0,20.5,20.0,98.0,-20.5,16,16,1,16,2,14,4,16,8,6,12,14,13,11,12,7,11,9,16,4,14,2,7,12,14,16,2020-21
1610612749,Milwaukee Bucks,23,16,7,0.696,48.4,42.1,91.1,0.462,11.2,35.0,0.321,14.9,20.8,0.718,12.8,36.1,49.0,22.8,12.7,7.8,4.2,3.8,18.0,20.1,110.3,5.1,1,1,13,1,4,4,3,8,10,9,14,15,11,14,1,1,1,5,10,3,9,5,1,11,9,3,2020-21
1610612752,New York Knicks,5,1,4,0.2,48.0,34.4,86.4,0.398,10.4,30.4,0.342,17.8,21.8,0.817,11.8,34.6,46.4,18.6,12.2,5.8,2.8,6.8,19.8,19.0,97.0,-7.0,12,12,1,12,6,15,9,15,13,13,11,8,8,6,3,4,2,16,8,12,15,15,4,14,16,12,2020-21
1610612755,Philadelphia 76ers,12,7,5,0.583,48.0,42.5,85.8,0.496,11.2,28.4,0.393,20.1,29.3,0.685,9.0,35.7,44.7,24.9,12.8,8.0,6.2,3.8,23.0,23.8,116.3,7.5,5,5,9,3,6,2,12,1,12,15,3,3,1,16,12,2,3,1,11,1,2,4,14,1,3,1,2020-21
1610612756,Phoenix Suns,22,14,8,0.636,48.0,40.9,85.0,0.481,11.2,29.7,0.376,16.0,18.6,0.861,8.0,34.7,42.7,23.2,11.9,6.5,4.2,3.6,19.7,18.5,109.0,4.5,2,2,14,2,6,6,13,2,11,14,8,12,16,2,16,3,7,3,7,9,10,3,3,16,11,4,2020-21
1610612757,Portland Trail Blazers,6,2,4,0.333,49.7,42.0,88.3,0.475,16.2,39.2,0.413,19.3,22.7,0.853,9.3,32.3,41.7,22.8,11.8,5.2,5.5,4.5,23.2,20.2,119.5,-1.3,10,10,1,10,1,5,6,4,2,2,1,6,7,3,10,12,12,4,6,15,3,8,15,10,1,7,2020-21
1610612762,Utah Jazz,11,6,5,0.545,48.0,39.7,84.2,0.472,18.0,43.6,0.413,19.5,24.3,0.801,9.4,33.0,42.4,19.6,13.5,5.2,4.1,4.3,21.5,21.1,116.9,-0.8,7,7,9,6,6,9,14,6,1,1,2,5,5,7,9,8,10,14,14,14,11,6,13,5,2,6,2020-21
1610612764,Washington Wizards,5,1,4,0.2,48.0,40.6,88.6,0.458,7.0,24.2,0.289,21.8,29.0,0.752,10.6,32.8,43.4,22.4,13.4,4.8,4.8,7.2,24.0,23.8,110.0,-14.0,12,12,1,12,6,8,5,9,16,16,16,2,2,13,6,9,5,7,13,16,5,16,16,2,10,15,2020-21
1610612737,Atlanta Hawks,5,1,4,0.2,48.0,34.4,78.2,0.44,11.4,35.0,0.326,17.2,22.0,0.782,8.6,30.8,39.4,18.6,16.4,5.8,2.4,3.0,21.6,23.4,97.4,-12.0,13,13,1,13,3,16,15,13,8,7,12,11,10,10,11,10,12,15,14,15,16,2,10,3,15,15,2021-22
1610612738,Boston Celtics,24,14,10,0.583,48.0,36.7,81.8,0.449,13.7,36.6,0.373,18.5,23.2,0.797,9.0,33.9,42.9,24.5,14.7,6.4,6.3,4.7,20.7,21.7,105.5,3.6,1,2,16,3,3,10,11,7,4,4,5,8,8,6,10,5,7,5,11,11,3,9,4,9,9,3,2021-22
1610612751,Brooklyn Nets,4,0,4,0.0,48.0,39.3,78.0,0.503,11.5,27.3,0.422,19.0,25.8,0.738,8.5,25.5,34.0,22.3,15.3,8.0,6.5,4.0,24.8,24.5,109.0,-4.5,16,16,1,16,3,5,16,1,7,14,1,7,5,14,12,16,16,8,13,4,2,5,14,1,6,10,2021-22
1610612741,Chicago Bulls,5,1,4,0.2,48.0,36.4,90.2,0.404,10.4,36.8,0.283,12.0,14.4,0.833,8.2,35.8,44.0,23.0,13.0,7.8,3.2,4.8,18.6,17.8,95.2,-14.6,13,13,1,13,3,12,2,16,12,3,15,16,16,2,13,2,5,6,5,5,14,10,1,16,16,16,2021-22
1610612742,Dallas Mavericks,18,9,9,0.5,48.0,36.3,80.8,0.449,15.8,41.5,0.38,18.0,23.3,0.771,6.5,30.0,36.5,19.2,10.2,7.2,2.8,3.6,21.1,22.1,106.3,0.7,3,4,15,6,3,14,12,8,1,1,3,9,7,12,16,14,15,14,2,7,15,4,6,8,8,6,2021-22
1610612743,Denver Nuggets,5,1,4,0.2,48.0,39.4,82.8,0.476,11.2,31.4,0.357,20.0,25.2,0.794,11.2,30.6,41.8,25.0,16.4,7.0,3.4,6.2,25.0,23.2,110.0,-8.0,13,13,1,13,3,4,8,4,9,12,9,4,6,7,3,12,8,4,14,8,13,15,15,4,3,13,2021-22
1610612744,Golden State Warriors,22,16,6,0.727,48.0,41.4,86.1,0.48,14.0,37.3,0.375,15.1,19.8,0.766,9.8,34.1,43.9,27.0,14.5,7.7,5.0,4.9,21.5,19.3,111.9,5.0,2,1,10,1,3,1,4,3,2,2,4,15,14,13,6,4,6,1,10,6,5,12,9,15,2,1,2021-22
1610612763,Memphis Grizzlies,12,6,6,0.5,48.0,39.8,91.3,0.435,13.1,35.8,0.365,19.9,27.1,0.735,12.4,33.4,45.8,25.2,14.0,9.2,6.1,6.8,20.8,23.8,112.5,2.4,6,7,10,6,3,3,1,15,5,5,7,5,3,15,2,6,2,3,8,1,4,16,5,2,1,4,2021-22
1610612748,Miami Heat,18,11,7,0.611,48.0,38.0,85.3,0.445,10.9,34.8,0.313,17.3,21.6,0.804,9.8,31.2,41.1,21.9,12.9,8.3,3.7,4.6,21.4,21.4,104.2,3.8,3,3,14,2,3,9,6,10,10,8,13,10,11,5,5,9,9,9,4,2,10,8,8,10,11,2,2021-22
1610612749,Milwaukee Bucks,12,7,5,0.583,48.0,38.5,88.0,0.438,10.6,32.3,0.327,15.2,20.8,0.731,9.8,40.7,50.4,20.8,13.8,6.3,4.5,5.5,19.1,20.1,102.8,1.5,6,5,9,3,3,7,3,14,11,11,11,14,13,16,7,1,1,12,7,12,7,13,2,14,13,5,2021-22
1610612750,Minnesota Timberwolves,6,2,4,0.333,48.0,36.3,82.0,0.443,13.8,35.7,0.388,22.7,28.0,0.81,7.0,33.0,40.0,22.8,17.7,8.2,7.8,6.2,26.8,23.2,109.2,-5.5,9,9,1,9,3,13,10,11,3,6,2,1,2,4,15,7,11,7,16,3,1,14,16,5,5,11,2021-22
1610612740,New Orleans Pelicans,6,2,4,0.333,48.0,39.0,84.3,0.462,9.3,26.3,0.354,22.5,28.8,0.78,15.2,30.5,45.7,21.3,14.5,6.3,3.5,4.0,21.2,22.7,109.8,-1.5,9,9,1,9,3,6,7,6,15,16,10,2,1,11,1,13,3,11,9,12,12,5,7,7,4,9,2021-22
1610612755,Philadelphia 76ers,12,6,6,0.5,48.4,36.4,78.3,0.465,12.4,33.3,0.373,19.3,22.7,0.849,7.7,31.3,39.0,21.8,14.8,6.1,4.3,4.2,20.6,20.5,104.5,0.3,6,7,10,6,2,11,14,5,6,9,6,6,9,1,14,8,13,10,12,14,8,7,3,12,10,7,2021-22
1610612756,Phoenix Suns,13,7,6,0.538,48.0,41.2,82.8,0.497,9.8,27.2,0.363,15.5,18.9,0.817,9.5,30.7,40.2,25.7,13.3,6.6,3.8,3.0,22.5,21.2,107.6,-1.0,5,5,10,5,3,2,9,2,13,15,8,13,15,3,8,11,10,2,6,10,9,2,13,11,7,8,2021-22
1610612761,Toronto Raptors,6,2,4,0.333,48.8,38.3,86.0,0.446,9.8,32.8,0.299,16.7,21.0,0.794,10.0,27.5,37.5,20.7,10.0,6.7,4.8,4.8,22.2,20.3,103.2,-8.3,9,9,1,9,1,8,5,9,14,10,14,12,12,7,4,15,14,13,1,9,6,11,12,13,12,14,2021-22
1610612762,Utah Jazz,6,2,4,0.333,48.0,35.0,79.0,0.443,8.2,29.8,0.274,20.8,26.5,0.786,9.3,35.5,44.8,17.2,11.7,4.0,3.7,2.3,22.0,23.2,99.0,-5.7,9,9,1,9,3,15,13,12,16,13,16,3,4,9,9,3,4,16,3,16,10,1,11,5,14,12,2021-22
1610612737,Atlanta Hawks,6,2,4,0.333,48.0,44.0,96.3,0.457,14.0,37.3,0.375,13.8,17.0,0.814,12.2,31.7,43.8,24.5,12.8,7.7,4.8,7.2,16.3,16.5,115.8,-5.3,10,10,1,10,9,1,1,9,4,6,4,14,16,5,5,10,8,6,9,2,5,15,2,15,2,11,2022-23
1610612738,Boston Celtics,20,11,9,0.55,48.3,40.9,85.5,0.478,14.1,38.7,0.364,16.2,20.0,0.81,9.5,33.6,43.1,24.2,12.4,6.0,6.4,4.7,17.2,17.7,112.0,3.4,1,3,16,4,7,8,11,3,3,4,5,9,9,6,10,6,9,7,7,15,2,10,3,12,9,3,2022-23
1610612751,Brooklyn Nets,4,0,4,0.0,48.0,34.0,77.3,0.44,11.3,34.5,0.326,13.3,18.3,0.726,5.8,29.3,35.0,22.3,12.3,5.3,3.8,4.0,15.5,18.8,92.5,-11.3,16,16,1,16,9,16,16,12,11,7,13,16,15,15,16,14,16,11,5,16,13,5,1,11,16,16,2022-23
1610612739,Cleveland Cavaliers,5,1,4,0.2,48.0,35.2,78.4,0.449,10.0,30.6,0.327,13.8,18.6,0.742,9.2,28.0,37.2,22.0,15.8,6.8,4.0,4.6,20.4,17.4,94.2,-5.4,12,12,1,12,9,15,15,10,14,14,12,15,14,14,11,16,15,12,16,9,11,8,10,14,15,12,2022-23
1610612743,Denver Nuggets,17,13,4,0.765,48.3,42.8,86.8,0.493,11.8,30.9,0.382,17.8,21.8,0.817,10.1,33.8,43.9,25.9,11.5,6.9,3.8,4.7,19.8,21.1,115.2,7.8,3,1,1,1,6,4,8,2,10,13,2,7,7,4,8,4,7,3,1,7,12,11,8,6,4,1,2022-23
1610612744,Golden State Warriors,13,6,7,0.462,48.0,41.9,93.6,0.448,14.5,42.5,0.34,14.8,19.7,0.75,12.5,34.5,47.1,28.2,14.4,7.2,4.6,4.6,22.9,19.6,113.1,-0.2,5,6,13,8,9,5,4,11,2,1,10,13,11,12,4,2,2,1,13,4,7,9,15,9,7,6,2022-23
1610612746,LA Clippers,5,1,4,0.2,48.0,40.8,88.6,0.46,12.2,33.8,0.361,21.8,26.4,0.826,11.8,28.2,40.0,21.6,14.0,6.6,4.2,6.2,23.0,21.2,115.6,-6.4,12,12,1,12,9,9,6,7,6,10,7,1,2,3,6,15,12,14,11,11,10,14,16,5,3,13,2022-23
1610612747,Los Angeles Lakers,16,8,8,0.5,48.3,41.1,87.1,0.471,10.1,30.3,0.335,20.1,24.8,0.809,9.1,35.6,44.6,24.9,11.9,6.8,6.4,3.8,17.4,21.3,112.3,2.4,4,4,15,7,5,6,7,5,13,15,11,2,4,8,14,1,5,4,2,8,1,3,4,4,8,4,2022-23
1610612763,Memphis Grizzlies,6,2,4,0.333,48.8,38.3,95.3,0.402,12.0,38.5,0.312,16.0,19.2,0.835,13.2,33.3,46.5,23.3,13.0,6.7,3.5,9.2,20.5,17.5,104.7,-7.5,10,10,1,10,3,11,3,16,9,5,14,11,12,2,2,7,3,9,10,10,15,16,11,13,12,14,2022-23
1610612748,Miami Heat,20,13,7,0.65,48.3,40.6,86.6,0.469,13.3,34.0,0.392,16.2,20.0,0.81,9.2,31.5,40.6,24.1,12.1,7.2,3.5,4.5,20.0,19.0,110.7,3.4,1,1,13,2,7,10,10,6,5,8,1,9,9,6,13,11,11,8,4,5,16,7,9,10,10,2,2022-23
1610612749,Milwaukee Bucks,5,1,4,0.2,49.0,44.0,92.6,0.475,15.6,41.2,0.379,15.2,21.4,0.71,10.2,34.2,44.4,26.8,14.4,6.6,3.6,3.4,18.8,20.4,118.8,-5.2,12,12,1,12,1,1,5,4,1,2,3,12,8,16,7,3,6,2,14,11,14,1,6,8,1,10,2022-23
1610612750,Minnesota Timberwolves,5,1,4,0.2,49.0,37.8,82.6,0.458,11.2,32.2,0.348,18.6,24.2,0.769,8.4,30.8,39.2,22.6,12.8,6.6,4.8,3.4,21.6,23.0,105.4,-8.8,12,12,1,12,1,12,13,8,12,12,9,6,5,10,15,13,14,10,8,11,6,1,12,1,11,15,2022-23
1610612752,New York Knicks,11,6,5,0.545,48.0,35.3,81.5,0.433,9.5,32.7,0.292,20.0,26.8,0.746,12.9,32.5,45.4,18.7,14.6,7.0,4.5,3.8,19.5,21.6,100.1,0.4,6,6,11,5,9,14,14,14,15,11,16,3,1,13,3,9,4,16,15,6,8,4,7,3,14,5,2022-23
1610612755,Philadelphia 76ers,11,7,4,0.636,48.5,36.7,84.0,0.437,12.2,33.9,0.359,16.9,19.1,0.886,10.0,33.0,43.0,19.1,12.4,7.6,5.3,5.5,18.7,16.0,102.5,-1.5,6,5,1,3,4,13,12,13,7,9,8,8,13,1,9,8,10,15,6,3,4,12,5,16,13,7,2022-23
1610612756,Phoenix Suns,11,6,5,0.545,48.0,43.1,86.8,0.496,9.4,25.8,0.363,18.6,23.4,0.798,9.2,30.8,40.0,24.5,12.1,6.3,5.6,4.0,22.0,20.8,114.2,-2.3,6,6,11,5,9,3,9,1,16,16,6,5,6,9,12,12,12,5,3,14,3,5,13,7,5,9,2022-23
1610612758,Sacramento Kings,7,3,4,0.429,48.0,41.0,95.6,0.429,12.1,39.7,0.306,19.6,25.7,0.761,14.0,33.7,47.7,22.0,14.1,7.7,4.3,5.6,22.6,22.7,113.7,-2.1,9,9,1,9,9,7,2,15,8,3,15,4,3,11,1,5,1,12,12,1,9,13,14,2,6,8,2022-23
