TEAM_ID,TEAM_NAME,GP,W,L,W_PCT,MIN,PCT_FGA_2PT,PCT_FGA_3PT,PCT_PTS_2PT,PCT_PTS_2PT_MR,PCT_PTS_3PT,PCT_PTS_FB,PCT_PTS_FT,PCT_PTS_OFF_TOV,PCT_PTS_PAINT,PCT_AST_2PM,PCT_UAST_2PM,PCT_AST_3PM,PCT_UAST_3PM,PCT_AST_FGM,PCT_UAST_FGM,GP_RANK,W_RANK,L_RANK,W_PCT_RANK,MIN_RANK,PCT_FGA_2PT_RANK,PCT_FGA_3PT_RANK,PCT_PTS_2PT_RANK,PCT_PTS_2PT_MR_RANK,PCT_PTS_3PT_RANK,PCT_PTS_FB_RANK,PCT_PTS_FT_RANK,PCT_PTS_OFF_TOV_RANK,PCT_PTS_PAINT_RANK,PCT_AST_2PM_RANK,PCT_UAST_2PM_RANK,PCT_AST_3PM_RANK,PCT_UAST_3PM_RANK,PCT_AST_FGM_RANK,PCT_UAST_FGM_RANK,SEASON
1610612737,Atlanta Hawks,10,4,6,0.4,48.0,0.691,0.309,0.539,0.175,0.233,0.088,0.228,0.138,0.364,0.463,0.538,0.623,0.377,0.498,0.502,6,7,12,8,6,13,4,13,9,5,14,4,16,14,12,5,15,2,14,3,1996-97
1610612766,Charlotte Hornets,3,0,3,0.0,48.0,0.788,0.212,0.627,0.195,0.199,0.07,0.174,0.192,0.432,0.433,0.567,0.842,0.158,0.505,0.495,13,13,1,13,6,6,11,4,7,7,16,15,5,5,13,4,5,12,11,6,1996-97
1610612741,Chicago Bulls,19,15,4,0.789,48.0,0.761,0.239,0.618,0.218,0.198,0.109,0.184,0.199,0.399,0.556,0.444,0.784,0.216,0.596,0.404,2,1,9,1,6,9,8,7,4,8,9,13,3,10,9,8,10,7,9,8,1996-97
1610612765,Detroit Pistons,5,2,3,0.4,48.0,0.773,0.227,0.626,0.257,0.196,0.103,0.178,0.224,0.369,0.343,0.657,0.786,0.214,0.42,0.58,9,9,1,8,6,7,10,5,1,9,12,14,1,13,16,1,9,8,16,1,1996-97
1610612745,Houston Rockets,16,9,7,0.563,48.3,0.682,0.318,0.522,0.128,0.263,0.112,0.215,0.139,0.394,0.565,0.435,0.923,0.077,0.655,0.345,4,3,14,4,4,14,3,14,14,3,6,10,15,11,7,10,1,16,2,15,1996-97
1610612746,Los Angeles Clippers,3,0,3,0.0,48.0,0.76,0.24,0.578,0.166,0.195,0.108,0.227,0.195,0.412,0.425,0.575,0.833,0.167,0.5,0.5,13,13,1,13,6,10,7,9,10,10,10,5,4,9,14,3,6,11,12,4,1996-97
1610612747,Los Angeles Lakers,9,4,5,0.444,48.6,0.789,0.211,0.574,0.114,0.154,0.112,0.272,0.165,0.46,0.606,0.394,0.818,0.182,0.638,0.362,8,7,11,7,3,5,12,10,15,14,7,1,11,1,3,14,7,10,4,13,1996-97
1610612748,Miami Heat,17,8,9,0.471,48.0,0.67,0.33,0.493,0.111,0.292,0.144,0.216,0.155,0.382,0.503,0.497,0.782,0.218,0.582,0.418,3,4,16,6,6,15,2,15,16,2,1,9,12,12,10,7,11,6,10,7,1996-97
1610612750,Minnesota Timberwolves,3,0,3,0.0,48.0,0.812,0.188,0.676,0.221,0.191,0.097,0.134,0.181,0.455,0.614,0.386,0.526,0.474,0.6,0.4,13,13,1,13,6,3,14,1,3,11,13,16,7,2,2,15,16,1,8,9,1996-97
1610612752,New York Knicks,10,6,4,0.6,48.0,0.799,0.201,0.632,0.217,0.181,0.113,0.188,0.178,0.414,0.569,0.431,0.855,0.145,0.615,0.385,6,5,9,3,6,4,13,2,5,12,5,12,9,7,6,11,4,13,6,11,1996-97
1610612753,Orlando Magic,5,2,3,0.4,48.0,0.753,0.247,0.57,0.133,0.207,0.112,0.223,0.2,0.437,0.383,0.617,0.69,0.31,0.443,0.557,9,9,1,8,6,11,6,11,12,6,8,6,2,4,15,2,14,3,15,2,1996-97
1610612756,Phoenix Suns,5,2,3,0.4,49.0,0.649,0.351,0.483,0.152,0.305,0.132,0.212,0.174,0.331,0.579,0.421,0.863,0.137,0.663,0.337,9,9,1,8,1,16,1,16,11,1,3,11,10,16,5,12,3,14,1,16,1996-97
1610612757,Portland Trail Blazers,4,1,3,0.25,48.0,0.767,0.233,0.63,0.184,0.15,0.139,0.22,0.153,0.446,0.584,0.416,0.722,0.278,0.603,0.397,12,12,1,12,6,8,9,3,8,15,2,8,13,3,4,13,12,5,7,10,1996-97
1610612760,Seattle SuperSonics,12,6,6,0.5,48.8,0.737,0.263,0.541,0.128,0.238,0.125,0.221,0.18,0.412,0.56,0.44,0.9,0.1,0.637,0.363,5,5,12,5,2,12,5,12,13,4,4,7,8,8,8,9,2,15,5,12,1996-97
1610612762,Utah Jazz,20,13,7,0.65,48.3,0.819,0.181,0.597,0.24,0.155,0.104,0.248,0.149,0.357,0.62,0.38,0.798,0.202,0.646,0.354,1,2,14,2,5,2,15,8,2,13,11,2,14,15,1,16,8,9,3,14,1996-97
1610612764,Washington Bullets,3,0,3,0.0,48.0,0.856,0.144,0.625,0.196,0.137,0.074,0.239,0.186,0.428,0.472,0.528,0.692,0.308,0.5,0.5,13,13,1,13,6,1,16,6,6,16,15,3,6,6,11,6,13,4,12,4,1996-97
1610612737,Atlanta Hawks,4,1,3,0.25,48.0,0.753,0.247,0.594,0.246,0.231,0.12,0.174,0.177,0.349,0.471,0.529,0.704,0.296,0.519,0.481,12,12,1,12,7,14,3,11,5,3,6,14,7,15,14,3,16,1,15,2,1997-98
1610612766,Charlotte Hornets,9,4,5,0.444,48.0,0.848,0.152,0.714,0.314,0.129,0.123,0.157,0.158,0.4,0.605,0.395,0.938,0.063,0.641,0.359,7,5,9,5,7,5,12,2,1,12,4,16,9,7,5,12,6,11,5,12,1997-98
1610612741,Chicago Bulls,21,15,6,0.714,48.5,0.831,0.169,0.643,0.252,0.135,0.1,0.222,0.188,0.392,0.56,0.44,0.898,0.102,0.601,0.399,1,1,11,1,5,6,11,5,4,11,14,7,2,9,8,9,7,10,8,9,1997-98
1610612739,Cleveland Cavaliers,4,1,3,0.25,48.0,0.902,0.098,0.619,0.204,0.065,0.105,0.316,0.158,0.415,0.67,0.33,1.0,0.0,0.692,0.308,12,12,1,12,7,2,15,7,12,16,11,1,11,6,1,16,1,15,2,15,1997-98
1610612745,Houston Rockets,5,2,3,0.4,48.0,0.753,0.247,0.572,0.189,0.17,0.113,0.258,0.142,0.383,0.479,0.521,0.958,0.042,0.559,0.441,9,9,1,7,7,15,2,14,13,9,10,2,14,12,12,5,3,14,11,6,1997-98
1610612754,Indiana Pacers,16,10,6,0.625,48.3,0.792,0.208,0.579,0.238,0.178,0.089,0.243,0.185,0.341,0.551,0.449,0.828,0.172,0.598,0.402,3,3,11,3,6,10,7,13,6,7,15,3,3,16,10,7,11,6,9,8,1997-98
1610612747,Los Angeles Lakers,13,7,6,0.538,48.0,0.767,0.233,0.591,0.097,0.18,0.139,0.229,0.158,0.494,0.595,0.405,0.846,0.154,0.637,0.363,4,4,11,4,7,11,6,12,16,5,3,6,10,2,6,11,10,7,6,11,1997-98
1610612748,Miami Heat,5,2,3,0.4,48.0,0.713,0.287,0.522,0.165,0.247,0.078,0.231,0.188,0.357,0.474,0.526,0.778,0.222,0.547,0.453,9,9,1,7,7,16,1,16,14,1,16,5,1,13,13,4,13,4,12,5,1997-98
1610612750,Minnesota Timberwolves,5,2,3,0.4,48.0,0.754,0.246,0.572,0.217,0.246,0.118,0.182,0.171,0.355,0.628,0.372,0.946,0.054,0.699,0.301,9,9,1,7,7,13,4,15,10,2,7,13,8,14,4,13,4,13,1,16,1997-98
1610612751,New Jersey Nets,3,0,3,0.0,49.7,0.907,0.093,0.73,0.232,0.074,0.102,0.196,0.144,0.498,0.413,0.587,1.0,0.0,0.45,0.55,16,16,1,16,1,1,16,1,7,15,12,11,13,1,16,1,1,15,16,1,1997-98
1610612752,New York Knicks,10,4,6,0.4,48.5,0.816,0.184,0.607,0.221,0.179,0.146,0.213,0.184,0.386,0.558,0.442,0.717,0.283,0.584,0.416,5,5,11,7,3,8,9,9,8,6,1,9,4,11,9,8,15,2,10,7,1997-98
1610612756,Phoenix Suns,4,1,3,0.25,48.0,0.85,0.15,0.704,0.285,0.137,0.121,0.159,0.153,0.419,0.489,0.511,0.882,0.118,0.534,0.466,12,12,1,12,7,4,13,3,2,10,5,15,12,5,11,6,8,9,13,4,1997-98
1610612757,Portland Trail Blazers,4,1,3,0.25,48.0,0.808,0.192,0.607,0.216,0.173,0.115,0.221,0.135,0.391,0.645,0.355,0.783,0.217,0.667,0.333,12,12,1,12,7,9,8,10,11,8,9,8,15,10,3,14,12,5,4,13,1997-98
1610612759,San Antonio Spurs,9,4,5,0.444,48.6,0.821,0.179,0.642,0.218,0.127,0.1,0.231,0.125,0.424,0.464,0.536,0.943,0.057,0.52,0.48,7,5,9,5,2,7,10,6,9,13,13,4,16,4,15,2,5,12,14,3,1997-98
1610612760,Seattle SuperSonics,10,4,6,0.4,48.0,0.755,0.245,0.609,0.151,0.208,0.141,0.183,0.183,0.458,0.562,0.438,0.864,0.136,0.618,0.382,5,5,11,7,7,12,5,8,15,4,2,12,5,3,7,10,9,8,7,10,1997-98
1610612762,Utah Jazz,20,13,7,0.65,48.5,0.873,0.127,0.676,0.277,0.111,0.117,0.213,0.178,0.399,0.657,0.343,0.773,0.227,0.669,0.331,2,2,16,2,3,3,14,4,3,14,8,10,6,8,2,15,14,3,3,14,1997-98
1610612737,Atlanta Hawks,9,3,6,0.333,48.0,0.794,0.206,0.597,0.226,0.18,0.095,0.223,0.165,0.371,0.439,0.561,0.721,0.279,0.486,0.514,6,6,13,11,5,10,7,10,9,7,11,9,11,8,16,1,14,3,15,2,1998-99
1610612765,Detroit Pistons,5,2,3,0.4,48.0,0.875,0.125,0.727,0.414,0.129,0.149,0.144,0.235,0.313,0.521,0.479,0.824,0.176,0.553,0.447,9,9,2,6,5,2,15,2,2,12,2,16,1,14,10,7,9,8,13,4,1998-99
1610612745,Houston Rockets,4,1,3,0.25,48.0,0.738,0.262,0.536,0.175,0.24,0.134,0.224,0.134,0.361,0.519,0.481,0.903,0.097,0.607,0.393,12,12,2,12,5,13,4,15,14,1,7,8,16,10,11,6,7,10,7,10,1998-99
1610612754,Indiana Pacers,13,9,4,0.692,48.4,0.758,0.242,0.56,0.202,0.21,0.085,0.23,0.135,0.358,0.557,0.443,0.929,0.071,0.631,0.369,3,3,10,2,4,12,5,13,12,5,13,7,15,11,7,10,3,14,5,12,1998-99
1610612747,Los Angeles Lakers,8,3,5,0.375,48.0,0.804,0.196,0.649,0.191,0.152,0.094,0.199,0.174,0.457,0.512,0.488,0.816,0.184,0.553,0.447,7,6,11,9,5,9,8,6,13,8,12,12,10,2,14,3,10,7,12,5,1998-99
1610612748,Miami Heat,5,2,3,0.4,48.0,0.726,0.274,0.547,0.268,0.213,0.038,0.241,0.139,0.278,0.519,0.481,0.929,0.071,0.603,0.397,9,9,2,6,5,14,3,14,5,4,16,4,14,16,13,4,4,13,8,9,1998-99
1610612749,Milwaukee Bucks,3,0,3,0.0,49.7,0.813,0.187,0.615,0.266,0.147,0.119,0.238,0.199,0.35,0.545,0.455,0.857,0.143,0.588,0.412,15,15,2,15,2,8,9,8,6,9,9,6,2,12,8,9,8,9,9,8,1998-99
1610612750,Minnesota Timberwolves,4,1,3,0.25,48.0,0.901,0.099,0.733,0.447,0.093,0.068,0.174,0.155,0.286,0.576,0.424,0.7,0.3,0.586,0.414,12,12,2,12,5,1,16,1,1,15,15,14,13,15,5,12,15,1,10,7,1998-99
1610612752,New York Knicks,20,12,8,0.6,48.0,0.846,0.154,0.674,0.272,0.113,0.136,0.213,0.181,0.402,0.44,0.56,0.734,0.266,0.469,0.531,1,2,16,3,5,5,12,4,4,13,6,11,8,6,15,2,13,4,16,1,1998-99
1610612753,Orlando Magic,4,1,3,0.25,48.0,0.705,0.295,0.487,0.162,0.235,0.136,0.278,0.186,0.325,0.643,0.357,0.926,0.074,0.712,0.288,12,12,2,12,5,16,1,16,15,2,5,1,7,13,2,15,5,12,1,16,1998-99
1610612755,Philadelphia 76ers,8,3,5,0.375,48.0,0.872,0.128,0.72,0.291,0.084,0.153,0.196,0.186,0.429,0.537,0.463,0.7,0.3,0.549,0.451,7,6,11,9,5,3,14,3,3,16,1,13,6,3,9,8,15,1,14,3,1998-99
1610612756,Phoenix Suns,3,0,3,0.0,48.0,0.769,0.231,0.599,0.231,0.227,0.144,0.173,0.199,0.368,0.578,0.422,0.905,0.095,0.644,0.356,15,15,2,15,5,11,6,9,8,3,3,15,3,9,4,13,6,11,4,13,1998-99
1610612757,Portland Trail Blazers,13,7,6,0.538,48.0,0.84,0.16,0.595,0.218,0.131,0.081,0.274,0.18,0.377,0.574,0.426,0.939,0.061,0.62,0.38,3,4,13,4,5,6,11,11,10,11,14,2,9,7,6,11,2,15,6,11,1998-99
1610612758,Sacramento Kings,5,2,3,0.4,50.0,0.721,0.279,0.578,0.119,0.205,0.143,0.216,0.19,0.459,0.519,0.481,0.742,0.258,0.562,0.438,9,9,2,6,1,15,2,12,16,6,4,10,5,1,12,5,12,5,11,6,1998-99
1610612759,San Antonio Spurs,17,15,2,0.882,48.0,0.832,0.168,0.621,0.216,0.14,0.106,0.239,0.164,0.406,0.634,0.366,0.943,0.057,0.674,0.326,2,1,1,1,5,7,10,7,11,10,10,5,12,5,3,14,1,16,3,14,1998-99
1610612762,Utah Jazz,11,5,6,0.455,48.9,0.872,0.128,0.661,0.249,0.098,0.127,0.242,0.197,0.412,0.667,0.333,0.813,0.188,0.68,0.32,5,5,13,5,3,4,13,5,7,14,8,3,4,4,1,16,11,6,2,15,1998-99
1610612766,Charlotte Hornets,4,1,3,0.25,49.3,0.8,0.2,0.608,0.219,0.148,0.126,0.244,0.17,0.389,0.676,0.324,0.889,0.111,0.705,0.295,12,12,1,12,1,9,7,10,10,12,9,3,6,6,3,14,9,8,2,15,1999-00
1610612765,Detroit Pistons,3,0,3,0.0,48.0,0.832,0.168,0.594,0.226,0.163,0.146,0.243,0.176,0.368,0.451,0.549,0.923,0.077,0.524,0.476,15,15,1,15,7,7,10,12,9,6,4,4,5,10,15,2,3,13,14,3,1999-00
1610612754,Indiana Pacers,23,13,10,0.565,48.2,0.761,0.239,0.567,0.235,0.218,0.086,0.215,0.127,0.332,0.513,0.488,0.854,0.146,0.582,0.418,1,2,16,4,5,16,1,14,8,2,15,8,16,14,10,7,11,6,9,8,1999-00
1610612747,Los Angeles Lakers,23,15,8,0.652,48.2,0.808,0.192,0.641,0.197,0.162,0.102,0.197,0.146,0.444,0.54,0.46,0.847,0.153,0.584,0.416,1,1,15,1,6,8,9,6,14,7,13,12,14,3,7,10,13,4,8,9,1999-00
1610612748,Miami Heat,10,6,4,0.6,48.5,0.798,0.202,0.63,0.257,0.169,0.135,0.201,0.151,0.373,0.576,0.424,0.851,0.149,0.618,0.382,5,5,9,3,2,11,6,8,5,5,7,10,10,9,6,11,12,5,6,11,1999-00
1610612749,Milwaukee Bucks,5,2,3,0.4,48.0,0.86,0.14,0.713,0.325,0.113,0.148,0.175,0.148,0.388,0.538,0.462,0.611,0.389,0.545,0.455,9,9,1,8,7,2,15,2,2,14,3,15,13,7,8,9,15,2,12,5,1999-00
1610612750,Minnesota Timberwolves,4,1,3,0.25,48.0,0.873,0.127,0.733,0.469,0.106,0.135,0.161,0.15,0.264,0.68,0.32,0.75,0.25,0.686,0.314,12,12,1,12,7,1,16,1,1,16,6,16,12,16,2,15,14,3,4,13,1999-00
1610612752,New York Knicks,16,9,7,0.563,48.3,0.842,0.158,0.632,0.247,0.16,0.13,0.208,0.153,0.385,0.403,0.597,0.861,0.139,0.469,0.531,3,4,14,5,4,5,12,7,6,9,8,9,9,8,16,1,10,7,16,1,1999-00
1610612755,Philadelphia 76ers,10,5,5,0.5,48.5,0.846,0.154,0.643,0.197,0.124,0.142,0.232,0.176,0.446,0.512,0.488,0.923,0.077,0.558,0.442,5,6,10,6,2,4,13,5,13,13,5,7,4,2,11,6,3,13,11,6,1999-00
1610612756,Phoenix Suns,9,4,5,0.444,48.0,0.796,0.204,0.659,0.219,0.16,0.126,0.181,0.15,0.44,0.579,0.421,0.929,0.071,0.628,0.372,8,7,10,7,16,12,5,3,11,8,10,13,11,4,5,12,2,15,5,12,1999-00
1610612757,Portland Trail Blazers,16,10,6,0.625,48.0,0.8,0.2,0.584,0.192,0.176,0.098,0.24,0.166,0.392,0.532,0.468,0.897,0.103,0.593,0.407,3,3,12,2,15,9,7,13,15,4,14,5,7,5,9,8,7,10,7,10,1999-00
1610612758,Sacramento Kings,5,2,3,0.4,48.0,0.785,0.215,0.56,0.203,0.205,0.154,0.234,0.131,0.357,0.474,0.526,0.576,0.424,0.494,0.506,9,9,1,8,7,15,2,15,12,3,2,6,15,12,14,3,16,1,15,2,1999-00
1610612759,San Antonio Spurs,4,1,3,0.25,48.0,0.855,0.145,0.618,0.159,0.11,0.18,0.272,0.183,0.459,0.485,0.515,0.917,0.083,0.531,0.469,12,12,1,12,7,3,14,9,16,15,1,2,3,1,12,5,5,12,13,4,1999-00
1610612760,Seattle SuperSonics,5,2,3,0.4,48.0,0.794,0.206,0.597,0.236,0.225,0.124,0.178,0.208,0.361,0.482,0.518,0.914,0.086,0.569,0.431,9,9,1,8,7,13,4,11,7,1,11,14,1,11,13,4,6,11,10,7,1999-00
1610612761,Toronto Raptors,3,0,3,0.0,48.0,0.788,0.212,0.558,0.279,0.155,0.08,0.287,0.203,0.279,0.629,0.371,1.0,0.0,0.687,0.313,15,15,1,15,7,14,3,16,4,11,16,1,2,15,4,13,1,16,3,14,1999-00
1610612762,Utah Jazz,10,4,6,0.4,48.0,0.835,0.165,0.646,0.292,0.156,0.112,0.198,0.157,0.353,0.684,0.316,0.891,0.109,0.713,0.287,5,7,12,8,7,6,11,4,3,10,12,11,8,13,1,16,8,9,1,16,1999-00
1610612766,Charlotte Hornets,10,6,4,0.6,48.0,0.846,0.154,0.617,0.253,0.138,0.146,0.246,0.177,0.364,0.546,0.454,0.818,0.182,0.581,0.419,6,5,10,2,5,4,13,9,10,12,5,1,3,8,10,7,11,6,10,7,2000-01
1610612742,Dallas Mavericks,10,4,6,0.4,48.0,0.787,0.213,0.566,0.215,0.198,0.156,0.235,0.162,0.351,0.483,0.517,0.721,0.279,0.528,0.472,6,7,12,7,5,11,6,16,11,5,4,3,7,9,12,5,15,2,13,4,2000-01
1610612754,Indiana Pacers,4,1,3,0.25,48.0,0.778,0.222,0.607,0.269,0.215,0.095,0.178,0.132,0.338,0.566,0.434,0.92,0.08,0.634,0.366,11,11,2,11,5,13,4,11,6,2,13,13,13,11,6,11,2,15,3,14,2000-01
1610612747,Los Angeles Lakers,16,15,1,0.938,48.3,0.806,0.194,0.622,0.156,0.178,0.13,0.201,0.144,0.466,0.547,0.453,0.857,0.143,0.596,0.404,3,1,1,1,2,9,8,7,16,9,8,10,11,2,9,8,6,11,7,10,2000-01
1610612748,Miami Heat,3,0,3,0.0,48.0,0.77,0.23,0.621,0.417,0.204,0.111,0.174,0.162,0.204,0.548,0.452,0.625,0.375,0.562,0.438,15,15,2,15,5,15,2,8,1,4,11,14,6,16,8,9,16,1,12,5,2000-01
1610612749,Milwaukee Bucks,18,10,8,0.556,48.3,0.782,0.218,0.591,0.268,0.211,0.157,0.198,0.128,0.323,0.574,0.426,0.851,0.149,0.627,0.373,2,3,15,3,3,12,5,15,8,3,3,11,14,13,5,12,7,10,4,13,2000-01
1610612750,Minnesota Timberwolves,4,1,3,0.25,48.0,0.874,0.126,0.677,0.366,0.11,0.091,0.213,0.183,0.311,0.577,0.423,0.833,0.167,0.602,0.398,11,11,2,11,5,1,16,1,2,16,14,7,2,14,4,13,10,7,6,11,2000-01
1610612752,New York Knicks,5,2,3,0.4,48.0,0.835,0.165,0.661,0.27,0.135,0.076,0.204,0.139,0.391,0.415,0.585,0.85,0.15,0.467,0.533,9,9,2,7,5,5,12,3,5,13,16,9,12,5,16,1,8,9,16,1,2000-01
1610612753,Orlando Magic,4,1,3,0.25,49.3,0.772,0.228,0.603,0.214,0.234,0.136,0.163,0.122,0.389,0.476,0.524,0.906,0.094,0.564,0.436,11,11,2,11,1,14,3,13,12,1,7,16,16,6,13,4,3,14,11,6,2000-01
1610612755,Philadelphia 76ers,23,12,11,0.522,48.2,0.859,0.141,0.654,0.269,0.124,0.164,0.221,0.162,0.385,0.554,0.446,0.841,0.159,0.586,0.414,1,2,16,5,4,2,15,5,7,14,1,5,5,7,7,10,9,8,9,8,2000-01
1610612756,Phoenix Suns,4,1,3,0.25,48.0,0.81,0.19,0.672,0.333,0.144,0.158,0.184,0.209,0.339,0.58,0.42,0.941,0.059,0.625,0.375,11,11,2,11,5,8,9,2,3,11,2,12,1,10,3,14,1,16,5,12,2000-01
1610612757,Portland Trail Blazers,3,0,3,0.0,48.0,0.734,0.266,0.599,0.262,0.18,0.116,0.221,0.154,0.337,0.45,0.55,0.813,0.188,0.51,0.49,15,15,2,15,5,16,1,14,9,8,10,6,9,12,14,3,12,5,14,3,2000-01
1610612758,Sacramento Kings,8,3,5,0.375,48.0,0.834,0.166,0.607,0.213,0.154,0.138,0.239,0.164,0.394,0.435,0.565,0.775,0.225,0.484,0.516,8,8,11,10,5,6,11,12,13,10,6,2,4,4,15,2,14,3,15,2,2000-01
1610612759,San Antonio Spurs,13,7,6,0.538,48.0,0.8,0.2,0.608,0.185,0.182,0.101,0.21,0.122,0.424,0.528,0.472,0.889,0.111,0.588,0.412,4,4,12,4,5,10,7,10,14,7,12,8,15,3,11,6,4,12,8,9,2000-01
1610612761,Toronto Raptors,12,6,6,0.5,48.0,0.81,0.19,0.637,0.333,0.193,0.126,0.171,0.151,0.304,0.605,0.395,0.789,0.211,0.636,0.364,5,5,12,6,5,7,10,6,4,6,9,15,10,15,2,15,13,4,2,15,2000-01
1610612762,Utah Jazz,5,2,3,0.4,48.0,0.859,0.141,0.656,0.179,0.121,0.083,0.223,0.158,0.478,0.68,0.32,0.889,0.111,0.703,0.297,9,9,2,7,5,3,14,4,15,15,15,4,8,1,1,16,4,12,1,16,2000-01
1610612738,Boston Celtics,16,9,7,0.563,48.0,0.708,0.292,0.547,0.177,0.259,0.103,0.195,0.165,0.37,0.501,0.499,0.794,0.206,0.571,0.429,3,4,15,3,8,15,2,14,14,2,14,12,6,11,10,7,11,6,10,7,2001-02
1610612766,Charlotte Hornets,9,4,5,0.444,49.1,0.849,0.151,0.617,0.206,0.139,0.136,0.244,0.173,0.412,0.551,0.449,0.725,0.275,0.573,0.427,7,5,11,6,3,3,14,8,9,11,7,4,5,5,7,10,14,3,9,8,2001-02
1610612742,Dallas Mavericks,8,4,4,0.5,48.6,0.749,0.251,0.576,0.204,0.231,0.147,0.194,0.146,0.372,0.442,0.558,0.687,0.313,0.494,0.506,8,5,9,5,4,14,3,13,10,3,6,13,13,10,14,3,15,2,15,2,2001-02
1610612765,Detroit Pistons,10,4,6,0.4,48.0,0.693,0.307,0.516,0.198,0.289,0.169,0.195,0.189,0.318,0.537,0.463,0.9,0.1,0.636,0.364,5,5,12,7,8,16,1,16,12,1,2,11,2,15,8,9,6,11,5,12,2001-02
1610612754,Indiana Pacers,5,2,3,0.4,50.0,0.845,0.155,0.655,0.332,0.157,0.122,0.188,0.188,0.323,0.587,0.413,0.75,0.25,0.609,0.391,9,9,1,7,2,5,12,5,2,8,11,14,3,14,4,13,13,4,6,11,2001-02
1610612747,Los Angeles Lakers,19,15,4,0.789,48.3,0.776,0.224,0.606,0.162,0.187,0.087,0.207,0.157,0.443,0.48,0.52,0.888,0.112,0.549,0.451,2,1,9,1,7,13,4,11,15,5,16,9,11,1,12,5,7,10,12,5,2001-02
1610612750,Minnesota Timberwolves,3,0,3,0.0,48.0,0.844,0.156,0.608,0.203,0.147,0.18,0.245,0.085,0.405,0.419,0.581,0.6,0.4,0.444,0.556,15,15,1,15,8,6,11,10,11,10,1,3,16,7,16,1,16,1,16,1,2001-02
1610612751,New Jersey Nets,20,11,9,0.55,48.5,0.824,0.176,0.665,0.248,0.131,0.149,0.205,0.165,0.417,0.554,0.446,0.904,0.096,0.594,0.406,1,2,16,4,6,7,10,4,7,14,5,10,7,3,6,11,5,12,7,10,2001-02
1610612753,Orlando Magic,4,1,3,0.25,50.5,0.79,0.21,0.619,0.288,0.136,0.149,0.245,0.152,0.331,0.534,0.466,0.941,0.059,0.586,0.414,13,13,1,13,1,11,6,7,3,12,4,2,12,13,9,8,2,15,8,9,2001-02
1610612755,Philadelphia 76ers,5,2,3,0.4,48.0,0.823,0.177,0.593,0.288,0.135,0.133,0.272,0.157,0.306,0.614,0.386,0.8,0.2,0.638,0.362,9,9,1,7,8,8,9,12,4,13,8,1,10,16,3,14,10,7,4,13,2001-02
1610612757,Portland Trail Blazers,3,0,3,0.0,48.0,0.78,0.22,0.54,0.153,0.219,0.117,0.241,0.161,0.387,0.581,0.419,0.95,0.05,0.66,0.34,15,15,1,15,8,12,5,15,16,4,12,5,9,9,5,12,1,16,2,15,2001-02
1610612758,Sacramento Kings,16,10,6,0.625,48.6,0.804,0.196,0.632,0.215,0.148,0.122,0.22,0.162,0.417,0.501,0.499,0.925,0.075,0.558,0.442,3,3,12,2,4,10,7,6,8,9,10,7,8,4,11,6,3,14,11,6,2001-02
1610612759,San Antonio Spurs,10,4,6,0.4,48.0,0.807,0.193,0.613,0.189,0.165,0.095,0.223,0.123,0.424,0.452,0.548,0.86,0.14,0.514,0.486,5,5,12,7,8,9,8,9,13,7,15,6,14,2,13,4,8,9,13,4,2001-02
1610612760,Seattle SuperSonics,5,2,3,0.4,48.0,0.847,0.153,0.682,0.278,0.167,0.109,0.151,0.086,0.404,0.442,0.558,0.917,0.083,0.509,0.491,9,9,1,7,8,4,13,2,5,6,13,16,15,8,15,2,4,13,14,3,2001-02
1610612761,Toronto Raptors,5,2,3,0.4,48.0,0.863,0.137,0.697,0.339,0.122,0.158,0.181,0.184,0.358,0.63,0.37,0.765,0.235,0.644,0.356,9,9,1,7,8,1,16,1,1,15,3,15,4,12,2,15,12,5,3,14,2001-02
1610612762,Utah Jazz,4,1,3,0.25,48.0,0.855,0.145,0.67,0.261,0.119,0.128,0.21,0.224,0.409,0.678,0.322,0.857,0.143,0.697,0.303,13,13,1,13,8,2,15,3,6,16,9,8,1,6,1,16,9,8,1,16,2001-02
1610612738,Boston Celtics,10,4,6,0.4,49.5,0.693,0.307,0.524,0.173,0.273,0.089,0.203,0.166,0.351,0.544,0.456,0.837,0.163,0.62,0.38,8,8,10,10,1,16,1,15,15,1,14,11,8,13,8,9,5,12,5,12,2002-03
1610612742,Dallas Mavericks,20,10,10,0.5,48.5,0.731,0.269,0.567,0.188,0.265,0.144,0.168,0.158,0.378,0.449,0.551,0.777,0.223,0.527,0.473,2,3,16,4,10,15,2,13,12,2,3,16,10,10,15,2,10,7,14,3,2002-03
1610612765,Detroit Pistons,17,8,9,0.471,48.6,0.742,0.258,0.523,0.213,0.224,0.082,0.253,0.195,0.31,0.543,0.458,0.746,0.254,0.588,0.412,4,4,15,7,9,14,3,16,7,3,15,3,2,16,9,8,13,4,8,9,2002-03
1610612754,Indiana Pacers,6,2,4,0.333,48.8,0.773,0.227,0.548,0.186,0.17,0.124,0.282,0.139,0.362,0.633,0.367,0.774,0.226,0.657,0.343,11,11,1,11,2,12,5,14,13,10,5,1,15,12,1,16,11,6,1,16,2002-03
1610612747,Los Angeles Lakers,12,6,6,0.5,48.4,0.76,0.24,0.603,0.209,0.212,0.091,0.185,0.148,0.394,0.515,0.485,0.753,0.247,0.56,0.44,5,6,10,4,11,13,4,7,8,4,13,15,12,9,11,6,12,5,12,5,2002-03
1610612749,Milwaukee Bucks,6,2,4,0.333,48.8,0.786,0.214,0.617,0.249,0.194,0.109,0.189,0.182,0.368,0.481,0.519,0.895,0.105,0.553,0.447,11,11,1,11,2,7,10,6,4,6,9,13,5,11,14,3,3,14,13,4,2002-03
1610612750,Minnesota Timberwolves,6,2,4,0.333,48.8,0.827,0.173,0.653,0.322,0.139,0.081,0.207,0.146,0.332,0.579,0.421,0.643,0.357,0.587,0.413,11,11,1,11,2,4,13,2,1,14,16,10,13,15,5,12,16,1,9,8,2002-03
1610612751,New Jersey Nets,20,14,6,0.7,48.8,0.835,0.165,0.631,0.209,0.149,0.182,0.22,0.175,0.422,0.585,0.415,0.86,0.14,0.623,0.377,2,2,10,1,8,3,14,5,9,13,1,7,6,3,4,13,4,13,3,14,2002-03
1610612740,New Orleans Hornets,6,2,4,0.333,48.0,0.778,0.222,0.592,0.197,0.205,0.12,0.203,0.199,0.395,0.558,0.442,0.737,0.263,0.591,0.409,11,11,1,11,13,10,7,11,10,5,7,12,1,8,6,11,14,3,7,10,2002-03
1610612753,Orlando Magic,7,3,4,0.429,48.0,0.777,0.223,0.591,0.245,0.176,0.122,0.233,0.163,0.346,0.486,0.514,0.667,0.333,0.516,0.484,9,9,1,8,13,11,6,12,5,9,6,4,9,14,13,4,15,2,15,2,2002-03
1610612755,Philadelphia 76ers,12,6,6,0.5,48.8,0.859,0.141,0.65,0.253,0.122,0.128,0.228,0.174,0.396,0.535,0.465,0.778,0.222,0.562,0.438,5,6,10,4,2,2,15,3,3,15,4,6,7,7,10,7,8,8,11,6,2002-03
1610612756,Phoenix Suns,6,2,4,0.333,48.8,0.813,0.187,0.65,0.215,0.164,0.098,0.186,0.194,0.434,0.446,0.554,0.821,0.179,0.5,0.5,11,11,1,11,2,5,12,4,6,12,12,14,3,1,16,1,6,11,16,1,2002-03
1610612757,Portland Trail Blazers,7,3,4,0.429,48.0,0.785,0.215,0.595,0.186,0.186,0.111,0.219,0.134,0.409,0.602,0.398,0.818,0.182,0.639,0.361,9,9,1,8,13,8,9,10,14,8,8,8,16,4,3,14,7,10,2,15,2002-03
1610612758,Sacramento Kings,12,7,5,0.583,48.8,0.785,0.215,0.602,0.196,0.188,0.145,0.21,0.151,0.406,0.508,0.492,0.901,0.099,0.575,0.425,5,5,9,3,2,9,8,8,11,7,2,9,11,5,12,5,2,15,10,7,2002-03
1610612759,San Antonio Spurs,24,16,8,0.667,48.2,0.802,0.198,0.601,0.172,0.169,0.107,0.23,0.183,0.429,0.545,0.455,0.969,0.031,0.612,0.388,1,1,14,2,12,6,11,9,16,11,10,5,4,2,7,10,1,16,6,11,2002-03
1610612762,Utah Jazz,5,1,4,0.2,48.0,0.913,0.087,0.688,0.288,0.058,0.101,0.254,0.142,0.4,0.613,0.387,0.778,0.222,0.621,0.379,16,16,1,16,13,1,16,1,2,16,11,2,14,6,2,15,8,8,4,13,2002-03
1610612738,Boston Celtics,4,0,4,0.0,48.0,0.777,0.223,0.556,0.195,0.186,0.225,0.257,0.172,0.361,0.553,0.447,0.857,0.143,0.609,0.391,14,14,1,14,7,12,5,16,13,5,1,1,11,14,8,9,8,9,8,9,2003-04
1610612742,Dallas Mavericks,5,1,4,0.2,48.0,0.82,0.18,0.667,0.217,0.151,0.139,0.183,0.153,0.45,0.488,0.512,0.88,0.12,0.539,0.461,10,10,1,10,7,4,13,2,10,12,5,14,14,2,14,3,6,11,14,3,2003-04
1610612743,Denver Nuggets,5,1,4,0.2,48.0,0.851,0.149,0.724,0.291,0.146,0.155,0.13,0.227,0.433,0.53,0.47,0.682,0.318,0.548,0.452,10,10,1,10,7,1,16,1,2,13,3,16,2,3,9,8,16,1,12,5,2003-04
1610612765,Detroit Pistons,23,16,7,0.696,48.9,0.818,0.182,0.624,0.225,0.145,0.136,0.231,0.183,0.399,0.595,0.405,0.773,0.227,0.619,0.381,1,1,13,1,3,6,11,9,9,14,6,3,6,7,6,11,14,3,7,10,2003-04
1610612745,Houston Rockets,5,1,4,0.2,49.0,0.796,0.204,0.643,0.236,0.163,0.104,0.194,0.121,0.407,0.493,0.507,0.826,0.174,0.541,0.459,10,10,1,10,2,10,7,5,7,9,11,12,16,6,13,4,10,6,13,4,2003-04
1610612754,Indiana Pacers,16,10,6,0.625,48.0,0.763,0.237,0.579,0.186,0.208,0.092,0.213,0.175,0.393,0.508,0.492,0.895,0.105,0.582,0.418,4,3,12,3,7,14,3,15,14,3,14,7,9,10,12,5,5,12,9,8,2003-04
1610612747,Los Angeles Lakers,22,13,9,0.591,48.5,0.793,0.207,0.637,0.206,0.169,0.103,0.194,0.174,0.431,0.639,0.361,0.945,0.055,0.685,0.315,2,2,16,5,4,11,6,7,11,7,12,11,10,4,1,16,1,16,1,16,2003-04
1610612763,Memphis Grizzlies,4,0,4,0.0,48.0,0.824,0.176,0.647,0.162,0.135,0.129,0.219,0.195,0.485,0.407,0.593,0.933,0.067,0.472,0.528,14,14,1,14,7,2,15,3,16,15,7,5,4,1,16,1,3,14,16,1,2003-04
1610612748,Miami Heat,13,6,7,0.462,48.0,0.821,0.179,0.639,0.251,0.132,0.149,0.23,0.186,0.388,0.479,0.521,0.938,0.063,0.534,0.466,5,7,13,8,7,3,14,6,4,16,4,4,5,11,15,2,2,15,15,2,2003-04
1610612749,Milwaukee Bucks,5,1,4,0.2,48.0,0.815,0.185,0.645,0.257,0.168,0.129,0.187,0.154,0.388,0.601,0.399,0.833,0.167,0.636,0.364,10,10,1,10,7,7,10,4,3,8,8,13,13,12,5,12,9,8,5,12,2003-04
1610612750,Minnesota Timberwolves,18,10,8,0.556,48.3,0.802,0.198,0.61,0.305,0.192,0.109,0.198,0.15,0.306,0.519,0.481,0.802,0.198,0.568,0.432,3,3,15,7,6,8,9,11,1,4,10,10,15,16,10,7,13,4,11,6,2003-04
1610612751,New Jersey Nets,11,7,4,0.636,49.4,0.775,0.225,0.598,0.179,0.152,0.209,0.251,0.196,0.419,0.628,0.372,0.878,0.122,0.664,0.336,7,5,1,2,1,13,4,12,15,11,2,2,3,5,2,15,7,10,2,15,2003-04
1610612740,New Orleans Hornets,7,3,4,0.429,48.0,0.757,0.243,0.582,0.241,0.218,0.083,0.2,0.179,0.34,0.622,0.378,0.805,0.195,0.659,0.341,9,9,1,9,7,15,2,14,6,2,15,8,8,15,3,14,12,5,3,14,2003-04
1610612752,New York Knicks,4,0,4,0.0,48.0,0.819,0.181,0.631,0.232,0.152,0.071,0.217,0.235,0.399,0.613,0.387,0.765,0.235,0.634,0.366,14,14,1,14,7,5,12,8,8,10,16,6,1,8,4,13,15,2,6,11,2003-04
1610612758,Sacramento Kings,12,7,5,0.583,48.4,0.798,0.202,0.618,0.249,0.184,0.112,0.198,0.158,0.37,0.592,0.408,0.929,0.071,0.648,0.352,6,5,11,6,5,9,8,10,5,6,9,9,12,13,7,10,4,13,4,13,2003-04
1610612759,San Antonio Spurs,10,6,4,0.6,48.0,0.752,0.248,0.596,0.197,0.232,0.096,0.172,0.18,0.399,0.515,0.485,0.826,0.174,0.579,0.421,8,7,1,4,7,16,1,13,12,1,13,15,7,9,11,6,10,6,10,7,2003-04
1610612738,Boston Celtics,7,3,4,0.429,48.7,0.8,0.2,0.638,0.186,0.166,0.103,0.195,0.199,0.453,0.439,0.561,0.882,0.118,0.504,0.496,9,9,1,8,4,3,14,4,12,13,11,11,2,2,11,6,5,12,11,6,2004-05
1610612741,Chicago Bulls,6,2,4,0.333,48.0,0.726,0.274,0.517,0.176,0.263,0.086,0.22,0.153,0.341,0.56,0.44,0.759,0.241,0.61,0.39,11,11,1,11,11,16,1,16,14,1,15,6,9,15,1,16,15,2,3,14,2004-05
1610612742,Dallas Mavericks,13,6,7,0.462,48.4,0.793,0.207,0.598,0.244,0.189,0.132,0.213,0.162,0.354,0.391,0.609,0.779,0.221,0.459,0.541,5,5,13,6,8,5,12,9,4,9,5,7,7,14,16,1,12,5,15,2,2004-05
1610612743,Denver Nuggets,5,1,4,0.2,49.0,0.893,0.107,0.678,0.231,0.073,0.146,0.248,0.193,0.448,0.471,0.529,0.909,0.091,0.5,0.5,12,12,1,12,2,1,16,1,5,16,3,1,4,3,6,11,2,15,12,5,2004-05
1610612765,Detroit Pistons,25,15,10,0.6,48.4,0.824,0.176,0.664,0.279,0.15,0.13,0.186,0.18,0.385,0.555,0.445,0.85,0.15,0.593,0.407,1,2,16,3,7,2,15,2,1,14,6,13,6,8,4,13,8,9,4,13,2004-05
1610612745,Houston Rockets,7,3,4,0.429,48.0,0.764,0.236,0.571,0.19,0.22,0.11,0.209,0.146,0.381,0.446,0.554,0.78,0.22,0.514,0.486,9,9,1,8,11,10,7,12,9,5,9,9,11,9,9,8,11,6,9,8,2004-05
1610612754,Indiana Pacers,13,6,7,0.462,48.4,0.757,0.243,0.553,0.229,0.201,0.09,0.246,0.185,0.324,0.56,0.44,0.89,0.11,0.624,0.376,5,5,13,6,8,13,4,15,6,7,14,2,5,16,3,14,4,13,2,15,2004-05
1610612763,Memphis Grizzlies,4,0,4,0.0,48.0,0.775,0.225,0.657,0.19,0.226,0.095,0.117,0.131,0.467,0.444,0.556,0.774,0.226,0.506,0.494,15,15,1,15,11,7,10,3,10,3,13,16,15,1,10,7,13,4,10,7,2004-05
1610612748,Miami Heat,15,11,4,0.733,48.7,0.789,0.211,0.612,0.199,0.184,0.134,0.204,0.134,0.414,0.464,0.536,0.833,0.167,0.526,0.474,3,3,1,1,5,6,11,8,8,10,4,10,13,7,8,9,9,8,8,9,2004-05
1610612751,New Jersey Nets,4,0,4,0.0,50.5,0.746,0.254,0.563,0.186,0.194,0.124,0.243,0.16,0.377,0.56,0.44,0.96,0.04,0.634,0.366,15,15,1,15,1,15,2,14,11,8,7,4,8,10,2,15,1,16,1,16,2004-05
1610612755,Philadelphia 76ers,5,1,4,0.2,49.0,0.756,0.244,0.621,0.26,0.218,0.152,0.161,0.196,0.361,0.518,0.482,0.788,0.212,0.569,0.431,12,12,1,12,2,14,3,7,3,6,2,15,3,13,5,12,10,7,5,12,2004-05
1610612756,Phoenix Suns,15,9,6,0.6,48.3,0.767,0.233,0.593,0.158,0.23,0.156,0.177,0.122,0.435,0.392,0.608,0.868,0.132,0.49,0.51,3,4,11,3,10,9,8,10,15,2,1,14,16,6,15,2,6,11,14,3,2004-05
1610612758,Sacramento Kings,5,1,4,0.2,48.0,0.759,0.241,0.638,0.27,0.17,0.11,0.192,0.147,0.368,0.466,0.534,0.862,0.138,0.526,0.474,12,12,1,12,11,12,5,5,2,11,10,12,10,12,7,10,7,10,7,10,2004-05
1610612759,San Antonio Spurs,23,16,7,0.696,48.4,0.76,0.24,0.569,0.131,0.221,0.096,0.21,0.145,0.438,0.434,0.566,0.902,0.098,0.53,0.47,2,1,13,2,6,11,6,13,16,4,12,8,12,4,13,4,3,14,6,11,2004-05
1610612760,Seattle SuperSonics,11,6,5,0.545,48.0,0.797,0.203,0.622,0.185,0.147,0.081,0.232,0.134,0.437,0.421,0.579,0.679,0.321,0.456,0.544,7,5,10,5,11,4,13,6,13,15,16,5,14,5,14,3,16,1,16,1,2004-05
1610612764,Washington Wizards,10,4,6,0.4,48.0,0.772,0.228,0.588,0.215,0.167,0.122,0.245,0.199,0.373,0.437,0.563,0.768,0.232,0.49,0.51,8,8,11,10,11,8,9,11,7,12,8,3,1,11,12,5,14,3,13,4,2004-05
1610612741,Chicago Bulls,6,2,4,0.333,48.0,0.74,0.26,0.532,0.224,0.239,0.156,0.229,0.195,0.308,0.452,0.548,0.83,0.17,0.539,0.461,10,10,1,10,11,13,4,16,8,2,2,5,1,16,9,8,9,8,7,10,2005-06
1610612739,Cleveland Cavaliers,13,7,6,0.538,48.8,0.828,0.172,0.65,0.18,0.14,0.124,0.209,0.136,0.47,0.455,0.545,0.655,0.345,0.481,0.519,5,5,10,5,9,4,13,4,11,13,8,12,12,1,8,9,16,1,11,6,2005-06
1610612742,Dallas Mavericks,23,14,9,0.609,48.9,0.812,0.188,0.629,0.247,0.144,0.118,0.228,0.166,0.382,0.347,0.653,0.918,0.082,0.422,0.578,1,2,15,2,6,6,11,5,1,12,10,7,5,12,16,1,3,14,16,1,2005-06
1610612743,Denver Nuggets,5,1,4,0.2,48.0,0.841,0.159,0.677,0.243,0.103,0.146,0.22,0.178,0.435,0.581,0.419,0.867,0.133,0.607,0.393,14,14,1,14,11,3,14,1,2,16,4,9,4,6,2,15,6,10,2,15,2005-06
1610612765,Detroit Pistons,18,10,8,0.556,48.0,0.751,0.249,0.55,0.24,0.225,0.118,0.224,0.161,0.31,0.526,0.474,0.782,0.218,0.581,0.419,4,3,14,4,11,11,6,14,3,3,9,8,6,14,3,14,12,5,4,13,2005-06
1610612754,Indiana Pacers,6,2,4,0.333,48.0,0.723,0.277,0.549,0.239,0.224,0.091,0.228,0.142,0.31,0.503,0.497,0.825,0.175,0.572,0.428,10,10,1,10,11,15,2,15,4,4,14,6,11,15,5,12,10,7,5,12,2005-06
1610612746,Los Angeles Clippers,12,7,5,0.583,48.8,0.852,0.148,0.666,0.233,0.128,0.075,0.207,0.115,0.432,0.481,0.519,0.852,0.148,0.523,0.477,7,5,9,3,7,1,16,3,6,15,15,13,16,7,7,10,8,9,8,9,2005-06
1610612747,Los Angeles Lakers,7,3,4,0.429,49.4,0.742,0.258,0.608,0.159,0.213,0.044,0.179,0.134,0.449,0.388,0.612,0.74,0.26,0.455,0.545,9,9,1,9,2,12,5,8,14,5,16,14,14,3,15,2,15,2,14,3,2005-06
1610612763,Memphis Grizzlies,4,0,4,0.0,49.3,0.82,0.18,0.623,0.166,0.134,0.145,0.243,0.151,0.457,0.41,0.59,0.867,0.133,0.467,0.533,16,16,1,16,3,5,12,6,13,14,5,2,8,2,12,5,6,10,13,4,2005-06
1610612748,Miami Heat,23,16,7,0.696,48.2,0.736,0.264,0.592,0.15,0.198,0.117,0.21,0.159,0.442,0.417,0.583,0.884,0.116,0.502,0.498,1,1,13,1,10,14,3,10,16,6,11,11,7,4,11,6,4,13,9,8,2005-06
1610612749,Milwaukee Bucks,5,1,4,0.2,48.0,0.845,0.155,0.668,0.238,0.16,0.152,0.172,0.117,0.43,0.515,0.485,0.808,0.192,0.556,0.444,14,14,1,14,11,2,15,2,5,10,3,15,15,8,4,13,11,6,6,11,2005-06
1610612751,New Jersey Nets,11,5,6,0.455,48.0,0.77,0.23,0.614,0.226,0.171,0.169,0.215,0.19,0.388,0.591,0.409,0.932,0.068,0.645,0.355,8,8,10,8,11,9,8,7,7,9,1,10,3,11,1,16,1,16,1,16,2005-06
1610612756,Phoenix Suns,20,10,10,0.5,49.0,0.717,0.283,0.576,0.169,0.257,0.126,0.167,0.143,0.407,0.496,0.504,0.88,0.12,0.584,0.416,3,3,16,7,5,16,1,12,12,1,7,16,10,10,6,11,5,12,3,14,2005-06
1610612758,Sacramento Kings,6,2,4,0.333,48.8,0.8,0.2,0.606,0.192,0.159,0.103,0.235,0.146,0.414,0.39,0.61,0.742,0.258,0.442,0.558,10,10,1,10,7,7,10,9,10,11,12,3,9,9,14,3,14,3,15,2,2005-06
1610612759,San Antonio Spurs,13,7,6,0.538,49.2,0.793,0.207,0.591,0.155,0.175,0.093,0.234,0.134,0.436,0.391,0.609,0.923,0.077,0.479,0.521,5,5,10,5,4,8,9,11,15,8,13,4,13,5,13,4,2,15,12,5,2005-06
1610612764,Washington Wizards,6,2,4,0.333,49.7,0.756,0.244,0.574,0.197,0.182,0.138,0.244,0.19,0.377,0.44,0.56,0.757,0.243,0.495,0.505,10,10,1,10,1,10,7,13,9,7,6,1,2,13,10,7,13,4,10,7,2005-06
1610612741,Chicago Bulls,10,6,4,0.6,48.0,0.78,0.22,0.576,0.275,0.192,0.129,0.233,0.183,0.301,0.594,0.406,0.814,0.186,0.634,0.366,8,5,1,3,5,7,10,12,3,9,6,3,2,15,2,15,13,4,2,15,2006-07
1610612739,Cleveland Cavaliers,20,12,8,0.6,48.5,0.783,0.217,0.601,0.233,0.182,0.108,0.216,0.169,0.368,0.487,0.513,0.833,0.167,0.545,0.455,1,2,15,3,2,5,12,8,5,12,7,6,5,10,8,9,11,6,9,8,2006-07
1610612742,Dallas Mavericks,6,2,4,0.333,48.0,0.726,0.274,0.552,0.196,0.213,0.14,0.235,0.174,0.355,0.423,0.577,0.905,0.095,0.522,0.478,10,10,1,10,5,13,4,14,9,5,3,2,4,13,13,4,7,10,12,5,2006-07
1610612743,Denver Nuggets,5,1,4,0.2,48.0,0.819,0.181,0.658,0.204,0.156,0.079,0.186,0.152,0.454,0.476,0.524,0.826,0.174,0.524,0.476,12,12,1,12,5,3,14,2,7,14,14,12,13,4,9,8,12,5,11,6,2006-07
1610612765,Detroit Pistons,16,10,6,0.625,48.6,0.781,0.219,0.588,0.287,0.191,0.092,0.221,0.176,0.301,0.567,0.433,0.839,0.161,0.616,0.384,4,3,12,2,1,6,11,10,2,10,11,5,3,14,3,14,10,7,3,14,2006-07
1610612744,Golden State Warriors,11,5,6,0.455,48.5,0.618,0.382,0.477,0.121,0.312,0.204,0.211,0.226,0.356,0.329,0.671,0.795,0.205,0.47,0.53,6,8,12,8,3,16,1,16,16,1,1,8,1,12,16,1,14,3,15,2,2006-07
1610612745,Houston Rockets,7,3,4,0.429,48.0,0.692,0.308,0.517,0.157,0.245,0.069,0.237,0.136,0.36,0.532,0.468,0.86,0.14,0.611,0.389,9,9,1,9,5,15,2,15,15,3,15,1,14,11,6,11,9,8,4,13,2006-07
1610612747,Los Angeles Lakers,5,1,4,0.2,48.0,0.77,0.23,0.645,0.176,0.196,0.086,0.159,0.135,0.469,0.329,0.671,0.625,0.375,0.379,0.621,12,12,1,12,5,10,7,4,12,8,13,16,15,2,15,2,16,1,16,1,2006-07
1610612748,Miami Heat,4,0,4,0.0,48.0,0.773,0.227,0.625,0.163,0.186,0.056,0.189,0.161,0.462,0.441,0.559,1.0,0.0,0.534,0.466,14,14,1,14,5,8,9,5,14,11,16,10,10,3,12,5,1,15,10,7,2006-07
1610612751,New Jersey Nets,12,6,6,0.5,48.0,0.716,0.284,0.553,0.179,0.255,0.134,0.192,0.156,0.373,0.625,0.375,0.967,0.033,0.706,0.294,5,5,12,7,5,14,3,13,11,2,5,9,12,9,1,16,3,14,1,16,2006-07
1610612753,Orlando Magic,4,0,4,0.0,48.0,0.9,0.1,0.727,0.244,0.085,0.136,0.188,0.165,0.483,0.492,0.508,0.9,0.1,0.522,0.478,14,14,1,14,5,1,16,1,4,16,4,11,8,1,7,10,8,9,13,4,2006-07
1610612756,Phoenix Suns,11,6,5,0.545,48.0,0.771,0.229,0.613,0.19,0.204,0.169,0.183,0.162,0.423,0.561,0.439,0.769,0.231,0.599,0.401,6,5,11,5,5,9,8,6,10,7,2,15,9,6,5,12,15,2,6,11,2006-07
1610612759,San Antonio Spurs,20,16,4,0.8,48.0,0.744,0.256,0.579,0.174,0.237,0.087,0.184,0.157,0.406,0.462,0.538,0.934,0.066,0.563,0.437,1,1,1,1,5,12,5,11,13,4,12,13,11,8,10,7,6,11,7,10,2006-07
1610612761,Toronto Raptors,6,2,4,0.333,48.0,0.803,0.197,0.598,0.349,0.176,0.095,0.226,0.169,0.25,0.411,0.589,0.938,0.063,0.497,0.503,10,10,1,10,5,4,13,9,1,13,10,4,6,16,14,3,5,12,14,3,2006-07
1610612762,Utah Jazz,17,9,8,0.529,48.3,0.841,0.159,0.656,0.225,0.132,0.105,0.212,0.165,0.431,0.564,0.436,0.945,0.055,0.609,0.391,3,4,15,6,4,2,15,3,6,15,8,7,7,5,4,13,4,13,5,12,2006-07
1610612764,Washington Wizards,4,0,4,0.0,48.0,0.753,0.247,0.612,0.202,0.205,0.098,0.183,0.131,0.41,0.446,0.554,1.0,0.0,0.547,0.453,14,14,1,14,5,11,6,7,8,6,9,14,16,7,11,6,1,15,8,9,2006-07
1610612737,Atlanta Hawks,7,3,4,0.429,48.0,0.826,0.174,0.58,0.187,0.138,0.097,0.282,0.134,0.393,0.548,0.452,0.893,0.107,0.595,0.405,9,9,1,9,5,3,14,11,10,14,10,1,12,10,6,11,6,11,6,11,2007-08
1610612738,Boston Celtics,26,16,10,0.615,48.0,0.776,0.224,0.586,0.214,0.193,0.095,0.221,0.189,0.372,0.577,0.423,0.93,0.07,0.64,0.36,1,1,16,2,5,8,9,9,6,9,13,6,4,12,2,15,1,16,3,14,2007-08
1610612739,Cleveland Cavaliers,13,7,6,0.538,48.0,0.738,0.262,0.542,0.212,0.223,0.108,0.234,0.165,0.33,0.596,0.404,0.839,0.161,0.649,0.351,5,5,11,5,5,13,4,15,7,5,7,5,6,13,1,16,12,5,1,16,2007-08
1610612742,Dallas Mavericks,5,1,4,0.2,48.0,0.736,0.264,0.519,0.191,0.23,0.136,0.251,0.083,0.328,0.533,0.467,0.889,0.111,0.614,0.386,13,13,1,13,5,14,3,16,9,4,3,3,16,14,7,10,7,9,4,13,2007-08
1610612743,Denver Nuggets,4,0,4,0.0,48.0,0.797,0.203,0.655,0.143,0.133,0.16,0.212,0.153,0.512,0.436,0.564,0.889,0.111,0.49,0.51,16,16,1,16,5,6,11,4,14,15,2,8,8,1,14,3,7,9,14,3,2007-08
1610612765,Detroit Pistons,17,10,7,0.588,48.0,0.821,0.179,0.642,0.323,0.149,0.107,0.209,0.201,0.319,0.569,0.431,0.844,0.156,0.606,0.394,3,3,13,3,5,4,13,5,1,13,8,9,2,15,3,14,10,7,5,12,2007-08
1610612745,Houston Rockets,6,2,4,0.333,48.0,0.746,0.254,0.598,0.174,0.199,0.093,0.203,0.178,0.424,0.411,0.589,0.8,0.2,0.482,0.518,10,10,1,10,5,11,6,7,11,7,14,11,5,4,15,2,13,4,16,1,2007-08
1610612747,Los Angeles Lakers,21,14,7,0.667,48.2,0.759,0.241,0.582,0.163,0.204,0.092,0.214,0.139,0.419,0.511,0.489,0.795,0.205,0.565,0.435,2,2,13,1,4,9,8,10,13,6,15,7,11,7,8,9,14,3,9,8,2007-08
1610612740,New Orleans Hornets,12,7,5,0.583,48.0,0.827,0.173,0.659,0.257,0.179,0.131,0.162,0.142,0.402,0.442,0.558,0.899,0.101,0.512,0.488,6,5,9,4,5,2,15,2,4,10,4,16,10,9,13,4,5,12,10,7,2007-08
1610612753,Orlando Magic,10,5,5,0.5,48.0,0.664,0.336,0.544,0.14,0.278,0.115,0.178,0.113,0.404,0.352,0.648,0.9,0.1,0.492,0.508,8,8,9,7,5,16,1,14,16,1,6,13,15,8,16,1,4,13,13,4,2007-08
1610612755,Philadelphia 76ers,6,2,4,0.333,48.0,0.895,0.105,0.683,0.26,0.064,0.169,0.252,0.219,0.423,0.483,0.517,0.909,0.091,0.508,0.492,10,10,1,10,5,1,16,1,3,16,1,2,1,5,10,7,3,14,11,6,2007-08
1610612756,Phoenix Suns,5,1,4,0.2,50.0,0.82,0.18,0.657,0.227,0.149,0.096,0.193,0.124,0.43,0.442,0.558,0.84,0.16,0.495,0.505,13,13,1,13,1,5,12,3,5,12,11,12,13,3,12,5,11,6,12,5,2007-08
1610612759,San Antonio Spurs,17,9,8,0.529,48.6,0.748,0.252,0.595,0.203,0.24,0.095,0.164,0.121,0.393,0.492,0.508,0.875,0.125,0.573,0.427,3,4,15,6,2,10,7,8,8,3,12,15,14,11,9,8,9,8,8,9,2007-08
1610612761,Toronto Raptors,5,1,4,0.2,48.0,0.72,0.28,0.579,0.274,0.254,0.099,0.167,0.189,0.306,0.563,0.438,0.929,0.071,0.645,0.355,13,13,1,13,5,15,2,12,2,2,9,14,3,16,4,13,2,15,2,15,2007-08
1610612762,Utah Jazz,12,6,6,0.5,48.4,0.796,0.204,0.618,0.172,0.177,0.089,0.205,0.147,0.447,0.559,0.441,0.743,0.257,0.588,0.412,6,7,11,7,3,7,10,6,12,11,16,10,9,2,5,12,15,2,7,10,2007-08
1610612764,Washington Wizards,6,2,4,0.333,48.0,0.738,0.262,0.564,0.141,0.195,0.116,0.241,0.156,0.423,0.449,0.551,0.667,0.333,0.49,0.51,10,10,1,10,5,12,5,13,15,8,5,4,7,6,11,6,16,1,15,2,2007-08
1610612737,Atlanta Hawks,11,4,7,0.364,48.0,0.762,0.238,0.571,0.156,0.218,0.174,0.211,0.192,0.416,0.508,0.492,0.776,0.224,0.562,0.438,7,8,13,10,6,9,8,11,14,4,1,7,1,2,4,13,10,7,5,12,2008-09
1610612738,Boston Celtics,14,7,7,0.5,50.5,0.778,0.222,0.601,0.218,0.197,0.113,0.201,0.134,0.383,0.544,0.456,0.926,0.074,0.613,0.387,4,5,13,6,2,6,11,6,8,12,7,10,15,10,3,14,3,14,2,15,2008-09
1610612741,Chicago Bulls,7,3,4,0.429,53.0,0.779,0.221,0.575,0.224,0.202,0.137,0.223,0.142,0.351,0.472,0.528,0.706,0.294,0.517,0.483,9,9,1,8,1,5,12,10,7,10,4,5,10,13,8,9,15,2,11,6,2008-09
1610612739,Cleveland Cavaliers,14,10,4,0.714,48.4,0.737,0.263,0.577,0.211,0.204,0.121,0.219,0.15,0.366,0.5,0.5,0.763,0.237,0.55,0.45,4,3,1,1,5,11,6,9,9,8,6,6,9,11,6,11,11,6,6,11,2008-09
1610612742,Dallas Mavericks,10,5,5,0.5,48.0,0.728,0.272,0.557,0.248,0.216,0.102,0.227,0.139,0.309,0.435,0.565,0.795,0.205,0.508,0.492,8,7,10,6,6,14,3,12,4,6,12,4,12,15,13,4,9,8,12,5,2008-09
1610612743,Denver Nuggets,16,10,6,0.625,48.0,0.731,0.269,0.541,0.148,0.224,0.134,0.235,0.174,0.393,0.57,0.43,0.744,0.256,0.607,0.393,3,3,11,3,6,13,4,14,16,3,5,2,2,4,2,15,13,4,3,14,2008-09
1610612765,Detroit Pistons,4,0,4,0.0,48.0,0.841,0.159,0.731,0.417,0.115,0.103,0.154,0.135,0.314,0.474,0.526,1.0,0.0,0.524,0.476,16,16,1,16,6,1,16,1,1,16,11,16,14,14,7,10,1,16,9,8,2008-09
1610612745,Houston Rockets,13,7,6,0.538,48.0,0.735,0.265,0.599,0.209,0.217,0.056,0.184,0.14,0.39,0.447,0.553,0.721,0.279,0.5,0.5,6,5,11,5,6,12,5,7,10,5,16,12,11,6,11,6,14,3,13,4,2008-09
1610612747,Los Angeles Lakers,23,16,7,0.696,48.4,0.771,0.229,0.595,0.18,0.204,0.104,0.201,0.167,0.415,0.451,0.549,0.813,0.188,0.518,0.482,2,1,13,2,4,7,10,8,12,9,9,11,4,3,10,7,7,10,10,7,2008-09
1610612748,Miami Heat,7,3,4,0.429,48.0,0.713,0.287,0.548,0.246,0.243,0.07,0.209,0.164,0.301,0.444,0.556,0.6,0.4,0.479,0.521,9,9,1,8,6,15,2,13,5,2,15,8,6,16,12,5,16,1,14,3,2008-09
1610612740,New Orleans Hornets,5,1,4,0.2,48.0,0.738,0.262,0.518,0.157,0.214,0.147,0.268,0.116,0.361,0.505,0.495,0.8,0.2,0.568,0.432,13,13,1,13,6,10,7,16,13,7,3,1,16,12,5,12,8,9,4,13,2008-09
1610612753,Orlando Magic,24,13,11,0.542,48.6,0.691,0.309,0.539,0.15,0.259,0.103,0.202,0.156,0.389,0.451,0.549,0.846,0.154,0.547,0.453,1,2,16,4,3,16,1,15,15,1,10,9,7,8,9,8,6,11,7,10,2008-09
1610612755,Philadelphia 76ers,6,2,4,0.333,48.0,0.789,0.211,0.637,0.245,0.198,0.149,0.166,0.166,0.392,0.432,0.568,0.971,0.029,0.525,0.475,11,11,1,11,6,4,13,4,6,11,2,14,5,5,14,3,2,15,8,9,2008-09
1610612757,Portland Trail Blazers,6,2,4,0.333,48.0,0.81,0.19,0.639,0.249,0.189,0.078,0.172,0.155,0.39,0.377,0.623,0.758,0.242,0.44,0.56,11,11,1,11,6,3,14,3,3,14,14,13,8,7,15,2,12,5,16,1,2008-09
1610612759,San Antonio Spurs,5,1,4,0.2,48.0,0.77,0.23,0.646,0.261,0.192,0.088,0.162,0.137,0.385,0.377,0.623,0.862,0.138,0.457,0.543,13,13,1,13,6,8,9,2,2,13,13,15,13,9,16,1,5,12,15,2,2008-09
1610612762,Utah Jazz,5,1,4,0.2,48.0,0.82,0.18,0.616,0.197,0.154,0.109,0.23,0.17,0.419,0.7,0.3,0.88,0.12,0.726,0.274,13,13,1,13,6,2,15,5,11,15,8,3,3,1,1,16,4,13,1,16,2008-09
1610612737,Atlanta Hawks,11,4,7,0.364,48.0,0.829,0.171,0.654,0.262,0.152,0.118,0.193,0.144,0.392,0.429,0.571,0.84,0.16,0.484,0.516,5,6,14,9,3,2,15,3,2,14,9,12,11,9,14,3,7,9,15,2,2009-10
1610612738,Boston Celtics,24,15,9,0.625,48.2,0.789,0.211,0.607,0.204,0.185,0.139,0.208,0.182,0.403,0.561,0.439,0.885,0.115,0.616,0.384,1,2,16,3,2,4,13,6,8,9,5,8,3,7,3,14,4,13,3,14,2009-10
1610612766,Charlotte Bobcats,4,0,4,0.0,48.0,0.759,0.241,0.62,0.211,0.167,0.096,0.213,0.187,0.409,0.585,0.415,1.0,0.0,0.648,0.352,16,16,1,16,3,10,7,4,7,13,13,7,2,6,1,16,1,16,1,16,2009-10
1610612741,Chicago Bulls,5,1,4,0.2,48.0,0.875,0.125,0.713,0.326,0.099,0.163,0.188,0.138,0.388,0.468,0.532,0.875,0.125,0.503,0.497,14,14,1,14,3,1,16,1,1,16,2,14,13,11,8,9,5,12,14,3,2009-10
1610612739,Cleveland Cavaliers,11,6,5,0.545,48.0,0.723,0.277,0.554,0.151,0.215,0.129,0.231,0.122,0.403,0.557,0.443,0.785,0.215,0.604,0.396,5,5,10,5,3,14,3,13,14,5,7,3,15,8,4,13,13,4,4,13,2009-10
1610612742,Dallas Mavericks,6,2,4,0.333,48.0,0.756,0.244,0.596,0.223,0.205,0.158,0.199,0.156,0.373,0.494,0.506,0.763,0.237,0.544,0.456,10,10,1,10,3,11,6,9,4,6,3,10,7,12,7,10,15,2,7,10,2009-10
1610612743,Denver Nuggets,6,2,4,0.333,48.0,0.769,0.231,0.564,0.116,0.178,0.139,0.258,0.166,0.448,0.449,0.551,0.821,0.179,0.513,0.487,10,10,1,10,3,7,10,12,15,11,6,2,5,1,13,4,9,8,13,4,2009-10
1610612747,Los Angeles Lakers,23,16,7,0.696,48.0,0.745,0.255,0.604,0.194,0.203,0.07,0.194,0.142,0.41,0.464,0.536,0.803,0.197,0.526,0.474,2,1,14,2,3,12,5,7,9,8,16,11,12,5,9,8,12,5,10,7,2009-10
1610612748,Miami Heat,5,1,4,0.2,48.0,0.764,0.236,0.612,0.224,0.233,0.071,0.155,0.196,0.388,0.5,0.5,0.618,0.382,0.524,0.476,14,14,1,14,3,9,8,5,3,3,15,16,1,10,6,11,16,1,11,6,2009-10
1610612749,Milwaukee Bucks,7,3,4,0.429,48.0,0.732,0.268,0.603,0.19,0.219,0.094,0.178,0.165,0.413,0.405,0.595,0.804,0.196,0.483,0.517,9,9,1,6,3,13,4,8,10,4,14,15,6,4,15,2,11,6,16,1,2009-10
1610612760,Oklahoma City Thunder,6,2,4,0.333,48.0,0.764,0.236,0.536,0.178,0.176,0.163,0.288,0.13,0.359,0.464,0.536,0.818,0.182,0.527,0.473,10,10,1,10,3,8,9,14,11,12,1,1,14,15,10,7,10,7,9,8,2009-10
1610612753,Orlando Magic,14,10,4,0.714,48.4,0.62,0.38,0.475,0.115,0.306,0.107,0.219,0.166,0.359,0.399,0.601,0.783,0.217,0.514,0.486,4,3,1,1,1,16,1,16,16,1,11,6,4,13,16,1,14,3,12,5,2009-10
1610612756,Phoenix Suns,16,10,6,0.625,48.0,0.693,0.307,0.534,0.175,0.263,0.099,0.203,0.119,0.359,0.452,0.548,0.84,0.16,0.548,0.452,3,3,11,3,3,15,2,15,12,2,12,9,16,14,12,5,7,9,6,11,2009-10
1610612757,Portland Trail Blazers,6,2,4,0.333,48.0,0.783,0.217,0.573,0.219,0.204,0.111,0.222,0.156,0.355,0.513,0.488,0.921,0.079,0.591,0.409,10,10,1,10,3,5,12,11,5,7,10,5,8,16,5,12,3,14,5,12,2009-10
1610612759,San Antonio Spurs,10,4,6,0.4,48.0,0.819,0.181,0.658,0.214,0.15,0.146,0.193,0.152,0.443,0.462,0.538,0.958,0.042,0.527,0.473,7,6,11,7,3,3,14,2,6,15,4,13,10,2,11,6,2,15,8,9,2009-10
1610612762,Utah Jazz,10,4,6,0.4,48.0,0.781,0.219,0.59,0.166,0.182,0.122,0.228,0.153,0.424,0.579,0.421,0.846,0.154,0.625,0.375,7,6,11,7,3,6,11,10,13,10,8,4,9,3,2,15,6,11,2,15,2009-10
1610612737,Atlanta Hawks,12,6,6,0.5,48.0,0.816,0.184,0.659,0.242,0.157,0.113,0.185,0.153,0.417,0.516,0.484,0.759,0.241,0.549,0.451,6,6,11,7,8,2,15,2,2,13,10,14,10,7,4,13,13,4,6,11,2010-11
1610612738,Boston Celtics,9,5,4,0.556,48.6,0.792,0.208,0.599,0.242,0.236,0.13,0.165,0.178,0.357,0.506,0.494,0.896,0.104,0.587,0.413,8,7,1,4,4,6,11,10,1,3,7,15,5,14,5,12,3,14,4,13,2010-11
1610612741,Chicago Bulls,16,9,7,0.563,48.3,0.762,0.238,0.599,0.193,0.205,0.141,0.197,0.187,0.405,0.535,0.465,0.842,0.158,0.592,0.408,4,3,14,3,6,10,7,9,7,7,3,12,4,9,3,14,9,8,3,14,2010-11
1610612742,Dallas Mavericks,21,16,5,0.762,48.2,0.703,0.297,0.524,0.177,0.268,0.11,0.209,0.153,0.346,0.496,0.504,0.842,0.158,0.584,0.416,1,1,10,1,7,15,2,15,13,2,12,8,9,16,7,10,8,9,5,12,2010-11
1610612743,Denver Nuggets,5,1,4,0.2,48.0,0.761,0.239,0.53,0.181,0.209,0.117,0.261,0.129,0.349,0.442,0.558,0.912,0.088,0.54,0.46,13,13,1,13,8,11,6,14,11,5,8,1,15,15,12,5,1,16,8,9,2010-11
1610612754,Indiana Pacers,5,1,4,0.2,48.0,0.808,0.192,0.599,0.222,0.193,0.135,0.208,0.235,0.377,0.437,0.563,0.724,0.276,0.488,0.512,13,13,1,13,8,3,14,8,3,8,6,9,1,12,14,3,16,1,15,2,2010-11
1610612747,Los Angeles Lakers,10,4,6,0.4,48.0,0.787,0.213,0.642,0.165,0.155,0.1,0.204,0.147,0.476,0.505,0.495,0.792,0.208,0.545,0.455,7,8,11,8,8,7,10,3,15,14,15,10,11,1,6,11,12,5,7,10,2010-11
1610612763,Memphis Grizzlies,13,7,6,0.538,49.9,0.856,0.144,0.666,0.204,0.117,0.108,0.217,0.155,0.462,0.468,0.532,0.9,0.1,0.514,0.486,5,5,11,5,1,1,16,1,6,16,13,6,8,2,8,9,2,15,11,6,2010-11
1610612748,Miami Heat,21,14,7,0.667,48.5,0.756,0.244,0.576,0.192,0.191,0.116,0.233,0.178,0.384,0.439,0.561,0.806,0.194,0.505,0.495,1,2,14,2,5,12,5,11,8,9,9,3,6,10,13,4,10,7,13,4,2010-11
1610612740,New Orleans Hornets,6,2,4,0.333,48.0,0.805,0.195,0.634,0.209,0.151,0.106,0.215,0.177,0.425,0.576,0.424,0.852,0.148,0.614,0.386,9,9,1,9,8,4,13,5,5,15,14,7,7,5,1,16,6,11,1,16,2010-11
1610612752,New York Knicks,4,0,4,0.0,48.0,0.714,0.286,0.523,0.165,0.273,0.074,0.204,0.198,0.358,0.453,0.547,0.727,0.273,0.523,0.477,16,16,1,16,8,14,3,16,14,1,16,11,2,13,10,7,15,2,10,7,2010-11
1610612760,Oklahoma City Thunder,17,9,8,0.529,49.5,0.75,0.25,0.566,0.184,0.184,0.15,0.25,0.133,0.382,0.436,0.564,0.794,0.206,0.5,0.5,3,3,16,6,2,13,4,12,10,10,2,2,14,11,15,2,11,6,14,3,2010-11
1610612753,Orlando Magic,6,2,4,0.333,48.0,0.69,0.31,0.56,0.132,0.209,0.113,0.231,0.135,0.429,0.403,0.597,0.73,0.27,0.468,0.532,9,9,1,9,8,16,1,13,16,6,11,4,13,4,16,1,14,3,16,1,2010-11
1610612755,Philadelphia 76ers,5,1,4,0.2,48.0,0.799,0.201,0.633,0.217,0.222,0.155,0.145,0.129,0.416,0.547,0.453,0.844,0.156,0.604,0.396,13,13,1,13,8,5,12,6,4,4,1,16,16,8,2,15,7,10,2,15,2010-11
1610612757,Portland Trail Blazers,6,2,4,0.333,48.0,0.772,0.228,0.639,0.185,0.17,0.138,0.191,0.146,0.454,0.45,0.55,0.867,0.133,0.513,0.487,9,9,1,9,8,8,9,4,9,11,5,13,12,3,11,6,5,12,12,5,2010-11
1610612759,San Antonio Spurs,6,2,4,0.333,48.8,0.765,0.235,0.601,0.18,0.17,0.14,0.23,0.187,0.42,0.465,0.535,0.875,0.125,0.53,0.47,9,9,1,9,3,9,8,7,12,12,4,5,3,6,9,8,4,13,9,8,2010-11
1610612737,Atlanta Hawks,6,2,4,0.333,48.8,0.763,0.237,0.633,0.183,0.213,0.168,0.154,0.17,0.45,0.519,0.481,0.686,0.314,0.55,0.45,11,11,1,11,2,10,7,8,11,4,3,14,6,3,4,13,14,3,6,11,2011-12
1610612738,Boston Celtics,20,11,9,0.55,48.8,0.789,0.211,0.651,0.247,0.156,0.135,0.193,0.154,0.404,0.547,0.453,0.828,0.172,0.586,0.414,2,3,16,4,3,6,11,5,4,12,6,10,11,11,3,14,7,10,3,14,2011-12
1610612741,Chicago Bulls,6,2,4,0.333,48.0,0.843,0.157,0.704,0.328,0.154,0.132,0.142,0.142,0.375,0.652,0.348,0.731,0.269,0.662,0.338,11,11,1,11,8,3,14,2,1,13,7,16,14,14,1,16,13,4,1,16,2011-12
1610612742,Dallas Mavericks,4,0,4,0.0,48.0,0.724,0.276,0.504,0.161,0.257,0.088,0.239,0.164,0.343,0.372,0.628,0.844,0.156,0.492,0.508,15,15,1,15,8,14,3,16,13,3,14,2,9,15,16,1,5,12,13,4,2011-12
1610612743,Denver Nuggets,7,3,4,0.429,48.0,0.787,0.213,0.685,0.154,0.164,0.202,0.151,0.146,0.532,0.487,0.513,0.892,0.108,0.543,0.457,9,9,1,7,8,7,10,3,14,11,1,15,13,1,7,10,2,15,7,10,2011-12
1610612754,Indiana Pacers,11,6,5,0.545,48.5,0.775,0.225,0.616,0.186,0.189,0.128,0.195,0.174,0.43,0.406,0.594,0.857,0.143,0.482,0.518,7,6,10,5,5,9,8,11,10,8,9,9,3,6,14,3,4,13,15,2,2011-12
1610612746,Los Angeles Clippers,11,4,7,0.364,48.5,0.783,0.217,0.622,0.218,0.204,0.123,0.174,0.198,0.404,0.444,0.556,0.765,0.235,0.501,0.499,7,8,12,10,5,8,9,9,5,6,12,11,1,12,11,6,12,5,10,7,2011-12
1610612747,Los Angeles Lakers,12,5,7,0.417,48.0,0.793,0.207,0.637,0.174,0.168,0.098,0.196,0.14,0.463,0.49,0.51,0.794,0.206,0.536,0.464,6,7,12,9,8,5,12,7,12,10,13,8,15,2,6,11,9,8,8,9,2011-12
1610612763,Memphis Grizzlies,7,3,4,0.429,48.7,0.845,0.155,0.638,0.194,0.113,0.123,0.25,0.173,0.444,0.466,0.534,0.792,0.208,0.5,0.5,9,9,1,7,4,2,15,6,9,15,11,1,4,4,10,7,10,7,11,5,2011-12
1610612748,Miami Heat,23,16,7,0.696,48.4,0.742,0.258,0.578,0.149,0.21,0.13,0.212,0.173,0.429,0.417,0.583,0.841,0.159,0.5,0.5,1,1,12,2,7,13,4,13,15,5,8,4,5,7,12,5,6,11,11,5,2011-12
1610612752,New York Knicks,5,1,4,0.2,48.0,0.752,0.248,0.618,0.208,0.181,0.07,0.2,0.167,0.411,0.375,0.625,0.6,0.4,0.412,0.588,13,13,1,13,8,12,5,10,7,9,15,6,7,9,15,2,16,1,16,1,2011-12
1610612760,Oklahoma City Thunder,20,13,7,0.65,48.0,0.76,0.24,0.6,0.213,0.201,0.162,0.198,0.164,0.387,0.413,0.587,0.801,0.199,0.484,0.516,2,2,12,3,8,11,6,12,6,7,5,7,8,13,13,4,8,9,14,3,2011-12
1610612753,Orlando Magic,5,1,4,0.2,49.0,0.684,0.316,0.539,0.205,0.301,0.031,0.16,0.16,0.334,0.469,0.531,0.786,0.214,0.555,0.445,13,13,1,13,1,16,1,15,8,1,16,13,10,16,9,8,11,6,5,12,2011-12
1610612755,Philadelphia 76ers,13,7,6,0.538,48.0,0.832,0.168,0.655,0.25,0.14,0.167,0.205,0.183,0.406,0.559,0.441,0.615,0.385,0.566,0.434,5,5,11,6,8,4,13,4,3,14,4,5,2,10,2,15,15,2,4,13,2011-12
1610612759,San Antonio Spurs,14,10,4,0.714,48.0,0.713,0.287,0.559,0.119,0.277,0.125,0.164,0.136,0.44,0.506,0.494,0.894,0.106,0.603,0.397,4,4,1,1,8,15,2,14,16,2,10,12,16,5,5,12,1,16,2,15,2011-12
1610612762,Utah Jazz,4,0,4,0.0,48.0,0.869,0.131,0.707,0.296,0.078,0.188,0.214,0.154,0.412,0.484,0.516,0.889,0.111,0.511,0.489,15,15,1,15,8,1,16,1,2,16,2,3,12,8,8,9,3,14,9,8,2011-12
1610612737,Atlanta Hawks,6,2,4,0.333,48.0,0.759,0.241,0.593,0.194,0.207,0.131,0.2,0.166,0.399,0.509,0.491,0.919,0.081,0.587,0.413,10,10,1,10,11,5,12,8,5,9,6,6,6,12,4,13,2,15,3,14,2012-13
1610612738,Boston Celtics,6,2,4,0.333,48.8,0.7,0.3,0.526,0.17,0.249,0.16,0.225,0.152,0.356,0.508,0.492,0.854,0.146,0.591,0.409,10,10,1,10,6,13,4,15,10,5,1,3,10,15,5,12,8,9,2,15,2012-13
1610612751,Brooklyn Nets,7,3,4,0.429,50.1,0.768,0.232,0.621,0.164,0.185,0.135,0.194,0.155,0.457,0.491,0.509,0.767,0.233,0.537,0.463,9,9,1,8,1,3,14,4,12,12,5,9,8,3,8,9,15,2,11,6,2012-13
1610612741,Chicago Bulls,12,5,7,0.417,49.3,0.787,0.213,0.644,0.239,0.177,0.076,0.18,0.139,0.404,0.515,0.485,0.785,0.215,0.557,0.443,5,7,13,9,3,2,15,2,1,14,14,11,12,9,2,15,12,5,8,9,2012-13
1610612743,Denver Nuggets,6,2,4,0.333,48.0,0.735,0.265,0.586,0.126,0.204,0.129,0.21,0.193,0.46,0.486,0.514,0.929,0.071,0.57,0.43,10,10,1,10,11,11,6,10,15,11,7,4,3,2,11,6,1,16,6,11,2012-13
1610612744,Golden State Warriors,12,6,6,0.5,49.3,0.735,0.265,0.591,0.205,0.253,0.108,0.156,0.137,0.386,0.495,0.505,0.769,0.231,0.556,0.444,5,5,9,5,3,10,7,9,3,4,11,14,13,13,6,11,14,3,9,8,2012-13
1610612745,Houston Rockets,6,2,4,0.333,48.0,0.584,0.416,0.453,0.053,0.35,0.145,0.197,0.142,0.4,0.397,0.603,0.771,0.229,0.524,0.476,10,10,1,10,11,16,1,16,16,1,2,7,11,11,15,2,13,4,13,4,2012-13
1610612754,Indiana Pacers,19,11,8,0.579,48.3,0.742,0.258,0.565,0.135,0.205,0.079,0.23,0.134,0.43,0.46,0.54,0.882,0.118,0.542,0.458,3,3,16,3,10,8,9,13,14,10,13,1,14,6,13,4,7,10,10,7,2012-13
1610612746,Los Angeles Clippers,6,2,4,0.333,48.0,0.746,0.254,0.62,0.169,0.185,0.12,0.195,0.129,0.451,0.489,0.511,0.629,0.371,0.512,0.488,10,10,1,10,11,7,10,5,11,13,9,8,15,5,9,8,16,1,15,2,2012-13
1610612747,Los Angeles Lakers,4,0,4,0.0,48.0,0.763,0.237,0.692,0.17,0.176,0.067,0.132,0.117,0.522,0.475,0.525,0.9,0.1,0.536,0.464,15,15,1,15,11,4,13,1,9,15,16,16,16,1,12,5,3,14,12,5,2012-13
1610612763,Memphis Grizzlies,15,8,7,0.533,49.0,0.818,0.182,0.618,0.194,0.152,0.107,0.23,0.181,0.424,0.515,0.485,0.889,0.111,0.568,0.432,4,4,13,4,5,1,16,6,4,16,12,2,5,8,3,14,5,12,7,10,2012-13
1610612748,Miami Heat,23,16,7,0.696,48.4,0.736,0.264,0.579,0.177,0.238,0.115,0.183,0.19,0.402,0.488,0.512,0.887,0.113,0.574,0.426,1,1,13,2,8,9,8,11,7,6,10,10,4,10,10,7,6,11,5,12,2012-13
1610612749,Milwaukee Bucks,4,0,4,0.0,48.0,0.7,0.3,0.639,0.188,0.211,0.144,0.15,0.258,0.452,0.55,0.45,0.792,0.208,0.594,0.406,15,15,1,15,11,14,3,3,6,8,3,15,1,4,1,16,10,6,1,16,2012-13
1610612752,New York Knicks,12,6,6,0.5,48.4,0.712,0.288,0.57,0.216,0.271,0.071,0.159,0.202,0.354,0.347,0.653,0.792,0.208,0.454,0.546,5,5,9,5,9,12,5,12,2,2,15,13,2,16,16,1,10,6,16,1,2012-13
1610612760,Oklahoma City Thunder,11,5,6,0.455,48.5,0.697,0.303,0.532,0.163,0.263,0.136,0.205,0.162,0.369,0.424,0.576,0.811,0.189,0.52,0.48,8,7,9,7,7,15,2,14,13,3,4,5,7,14,14,3,9,8,14,3,2012-13
1610612759,San Antonio Spurs,21,15,6,0.714,49.4,0.747,0.253,0.602,0.177,0.235,0.123,0.163,0.152,0.425,0.492,0.508,0.891,0.109,0.574,0.426,2,2,9,1,2,6,11,7,8,7,8,12,9,7,7,10,4,13,4,13,2012-13
1610612737,Atlanta Hawks,7,3,4,0.429,48.0,0.583,0.417,0.411,0.117,0.366,0.113,0.223,0.172,0.294,0.391,0.609,0.835,0.165,0.557,0.443,9,9,1,8,8,16,1,16,14,1,7,2,3,16,15,2,6,11,9,8,2013-14
1610612751,Brooklyn Nets,12,5,7,0.417,48.0,0.698,0.302,0.565,0.154,0.243,0.09,0.191,0.138,0.412,0.432,0.568,0.86,0.14,0.528,0.472,6,7,11,13,8,13,4,10,11,8,15,8,10,5,12,5,3,14,11,6,2013-14
1610612766,Charlotte Bobcats,4,0,4,0.0,48.0,0.718,0.282,0.565,0.168,0.253,0.098,0.182,0.101,0.397,0.538,0.462,0.742,0.258,0.585,0.415,16,16,1,16,8,9,8,11,9,4,12,12,16,7,5,12,13,4,5,12,2013-14
1610612741,Chicago Bulls,5,1,4,0.2,49.0,0.756,0.244,0.596,0.204,0.213,0.058,0.191,0.124,0.391,0.545,0.455,0.875,0.125,0.608,0.392,15,15,1,15,5,3,14,4,3,13,16,7,13,8,4,13,1,16,2,15,2013-14
1610612742,Dallas Mavericks,7,3,4,0.429,48.0,0.741,0.259,0.607,0.243,0.25,0.113,0.143,0.147,0.364,0.442,0.558,0.661,0.339,0.489,0.511,9,9,1,8,8,5,12,3,2,6,6,16,8,15,11,6,16,1,14,3,2013-14
1610612744,Golden State Warriors,7,3,4,0.429,48.0,0.684,0.316,0.54,0.102,0.27,0.154,0.191,0.144,0.438,0.592,0.408,0.776,0.224,0.638,0.362,9,9,1,8,8,14,3,14,15,3,1,9,9,3,1,16,10,7,1,16,2013-14
1610612745,Houston Rockets,6,2,4,0.333,50.5,0.72,0.28,0.583,0.089,0.219,0.109,0.198,0.124,0.494,0.372,0.628,0.755,0.245,0.449,0.551,14,14,1,14,2,8,9,6,16,12,10,4,14,2,16,1,12,5,16,1,2013-14
1610612754,Indiana Pacers,19,10,9,0.526,48.0,0.742,0.258,0.575,0.184,0.24,0.098,0.186,0.171,0.391,0.498,0.502,0.777,0.223,0.559,0.441,3,3,15,4,8,4,13,8,6,9,13,11,4,9,7,10,9,8,8,9,2013-14
1610612746,Los Angeles Clippers,13,6,7,0.462,48.0,0.698,0.302,0.556,0.178,0.252,0.144,0.192,0.173,0.378,0.567,0.433,0.731,0.269,0.605,0.395,5,5,11,6,8,12,5,12,7,5,3,6,2,14,2,15,14,3,3,14,2013-14
1610612763,Memphis Grizzlies,7,3,4,0.429,50.9,0.827,0.173,0.668,0.162,0.137,0.112,0.195,0.18,0.505,0.558,0.442,0.839,0.161,0.591,0.409,9,9,1,8,1,1,16,1,10,16,8,5,1,1,3,14,5,12,4,13,2013-14
1610612748,Miami Heat,20,13,7,0.65,48.0,0.674,0.326,0.537,0.147,0.287,0.1,0.176,0.168,0.39,0.412,0.588,0.806,0.194,0.516,0.484,2,2,11,2,8,15,2,15,12,2,11,13,6,10,13,4,7,10,13,4,2013-14
1610612760,Oklahoma City Thunder,19,10,9,0.526,49.3,0.713,0.287,0.567,0.185,0.22,0.151,0.213,0.133,0.382,0.466,0.534,0.762,0.238,0.527,0.473,3,3,15,4,4,11,6,9,5,11,2,3,11,12,10,7,11,6,12,5,2013-14
1610612757,Portland Trail Blazers,11,5,6,0.455,49.4,0.74,0.26,0.584,0.202,0.228,0.111,0.188,0.132,0.382,0.391,0.609,0.713,0.287,0.457,0.543,7,7,10,7,3,6,11,5,4,10,9,10,12,13,14,3,15,2,15,2,2013-14
1610612759,San Antonio Spurs,23,16,7,0.696,48.2,0.733,0.267,0.581,0.169,0.249,0.121,0.17,0.161,0.412,0.474,0.526,0.857,0.143,0.559,0.441,1,1,11,1,7,7,10,7,8,7,5,15,7,4,9,8,4,13,7,10,2013-14
1610612761,Toronto Raptors,7,3,4,0.429,48.0,0.717,0.283,0.544,0.134,0.205,0.097,0.251,0.117,0.41,0.475,0.525,0.804,0.196,0.541,0.459,9,9,1,8,8,10,7,13,13,14,14,1,15,6,8,9,8,9,10,7,2013-14
1610612764,Washington Wizards,11,6,5,0.545,48.5,0.789,0.211,0.638,0.256,0.187,0.137,0.175,0.17,0.382,0.508,0.492,0.871,0.129,0.567,0.433,7,5,9,3,6,2,15,2,1,15,4,14,5,11,6,11,2,15,6,11,2013-14
1610612737,Atlanta Hawks,16,8,8,0.5,48.6,0.665,0.335,0.568,0.112,0.277,0.139,0.155,0.17,0.455,0.587,0.413,0.828,0.172,0.646,0.354,4,4,15,6,9,14,3,9,15,7,7,15,3,3,1,16,9,8,1,16,2014-15
1610612738,Boston Celtics,4,0,4,0.0,48.0,0.74,0.26,0.617,0.158,0.174,0.092,0.208,0.15,0.459,0.504,0.496,0.955,0.045,0.576,0.424,14,14,1,14,12,4,13,5,7,15,14,2,12,2,12,5,1,16,10,7,2014-15
1610612751,Brooklyn Nets,6,2,4,0.333,48.8,0.711,0.289,0.574,0.166,0.265,0.062,0.161,0.157,0.408,0.512,0.488,0.882,0.118,0.599,0.401,10,10,1,10,4,8,9,8,5,8,16,13,7,11,10,7,6,11,7,10,2014-15
1610612741,Chicago Bulls,12,6,6,0.5,48.8,0.706,0.294,0.54,0.153,0.286,0.118,0.174,0.163,0.387,0.566,0.434,0.818,0.182,0.632,0.368,6,6,12,6,4,9,8,12,9,4,9,9,4,14,4,13,10,7,3,14,2014-15
1610612739,Cleveland Cavaliers,20,14,6,0.7,48.8,0.653,0.347,0.504,0.118,0.295,0.066,0.201,0.139,0.386,0.403,0.597,0.815,0.185,0.519,0.481,2,2,12,2,6,15,2,16,14,2,15,3,14,15,15,2,11,6,14,3,2014-15
1610612742,Dallas Mavericks,5,1,4,0.2,48.0,0.735,0.265,0.618,0.175,0.207,0.195,0.175,0.151,0.444,0.429,0.571,0.868,0.132,0.51,0.49,12,12,1,12,12,5,12,4,4,12,1,8,11,6,14,3,7,10,15,2,2014-15
1610612744,Golden State Warriors,21,16,5,0.762,48.7,0.638,0.362,0.518,0.122,0.332,0.184,0.15,0.152,0.396,0.584,0.416,0.779,0.221,0.642,0.358,1,1,10,1,7,16,1,13,13,1,2,16,9,13,2,15,14,3,2,15,2014-15
1610612745,Houston Rockets,17,9,8,0.529,48.0,0.67,0.33,0.515,0.062,0.263,0.179,0.222,0.152,0.454,0.538,0.462,0.727,0.273,0.586,0.414,3,3,15,5,12,13,4,15,16,9,3,1,10,4,6,11,16,1,9,8,2014-15
1610612746,Los Angeles Clippers,14,7,7,0.5,48.4,0.7,0.3,0.578,0.159,0.233,0.152,0.19,0.155,0.419,0.518,0.482,0.761,0.239,0.57,0.43,5,5,14,6,11,10,7,7,6,11,5,6,8,9,9,8,15,2,12,5,2014-15
1610612763,Memphis Grizzlies,11,6,5,0.545,48.0,0.834,0.166,0.662,0.209,0.138,0.119,0.2,0.171,0.453,0.539,0.461,0.792,0.208,0.57,0.43,7,6,10,4,12,1,16,1,2,16,8,4,2,5,5,12,13,4,11,6,2014-15
1610612749,Milwaukee Bucks,6,2,4,0.333,49.7,0.794,0.206,0.648,0.226,0.186,0.139,0.166,0.224,0.422,0.535,0.465,0.909,0.091,0.595,0.405,10,10,1,10,1,2,15,2,1,14,6,12,1,8,7,10,5,12,8,9,2014-15
1610612740,New Orleans Pelicans,4,0,4,0.0,49.3,0.748,0.252,0.62,0.208,0.201,0.107,0.179,0.134,0.412,0.568,0.432,0.815,0.185,0.612,0.388,14,14,1,14,2,3,14,3,3,13,10,7,15,10,3,14,12,5,6,11,2014-15
1610612757,Portland Trail Blazers,5,1,4,0.2,48.0,0.687,0.313,0.516,0.145,0.294,0.102,0.19,0.1,0.371,0.339,0.661,0.913,0.087,0.497,0.503,12,12,1,12,12,12,5,14,10,3,11,5,16,16,16,1,4,13,16,1,2014-15
1610612759,San Antonio Spurs,7,3,4,0.429,48.7,0.693,0.307,0.555,0.133,0.278,0.095,0.167,0.159,0.423,0.527,0.473,0.94,0.06,0.631,0.369,9,9,1,9,7,11,6,10,12,6,12,11,6,7,8,9,3,14,4,13,2014-15
1610612761,Toronto Raptors,4,0,4,0.0,49.3,0.717,0.283,0.608,0.14,0.234,0.094,0.158,0.161,0.468,0.453,0.547,0.833,0.167,0.531,0.469,14,14,1,14,2,7,10,6,11,10,13,14,5,1,13,4,8,9,13,4,2014-15
1610612764,Washington Wizards,10,6,4,0.6,48.5,0.724,0.276,0.552,0.154,0.279,0.155,0.169,0.146,0.398,0.509,0.491,0.947,0.053,0.619,0.381,8,6,1,3,10,6,11,11,8,5,4,10,13,12,11,6,2,15,5,12,2014-15
1610612737,Atlanta Hawks,10,4,6,0.4,48.5,0.625,0.375,0.519,0.088,0.318,0.121,0.163,0.14,0.432,0.512,0.488,0.877,0.123,0.617,0.383,7,8,11,10,4,15,2,13,16,4,8,11,11,6,5,12,4,13,2,15,2015-16
1610612738,Boston Celtics,6,2,4,0.333,48.8,0.648,0.352,0.547,0.107,0.277,0.119,0.176,0.156,0.44,0.526,0.474,0.865,0.135,0.612,0.388,11,11,1,11,2,13,4,11,14,5,9,9,7,4,2,15,6,11,3,14,2015-16
1610612766,Charlotte Hornets,7,3,4,0.429,48.0,0.769,0.231,0.579,0.123,0.19,0.065,0.231,0.142,0.456,0.366,0.634,0.7,0.3,0.426,0.574,9,9,1,8,7,3,14,7,12,14,16,1,9,2,15,2,16,1,16,1,2015-16
1610612739,Cleveland Cavaliers,21,16,5,0.762,48.0,0.63,0.37,0.497,0.128,0.352,0.13,0.151,0.167,0.369,0.437,0.563,0.802,0.198,0.554,0.446,2,1,10,1,7,14,3,14,11,2,6,15,3,14,12,5,11,6,7,10,2015-16
1610612742,Dallas Mavericks,5,1,4,0.2,48.0,0.736,0.264,0.623,0.2,0.198,0.096,0.179,0.119,0.422,0.521,0.479,0.871,0.129,0.582,0.418,13,13,1,13,7,6,11,3,4,13,12,8,13,8,3,14,5,12,5,12,2015-16
1610612765,Detroit Pistons,4,0,4,0.0,48.0,0.691,0.309,0.574,0.163,0.276,0.079,0.15,0.092,0.411,0.505,0.495,0.914,0.086,0.604,0.396,15,15,1,15,7,10,7,8,9,6,15,16,16,9,6,11,1,16,4,13,2015-16
1610612744,Golden State Warriors,24,15,9,0.625,48.2,0.621,0.379,0.486,0.113,0.355,0.136,0.159,0.166,0.373,0.532,0.468,0.814,0.186,0.624,0.376,1,2,15,2,6,16,1,15,13,1,4,13,4,13,1,16,10,7,1,16,2015-16
1610612745,Houston Rockets,5,1,4,0.2,48.0,0.668,0.332,0.557,0.092,0.25,0.127,0.193,0.164,0.465,0.48,0.52,0.763,0.237,0.545,0.455,13,13,1,13,7,11,6,10,15,8,7,5,5,1,7,10,14,3,10,7,2015-16
1610612754,Indiana Pacers,7,3,4,0.429,48.0,0.716,0.284,0.53,0.168,0.261,0.145,0.209,0.174,0.363,0.46,0.54,0.825,0.175,0.55,0.45,9,9,1,8,7,8,9,12,7,7,2,2,1,15,9,8,8,9,9,8,2015-16
1610612746,LA Clippers,6,2,4,0.333,48.0,0.771,0.229,0.641,0.21,0.173,0.093,0.186,0.132,0.431,0.418,0.582,0.882,0.118,0.489,0.511,11,11,1,11,7,2,15,2,2,16,13,6,12,7,13,4,2,15,13,4,2015-16
1610612763,Memphis Grizzlies,4,0,4,0.0,48.0,0.803,0.197,0.673,0.235,0.176,0.102,0.151,0.145,0.438,0.459,0.541,0.842,0.158,0.516,0.484,15,15,1,15,7,1,16,1,1,15,10,14,8,5,10,7,7,10,12,5,2015-16
1610612748,Miami Heat,14,7,7,0.5,49.1,0.762,0.238,0.619,0.174,0.212,0.088,0.168,0.114,0.445,0.362,0.638,0.802,0.198,0.444,0.556,5,5,13,5,1,5,12,4,6,12,14,10,15,3,16,1,12,5,15,2,2015-16
1610612760,Oklahoma City Thunder,18,11,7,0.611,48.0,0.705,0.295,0.563,0.165,0.233,0.157,0.204,0.142,0.398,0.458,0.542,0.819,0.181,0.536,0.464,4,3,13,3,7,9,8,9,8,10,1,3,10,11,11,6,9,8,11,6,2015-16
1610612757,Portland Trail Blazers,11,5,6,0.455,48.5,0.649,0.351,0.48,0.135,0.34,0.136,0.18,0.117,0.345,0.516,0.484,0.718,0.282,0.581,0.419,6,7,11,7,5,12,5,16,10,3,5,7,14,16,4,13,15,2,6,11,2015-16
1610612759,San Antonio Spurs,10,6,4,0.6,48.0,0.768,0.232,0.598,0.204,0.241,0.141,0.161,0.163,0.394,0.462,0.538,0.878,0.122,0.55,0.45,7,6,1,4,7,4,13,5,3,9,3,12,6,12,8,9,3,14,8,9,2015-16
1610612761,Toronto Raptors,20,10,10,0.5,48.8,0.718,0.282,0.587,0.183,0.22,0.098,0.193,0.168,0.404,0.38,0.62,0.774,0.226,0.458,0.542,3,4,16,5,3,7,10,6,5,11,11,4,2,10,14,3,13,4,14,3,2015-16
1610612737,Atlanta Hawks,6,2,4,0.333,48.0,0.677,0.323,0.553,0.117,0.237,0.104,0.21,0.141,0.436,0.571,0.429,0.68,0.32,0.596,0.404,10,10,2,10,6,9,8,8,11,14,11,1,11,3,3,14,15,2,4,13,2016-17
1610612738,Boston Celtics,18,9,9,0.5,48.3,0.59,0.41,0.488,0.086,0.363,0.119,0.149,0.152,0.402,0.606,0.394,0.895,0.105,0.702,0.298,1,3,16,5,5,15,2,13,15,2,7,16,5,12,2,15,2,15,1,16,2016-17
1610612741,Chicago Bulls,6,2,4,0.333,48.0,0.715,0.285,0.608,0.155,0.218,0.093,0.174,0.142,0.453,0.477,0.523,0.857,0.143,0.55,0.45,10,10,2,10,6,3,14,1,3,16,14,9,10,1,7,10,5,12,9,8,2016-17
1610612739,Cleveland Cavaliers,18,13,5,0.722,48.0,0.592,0.408,0.46,0.1,0.367,0.11,0.173,0.129,0.359,0.437,0.563,0.73,0.27,0.539,0.461,1,2,10,2,6,14,3,15,13,1,8,11,14,16,12,5,12,5,11,6,2016-17
1610612744,Golden State Warriors,17,16,1,0.941,48.0,0.622,0.378,0.507,0.135,0.32,0.176,0.174,0.151,0.372,0.625,0.375,0.736,0.264,0.658,0.342,3,1,1,1,6,12,5,12,9,5,1,10,6,14,1,16,11,6,2,15,2016-17
1610612745,Houston Rockets,11,6,5,0.545,48.5,0.548,0.452,0.454,0.042,0.357,0.105,0.189,0.122,0.412,0.424,0.576,0.716,0.284,0.524,0.476,6,6,10,3,3,16,1,16,16,3,10,4,15,10,15,2,13,4,13,4,2016-17
1610612754,Indiana Pacers,4,0,4,0.0,48.0,0.67,0.33,0.538,0.152,0.31,0.074,0.152,0.143,0.386,0.513,0.487,0.667,0.333,0.556,0.444,15,15,2,15,6,10,7,9,5,6,16,15,9,13,4,13,16,1,6,11,2016-17
1610612746,LA Clippers,7,3,4,0.429,48.0,0.696,0.304,0.579,0.149,0.25,0.095,0.171,0.113,0.43,0.429,0.571,0.772,0.228,0.506,0.494,9,9,2,7,6,6,11,5,6,10,13,13,16,6,14,3,9,8,15,2,2016-17
1610612763,Memphis Grizzlies,6,2,4,0.333,48.8,0.687,0.313,0.526,0.114,0.291,0.131,0.183,0.149,0.412,0.454,0.546,0.786,0.214,0.543,0.457,10,10,2,10,1,8,9,11,12,7,4,5,8,11,10,7,8,9,10,7,2016-17
1610612749,Milwaukee Bucks,6,2,4,0.333,48.0,0.723,0.277,0.555,0.14,0.29,0.12,0.156,0.202,0.415,0.484,0.516,0.963,0.037,0.608,0.392,10,10,2,10,6,1,16,7,8,9,6,14,1,8,6,11,1,16,3,14,2016-17
1610612760,Oklahoma City Thunder,5,1,4,0.2,48.0,0.691,0.309,0.58,0.146,0.242,0.144,0.179,0.192,0.434,0.444,0.556,0.762,0.238,0.513,0.487,14,14,2,14,6,7,10,4,7,12,3,7,2,4,11,6,10,7,14,3,2016-17
1610612757,Portland Trail Blazers,4,0,4,0.0,48.0,0.62,0.38,0.483,0.118,0.325,0.103,0.192,0.138,0.365,0.337,0.663,0.682,0.318,0.444,0.556,15,15,2,15,6,13,4,14,10,4,12,2,13,15,16,1,14,3,16,1,2016-17
1610612759,San Antonio Spurs,16,8,8,0.5,48.6,0.718,0.282,0.587,0.156,0.24,0.125,0.173,0.17,0.431,0.435,0.565,0.891,0.109,0.533,0.467,4,4,15,5,2,2,15,2,2,13,5,12,3,5,13,4,3,14,12,5,2016-17
1610612761,Toronto Raptors,10,4,6,0.4,48.0,0.704,0.296,0.569,0.153,0.242,0.107,0.189,0.15,0.416,0.469,0.531,0.859,0.141,0.555,0.445,8,7,12,8,6,4,13,6,4,11,9,3,7,7,8,9,4,13,7,10,2016-17
1610612762,Utah Jazz,11,4,7,0.364,48.0,0.669,0.331,0.535,0.099,0.29,0.08,0.175,0.14,0.437,0.465,0.535,0.798,0.202,0.554,0.446,6,7,14,9,6,11,6,10,14,8,15,8,12,2,9,8,7,10,8,9,2016-17
1610612764,Washington Wizards,13,7,6,0.538,48.4,0.698,0.302,0.586,0.174,0.233,0.162,0.181,0.164,0.413,0.502,0.498,0.817,0.183,0.568,0.432,5,5,12,4,4,5,12,3,1,15,2,6,4,9,5,12,6,11,5,12,2016-17
1610612738,Boston Celtics,19,11,8,0.579,48.5,0.633,0.367,0.512,0.102,0.31,0.098,0.178,0.148,0.41,0.481,0.519,0.834,0.166,0.582,0.418,3,3,15,3,2,14,3,14,8,5,11,5,9,11,7,10,5,12,7,10,2017-18
1610612739,Cleveland Cavaliers,22,12,10,0.545,48.5,0.63,0.37,0.53,0.112,0.298,0.094,0.172,0.128,0.418,0.414,0.586,0.81,0.19,0.522,0.478,1,2,16,5,5,15,2,10,7,8,14,7,14,9,14,3,9,8,13,4,2017-18
1610612744,Golden State Warriors,21,16,5,0.762,48.2,0.635,0.365,0.544,0.172,0.304,0.152,0.152,0.153,0.372,0.594,0.406,0.732,0.268,0.632,0.368,2,1,10,1,6,13,4,7,2,7,5,12,8,15,1,16,14,3,3,14,2017-18
1610612745,Houston Rockets,17,11,6,0.647,48.0,0.534,0.466,0.453,0.045,0.383,0.094,0.164,0.137,0.408,0.441,0.559,0.623,0.377,0.506,0.494,4,3,12,2,7,16,1,16,16,1,15,8,12,12,12,5,16,1,14,3,2017-18
1610612754,Indiana Pacers,7,3,4,0.429,48.0,0.661,0.339,0.574,0.099,0.29,0.169,0.136,0.192,0.474,0.475,0.525,0.765,0.235,0.548,0.452,9,9,1,8,7,10,7,5,10,10,1,14,2,4,8,9,13,4,11,6,2017-18
1610612748,Miami Heat,5,1,4,0.2,48.0,0.667,0.333,0.499,0.135,0.313,0.145,0.188,0.184,0.364,0.535,0.465,0.926,0.074,0.65,0.35,13,13,1,13,7,7,9,15,5,3,6,3,3,16,4,13,2,15,2,15,2017-18
1610612749,Milwaukee Bucks,7,3,4,0.429,48.7,0.672,0.328,0.581,0.129,0.282,0.133,0.137,0.135,0.452,0.444,0.556,0.925,0.075,0.562,0.438,9,9,1,8,1,5,12,3,6,11,7,13,13,7,11,6,3,14,8,9,2017-18
1610612750,Minnesota Timberwolves,5,1,4,0.2,48.0,0.736,0.264,0.571,0.094,0.266,0.096,0.163,0.077,0.476,0.49,0.51,0.911,0.089,0.589,0.411,13,13,1,13,7,2,15,6,12,14,13,9,16,3,6,11,4,13,5,12,2017-18
1610612740,New Orleans Pelicans,9,5,4,0.556,48.0,0.699,0.301,0.6,0.101,0.27,0.165,0.13,0.156,0.499,0.579,0.421,0.787,0.213,0.627,0.373,8,5,1,4,7,3,14,1,9,13,3,15,7,1,2,15,12,5,4,13,2017-18
1610612760,Oklahoma City Thunder,6,2,4,0.333,48.0,0.667,0.333,0.527,0.145,0.311,0.132,0.161,0.209,0.382,0.35,0.65,0.667,0.333,0.439,0.561,11,11,1,11,7,7,9,13,3,4,8,10,1,14,15,2,15,2,16,1,2017-18
1610612755,Philadelphia 76ers,10,5,5,0.5,48.5,0.669,0.331,0.529,0.097,0.273,0.097,0.198,0.165,0.432,0.569,0.431,0.949,0.051,0.667,0.333,6,5,10,6,3,6,11,11,11,12,12,2,4,8,3,14,1,16,1,16,2017-18
1610612757,Portland Trail Blazers,4,0,4,0.0,48.0,0.646,0.354,0.578,0.085,0.306,0.154,0.116,0.164,0.493,0.336,0.664,0.814,0.186,0.461,0.539,16,16,1,16,7,11,6,4,13,6,4,16,5,2,16,1,8,9,15,2,2017-18
1610612759,San Antonio Spurs,5,1,4,0.2,48.0,0.663,0.337,0.541,0.14,0.26,0.083,0.198,0.163,0.401,0.458,0.542,0.833,0.167,0.549,0.451,13,13,1,13,7,9,8,8,4,15,16,1,6,13,10,7,6,10,10,7,2017-18
1610612761,Toronto Raptors,10,4,6,0.4,48.5,0.676,0.324,0.531,0.067,0.291,0.117,0.178,0.116,0.464,0.47,0.53,0.808,0.192,0.56,0.44,6,8,12,10,3,4,13,9,15,9,9,6,15,5,9,8,10,7,9,8,2017-18
1610612762,Utah Jazz,11,5,6,0.455,48.0,0.639,0.361,0.528,0.069,0.314,0.111,0.158,0.142,0.458,0.434,0.566,0.797,0.203,0.537,0.463,5,5,12,7,7,12,5,12,14,2,10,11,11,6,13,4,11,6,12,5,2017-18
1610612764,Washington Wizards,6,2,4,0.333,48.0,0.744,0.256,0.591,0.177,0.224,0.168,0.185,0.145,0.414,0.526,0.474,0.833,0.167,0.588,0.412,11,11,1,11,7,1,16,2,1,16,2,4,10,10,5,12,6,10,6,11,2017-18
1610612738,Boston Celtics,9,5,4,0.556,48.0,0.608,0.392,0.477,0.144,0.333,0.153,0.19,0.127,0.333,0.466,0.534,0.892,0.108,0.601,0.399,8,8,1,5,7,11,6,14,2,6,4,4,12,16,13,4,5,12,8,9,2018-19
1610612751,Brooklyn Nets,5,1,4,0.2,48.0,0.628,0.372,0.492,0.061,0.296,0.101,0.212,0.156,0.431,0.504,0.496,0.491,0.509,0.5,0.5,11,11,1,11,7,9,8,11,14,12,14,1,8,5,8,9,16,1,15,2,2018-19
1610612743,Denver Nuggets,14,7,7,0.5,49.4,0.692,0.308,0.556,0.093,0.263,0.101,0.181,0.105,0.463,0.532,0.468,0.821,0.179,0.601,0.399,5,5,13,7,2,2,15,2,12,14,13,10,15,2,5,12,9,8,9,8,2018-19
1610612765,Detroit Pistons,4,0,4,0.0,48.0,0.656,0.344,0.541,0.133,0.337,0.11,0.122,0.181,0.408,0.5,0.5,0.886,0.114,0.613,0.387,15,15,1,15,7,4,13,4,4,4,10,16,3,7,10,7,6,11,7,10,2018-19
1610612744,Golden State Warriors,22,14,8,0.636,48.5,0.62,0.38,0.507,0.135,0.32,0.143,0.173,0.161,0.371,0.664,0.336,0.757,0.243,0.691,0.309,2,2,14,3,4,10,7,8,3,9,7,11,5,13,1,16,12,5,1,16,2018-19
1610612745,Houston Rockets,11,6,5,0.545,48.5,0.49,0.51,0.397,0.027,0.432,0.105,0.171,0.159,0.37,0.414,0.586,0.599,0.401,0.491,0.509,7,7,10,6,4,16,1,16,16,1,12,14,7,14,16,1,15,2,16,1,2018-19
1610612754,Indiana Pacers,4,0,4,0.0,48.0,0.644,0.356,0.512,0.109,0.327,0.172,0.161,0.185,0.403,0.574,0.426,0.725,0.275,0.619,0.381,15,15,1,15,7,6,11,7,7,7,2,15,2,8,2,15,13,4,6,11,2018-19
1610612746,LA Clippers,6,2,4,0.333,48.0,0.645,0.355,0.494,0.096,0.301,0.147,0.205,0.151,0.398,0.535,0.465,0.884,0.116,0.636,0.364,10,10,1,10,7,5,12,10,11,10,5,2,9,10,4,13,7,10,3,14,2018-19
1610612749,Milwaukee Bucks,15,10,5,0.667,48.7,0.569,0.431,0.479,0.069,0.34,0.185,0.181,0.123,0.41,0.519,0.481,0.859,0.141,0.628,0.372,4,3,10,1,3,15,2,13,13,2,1,9,14,6,7,10,8,9,4,13,2018-19
1610612760,Oklahoma City Thunder,5,1,4,0.2,48.0,0.635,0.365,0.521,0.118,0.297,0.143,0.183,0.139,0.403,0.474,0.526,0.923,0.077,0.598,0.402,11,11,1,11,7,8,9,5,5,11,6,7,11,9,12,5,1,16,11,6,2018-19
1610612753,Orlando Magic,5,1,4,0.2,48.0,0.581,0.419,0.474,0.104,0.339,0.13,0.187,0.167,0.37,0.495,0.505,0.788,0.212,0.59,0.41,11,11,1,11,7,14,3,15,9,3,9,6,4,15,11,6,11,6,12,5,2018-19
1610612755,Philadelphia 76ers,12,7,5,0.583,48.0,0.669,0.331,0.552,0.115,0.26,0.105,0.188,0.14,0.437,0.525,0.475,0.92,0.08,0.619,0.381,6,5,10,4,7,3,14,3,6,15,11,5,10,4,6,11,2,15,5,12,2018-19
1610612757,Portland Trail Blazers,16,8,8,0.5,49.6,0.637,0.363,0.504,0.107,0.323,0.094,0.173,0.124,0.397,0.434,0.566,0.656,0.344,0.501,0.499,3,4,14,7,1,7,10,9,8,8,15,12,13,11,15,2,14,3,14,3,2018-19
1610612759,San Antonio Spurs,7,3,4,0.429,48.0,0.767,0.233,0.633,0.188,0.195,0.093,0.172,0.091,0.445,0.463,0.537,0.894,0.106,0.536,0.464,9,9,1,9,7,1,16,1,1,16,16,13,16,3,14,3,4,13,13,4,2018-19
1610612761,Toronto Raptors,24,16,8,0.667,48.4,0.593,0.407,0.483,0.103,0.335,0.155,0.181,0.16,0.38,0.502,0.498,0.808,0.192,0.598,0.402,1,1,14,1,6,12,5,12,10,5,3,8,6,12,9,8,10,7,10,7,2018-19
1610612762,Utah Jazz,5,1,4,0.2,48.0,0.586,0.414,0.515,0.033,0.288,0.135,0.196,0.196,0.483,0.571,0.429,0.915,0.085,0.665,0.335,11,11,1,11,7,13,4,6,15,13,8,3,1,1,3,14,3,14,2,15,2018-19
1610612738,Boston Celtics,17,10,7,0.588,48.9,0.571,0.429,0.479,0.091,0.341,0.117,0.181,0.139,0.387,0.501,0.499,0.768,0.232,0.587,0.413,4,3,13,4,2,10,7,9,10,12,5,4,10,4,7,10,12,5,8,9,2019-20
1610612751,Brooklyn Nets,4,0,4,0.0,48.0,0.496,0.504,0.392,0.09,0.44,0.149,0.168,0.118,0.303,0.614,0.386,0.839,0.161,0.71,0.29,14,14,1,14,11,15,2,15,12,2,1,7,14,15,1,16,5,12,1,16,2019-20
1610612742,Dallas Mavericks,6,2,4,0.333,48.8,0.579,0.421,0.49,0.108,0.346,0.064,0.164,0.11,0.382,0.39,0.61,0.765,0.235,0.51,0.49,11,11,1,11,3,7,10,5,7,9,14,10,16,5,12,5,13,4,14,3,2019-20
1610612743,Denver Nuggets,19,9,10,0.474,48.3,0.608,0.392,0.495,0.129,0.342,0.086,0.163,0.143,0.366,0.489,0.511,0.777,0.223,0.58,0.42,3,4,16,7,10,4,13,4,3,11,10,11,9,11,9,8,10,7,9,8,2019-20
1610612745,Houston Rockets,12,5,7,0.417,48.4,0.455,0.545,0.381,0.034,0.471,0.078,0.148,0.18,0.347,0.382,0.618,0.798,0.202,0.57,0.43,6,7,13,10,8,16,1,16,15,1,12,16,1,13,14,3,9,8,10,7,2019-20
1610612754,Indiana Pacers,4,0,4,0.0,48.0,0.601,0.399,0.486,0.109,0.357,0.129,0.156,0.164,0.377,0.541,0.459,0.771,0.229,0.616,0.384,14,14,1,14,11,5,12,7,6,7,3,14,3,7,2,15,11,6,6,11,2019-20
1610612746,LA Clippers,13,7,6,0.538,48.4,0.62,0.38,0.506,0.105,0.318,0.115,0.176,0.13,0.401,0.373,0.627,0.86,0.14,0.517,0.483,5,5,12,5,9,3,14,2,8,15,6,6,12,2,15,2,2,15,13,4,2019-20
1610612747,Los Angeles Lakers,21,16,5,0.762,48.0,0.593,0.407,0.513,0.091,0.322,0.134,0.165,0.156,0.422,0.533,0.467,0.843,0.157,0.624,0.376,1,1,10,1,11,6,11,1,11,14,2,8,4,1,4,13,4,13,5,12,2019-20
1610612748,Miami Heat,21,14,7,0.667,48.5,0.567,0.433,0.454,0.086,0.348,0.082,0.198,0.146,0.368,0.536,0.464,0.903,0.097,0.66,0.34,1,2,13,2,7,11,6,11,13,8,11,2,7,9,3,14,1,16,2,15,2019-20
1610612749,Milwaukee Bucks,10,5,5,0.5,48.5,0.574,0.426,0.482,0.103,0.359,0.093,0.158,0.149,0.38,0.496,0.504,0.827,0.173,0.606,0.394,8,7,10,6,6,8,9,8,9,6,8,13,6,6,8,9,6,11,7,10,2019-20
1610612760,Oklahoma City Thunder,7,3,4,0.429,48.7,0.572,0.428,0.475,0.129,0.346,0.058,0.179,0.111,0.346,0.358,0.642,0.75,0.25,0.486,0.514,9,9,1,8,4,9,8,10,4,9,15,5,15,14,16,1,14,3,15,2,2019-20
1610612753,Orlando Magic,5,1,4,0.2,48.0,0.551,0.449,0.415,0.157,0.421,0.09,0.164,0.166,0.258,0.514,0.486,0.827,0.173,0.64,0.36,12,12,1,12,11,12,5,14,1,3,9,9,2,16,6,11,7,10,3,14,2019-20
1610612755,Philadelphia 76ers,4,0,4,0.0,48.0,0.64,0.36,0.502,0.129,0.239,0.047,0.259,0.127,0.373,0.426,0.574,0.844,0.156,0.526,0.474,14,14,1,14,11,2,15,3,2,16,16,1,13,8,11,6,3,14,12,5,2019-20
1610612757,Portland Trail Blazers,5,1,4,0.2,48.0,0.653,0.347,0.488,0.128,0.326,0.109,0.186,0.156,0.36,0.385,0.615,0.672,0.328,0.473,0.527,12,12,1,12,11,1,16,6,5,13,7,3,5,12,13,4,16,1,16,1,2019-20
1610612761,Toronto Raptors,11,7,4,0.636,48.9,0.545,0.455,0.447,0.08,0.401,0.128,0.151,0.143,0.367,0.52,0.48,0.826,0.174,0.635,0.365,7,5,1,3,1,13,4,12,14,5,4,15,8,10,5,12,8,9,4,13,2019-20
1610612762,Utah Jazz,7,3,4,0.429,48.7,0.545,0.455,0.426,0.033,0.416,0.074,0.159,0.132,0.393,0.444,0.556,0.682,0.318,0.538,0.462,9,9,1,8,4,14,3,13,16,4,13,12,11,3,10,7,15,2,11,6,2019-20
1610612737,Atlanta Hawks,18,10,8,0.556,48.0,0.606,0.394,0.512,0.128,0.331,0.09,0.157,0.137,0.385,0.439,0.561,0.706,0.294,0.519,0.481,4,3,14,5,6,7,10,6,3,9,11,10,6,10,13,4,11,6,14,3,2020-21
1610612738,Boston Celtics,5,1,4,0.2,48.0,0.585,0.415,0.456,0.1,0.342,0.102,0.201,0.128,0.357,0.469,0.531,0.703,0.297,0.547,0.453,12,12,1,12,6,12,5,13,8,8,6,1,9,13,9,8,13,4,8,9,2020-21
1610612751,Brooklyn Nets,12,7,5,0.583,48.4,0.587,0.413,0.481,0.124,0.362,0.079,0.156,0.147,0.357,0.48,0.52,0.706,0.294,0.555,0.445,5,5,9,3,5,11,6,10,4,7,13,11,3,12,6,11,12,5,6,11,2020-21
1610612742,Dallas Mavericks,7,3,4,0.429,48.0,0.593,0.407,0.482,0.092,0.384,0.051,0.133,0.106,0.391,0.469,0.531,0.642,0.358,0.529,0.471,9,9,1,8,6,10,7,9,11,4,16,16,14,9,8,9,14,3,13,4,2020-21
1610612743,Denver Nuggets,10,4,6,0.4,49.0,0.582,0.418,0.477,0.085,0.384,0.095,0.139,0.101,0.392,0.453,0.547,0.85,0.15,0.591,0.409,8,8,12,9,3,13,4,11,12,3,8,14,16,8,12,5,3,14,2,15,2020-21
1610612746,LA Clippers,19,10,9,0.526,48.0,0.556,0.444,0.453,0.104,0.372,0.09,0.175,0.131,0.349,0.379,0.621,0.81,0.19,0.532,0.468,3,3,16,7,6,15,2,14,6,5,10,5,7,14,16,1,6,11,12,5,2020-21
1610612747,Los Angeles Lakers,6,2,4,0.333,48.0,0.604,0.396,0.503,0.044,0.303,0.125,0.195,0.14,0.458,0.483,0.517,0.763,0.237,0.563,0.437,10,10,1,10,6,8,9,7,15,13,4,3,4,3,3,14,9,8,5,12,2020-21
1610612763,Memphis Grizzlies,5,1,4,0.2,48.0,0.665,0.335,0.588,0.077,0.271,0.13,0.141,0.151,0.511,0.391,0.609,0.846,0.154,0.498,0.502,12,12,1,12,6,3,14,2,14,15,1,13,2,1,14,3,4,13,15,2,2020-21
1610612748,Miami Heat,4,0,4,0.0,49.3,0.599,0.401,0.474,0.097,0.367,0.089,0.158,0.161,0.378,0.505,0.495,0.813,0.188,0.61,0.39,16,16,1,16,2,9,8,12,9,6,12,9,1,11,1,16,5,12,1,16,2020-21
1610612749,Milwaukee Bucks,23,16,7,0.696,48.4,0.616,0.384,0.56,0.102,0.305,0.129,0.135,0.128,0.457,0.461,0.539,0.767,0.233,0.542,0.458,1,1,13,1,4,6,11,3,7,12,3,15,8,4,11,6,8,9,10,7,2020-21
1610612752,New York Knicks,5,1,4,0.2,48.0,0.648,0.352,0.495,0.095,0.322,0.062,0.184,0.103,0.4,0.467,0.533,0.712,0.288,0.541,0.459,12,12,1,12,6,5,12,8,10,10,15,4,15,6,10,7,10,7,11,6,2020-21
1610612755,Philadelphia 76ers,12,7,5,0.583,48.0,0.669,0.331,0.539,0.115,0.288,0.123,0.173,0.125,0.424,0.481,0.519,0.881,0.119,0.586,0.414,5,5,9,3,6,2,15,5,5,14,5,6,10,5,5,12,2,15,3,14,2020-21
1610612756,Phoenix Suns,22,14,8,0.636,48.0,0.65,0.35,0.545,0.146,0.308,0.096,0.147,0.14,0.399,0.479,0.521,0.805,0.195,0.568,0.432,2,2,14,2,6,4,13,4,2,11,7,12,5,7,7,10,7,10,4,13,2020-21
1610612757,Portland Trail Blazers,6,2,4,0.333,49.7,0.557,0.443,0.432,0.084,0.406,0.091,0.162,0.121,0.349,0.484,0.516,0.639,0.361,0.544,0.456,10,10,1,10,1,14,3,15,13,2,9,8,11,15,2,15,15,2,9,8,2020-21
1610612762,Utah Jazz,11,6,5,0.545,48.0,0.482,0.518,0.372,0.034,0.462,0.072,0.166,0.113,0.337,0.389,0.611,0.621,0.379,0.494,0.506,7,7,9,6,6,16,1,16,16,1,14,7,12,16,15,2,16,1,16,1,2020-21
1610612764,Washington Wizards,5,1,4,0.2,48.0,0.727,0.273,0.611,0.149,0.191,0.129,0.198,0.109,0.462,0.482,0.518,0.886,0.114,0.552,0.448,12,12,1,12,6,1,16,1,1,16,2,2,13,2,4,13,1,16,7,10,2020-21
1610612737,Atlanta Hawks,5,1,4,0.2,48.0,0.552,0.448,0.472,0.115,0.351,0.074,0.177,0.187,0.357,0.443,0.557,0.737,0.263,0.541,0.459,13,13,1,13,3,14,3,12,6,6,15,7,1,13,12,5,15,2,13,4,2021-22
1610612738,Boston Celtics,24,14,10,0.583,48.0,0.552,0.448,0.437,0.076,0.388,0.118,0.175,0.153,0.361,0.566,0.434,0.838,0.162,0.667,0.333,1,2,16,3,3,15,2,14,11,2,6,8,8,12,3,14,5,12,1,16,2021-22
1610612751,Brooklyn Nets,4,0,4,0.0,48.0,0.651,0.349,0.509,0.188,0.317,0.128,0.174,0.149,0.321,0.477,0.523,0.783,0.217,0.567,0.433,16,16,1,16,3,3,14,9,2,9,5,9,9,16,10,7,12,5,10,7,2021-22
1610612741,Chicago Bulls,5,1,4,0.2,48.0,0.592,0.408,0.546,0.202,0.328,0.086,0.126,0.143,0.345,0.5,0.5,0.962,0.038,0.632,0.368,13,13,1,13,3,10,7,3,1,8,12,16,12,14,7,9,1,16,5,12,2021-22
1610612742,Dallas Mavericks,18,9,9,0.5,48.0,0.487,0.513,0.386,0.052,0.445,0.08,0.169,0.146,0.333,0.341,0.659,0.771,0.229,0.528,0.472,3,4,15,6,3,16,1,16,13,1,14,10,11,15,16,1,13,4,15,2,2021-22
1610612743,Denver Nuggets,5,1,4,0.2,48.0,0.621,0.379,0.513,0.076,0.305,0.096,0.182,0.14,0.436,0.525,0.475,0.911,0.089,0.635,0.365,13,13,1,13,3,6,11,8,10,12,11,5,13,4,6,11,2,15,3,14,2021-22
1610612744,Golden State Warriors,22,16,6,0.727,48.0,0.567,0.433,0.489,0.093,0.375,0.107,0.135,0.148,0.396,0.585,0.415,0.786,0.214,0.653,0.347,2,1,10,1,3,12,5,10,8,4,8,15,10,10,1,16,9,8,2,15,2021-22
1610612763,Memphis Grizzlies,12,6,6,0.5,48.0,0.608,0.392,0.474,0.037,0.349,0.133,0.177,0.186,0.437,0.544,0.456,0.815,0.185,0.633,0.367,6,7,10,6,3,8,9,11,16,7,4,6,2,3,4,13,8,9,4,13,2021-22
1610612748,Miami Heat,18,11,7,0.611,48.0,0.592,0.408,0.52,0.094,0.313,0.108,0.166,0.18,0.426,0.48,0.52,0.816,0.184,0.576,0.424,3,3,14,2,3,9,8,7,7,10,7,11,3,7,9,8,7,10,9,8,2021-22
1610612749,Milwaukee Bucks,12,7,5,0.583,48.0,0.633,0.367,0.543,0.086,0.309,0.141,0.148,0.16,0.457,0.427,0.573,0.843,0.157,0.541,0.459,6,5,9,3,3,4,13,4,9,11,2,13,7,2,13,4,4,13,12,5,2021-22
1610612750,Minnesota Timberwolves,6,2,4,0.333,48.0,0.565,0.435,0.412,0.049,0.38,0.107,0.208,0.169,0.363,0.533,0.467,0.783,0.217,0.628,0.372,9,9,1,9,3,13,4,15,15,3,9,2,4,11,5,12,11,6,6,11,2021-22
1610612740,New Orleans Pelicans,6,2,4,0.333,48.0,0.688,0.312,0.54,0.121,0.255,0.103,0.205,0.109,0.419,0.461,0.539,0.821,0.179,0.547,0.453,9,9,1,9,3,1,16,6,4,15,10,3,15,8,11,6,6,11,11,6,2021-22
1610612755,Philadelphia 76ers,12,6,6,0.5,48.4,0.574,0.426,0.459,0.061,0.356,0.144,0.184,0.116,0.399,0.5,0.5,0.785,0.215,0.597,0.403,6,7,10,6,2,11,6,13,12,5,1,4,14,9,7,9,10,7,8,9,2021-22
1610612756,Phoenix Suns,13,7,6,0.538,48.0,0.672,0.328,0.582,0.153,0.274,0.083,0.144,0.163,0.429,0.582,0.418,0.758,0.242,0.624,0.376,5,5,10,5,3,2,15,1,3,14,13,14,6,6,2,15,14,3,7,10,2021-22
1610612761,Toronto Raptors,6,2,4,0.333,48.8,0.618,0.382,0.553,0.116,0.286,0.134,0.162,0.165,0.436,0.421,0.579,0.881,0.119,0.539,0.461,9,9,1,9,1,7,10,2,5,13,3,12,5,5,14,3,3,14,14,3,2021-22
1610612762,Utah Jazz,6,2,4,0.333,48.0,0.622,0.378,0.542,0.051,0.247,0.066,0.21,0.086,0.492,0.416,0.584,0.735,0.265,0.49,0.51,9,9,1,9,3,5,12,5,14,16,16,1,16,1,15,2,16,1,16,1,2021-22
1610612737,Atlanta Hawks,6,2,4,0.333,48.0,0.612,0.388,0.518,0.112,0.363,0.089,0.119,0.135,0.406,0.472,0.528,0.738,0.262,0.557,0.443,10,10,1,10,9,5,12,5,2,5,16,16,12,11,12,5,16,1,12,5,2022-23
1610612738,Boston Celtics,20,11,9,0.55,48.3,0.548,0.452,0.479,0.055,0.377,0.127,0.145,0.14,0.423,0.491,0.509,0.783,0.217,0.591,0.409,1,3,16,4,7,15,2,14,14,3,5,12,10,9,10,7,12,5,10,7,2022-23
1610612751,Brooklyn Nets,4,0,4,0.0,48.0,0.553,0.447,0.492,0.108,0.365,0.127,0.143,0.181,0.384,0.571,0.429,0.822,0.178,0.654,0.346,16,16,1,16,9,14,3,12,3,4,6,13,1,16,2,15,5,12,2,15,2022-23
1610612739,Cleveland Cavaliers,5,1,4,0.2,48.0,0.61,0.39,0.535,0.076,0.318,0.117,0.146,0.161,0.459,0.556,0.444,0.8,0.2,0.625,0.375,12,12,1,12,9,7,10,4,12,11,9,10,3,3,3,14,9,8,3,14,2022-23
1610612743,Denver Nuggets,17,13,4,0.765,48.3,0.644,0.356,0.537,0.094,0.308,0.141,0.155,0.124,0.443,0.527,0.473,0.811,0.189,0.605,0.395,3,1,1,1,6,3,14,3,6,13,4,8,16,5,4,13,7,10,7,10,2022-23
1610612744,Golden State Warriors,13,6,7,0.462,48.0,0.546,0.454,0.486,0.093,0.384,0.097,0.131,0.129,0.393,0.619,0.381,0.771,0.229,0.672,0.328,5,6,13,8,9,16,1,13,7,2,14,14,13,13,1,16,13,4,1,16,2022-23
1610612746,LA Clippers,5,1,4,0.2,48.0,0.619,0.381,0.495,0.062,0.317,0.114,0.189,0.125,0.433,0.42,0.58,0.787,0.213,0.529,0.471,12,12,1,12,9,4,13,10,13,12,10,2,15,6,14,3,11,6,15,2,2022-23
1610612747,Los Angeles Lakers,16,8,8,0.5,48.3,0.653,0.347,0.551,0.098,0.27,0.142,0.179,0.141,0.453,0.517,0.483,0.883,0.117,0.607,0.393,4,4,15,7,5,2,15,2,5,15,3,3,9,4,5,12,1,16,6,11,2022-23
1610612763,Memphis Grizzlies,6,2,4,0.333,48.8,0.596,0.404,0.503,0.035,0.344,0.148,0.153,0.146,0.468,0.506,0.494,0.833,0.167,0.609,0.391,10,10,1,10,3,11,6,9,16,8,2,9,7,1,8,9,2,15,5,12,2022-23
1610612748,Miami Heat,20,13,7,0.65,48.3,0.608,0.392,0.493,0.102,0.36,0.094,0.146,0.169,0.391,0.487,0.513,0.808,0.192,0.592,0.408,1,1,13,2,7,8,9,11,4,6,15,11,2,15,11,6,8,9,9,8,2022-23
1610612749,Milwaukee Bucks,5,1,4,0.2,49.0,0.555,0.445,0.478,0.081,0.394,0.103,0.128,0.16,0.397,0.507,0.493,0.795,0.205,0.609,0.391,12,12,1,12,1,13,4,16,11,1,12,15,4,12,7,10,10,7,4,13,2022-23
1610612750,Minnesota Timberwolves,5,1,4,0.2,49.0,0.61,0.39,0.505,0.042,0.319,0.102,0.176,0.142,0.463,0.504,0.496,0.821,0.179,0.598,0.402,12,12,1,12,1,6,11,8,15,10,13,4,8,2,9,8,6,11,8,9,2022-23
1610612752,New York Knicks,11,6,5,0.545,48.0,0.598,0.402,0.514,0.084,0.286,0.122,0.2,0.149,0.431,0.42,0.58,0.829,0.171,0.531,0.469,6,6,11,5,9,9,8,6,9,14,7,1,5,7,13,4,3,14,14,3,2022-23
1610612755,Philadelphia 76ers,11,7,4,0.636,48.5,0.596,0.404,0.479,0.087,0.356,0.109,0.165,0.147,0.392,0.411,0.589,0.739,0.261,0.52,0.48,6,5,1,3,4,10,7,15,8,7,11,6,6,14,16,1,15,2,16,1,2022-23
1610612756,Phoenix Suns,11,6,5,0.545,48.0,0.703,0.297,0.591,0.185,0.246,0.16,0.163,0.126,0.406,0.515,0.485,0.767,0.233,0.57,0.43,6,6,11,5,9,1,16,1,1,16,1,7,14,10,6,11,14,3,11,6,2022-23
1610612758,Sacramento Kings,7,3,4,0.429,48.0,0.584,0.416,0.508,0.083,0.32,0.118,0.172,0.136,0.425,0.416,0.584,0.824,0.176,0.537,0.463,9,9,1,9,9,12,5,7,10,9,8,5,11,8,15,2,4,13,13,4,2022-23
